road_id,from_node,to_node,distance_km,road_type,lanes,speed_limit_kmh,status,traffic_level,road_purpose,blocked_binary,traffic_score,emergency_access
R00001,N0001,N0002,0.285,Emergency_Road,2,60,Open,Low,Normal,0,1,0
R00002,N0001,N0051,0.385,Primary,2,60,Open,Low,Normal,0,1,0
R00003,N0002,N0003,0.429,Residential,1,30,Open,Low,Normal,0,1,0
R00004,N0002,N0052,0.364,Tertiary,1,40,Open,Low,Normal,0,1,0
R00005,N0003,N0004,0.434,Tertiary,1,40,Open,Low,Normal,0,1,0
R00006,N0003,N0053,0.395,Emergency_Road,2,60,Open,Low,Normal,0,1,0
R00007,N0004,N0005,0.41,Emergency_Road,2,60,Open,Low,Normal,0,1,0
R00008,N0004,N0054,0.192,Service,1,20,Open,Low,Normal,0,1,0
R00009,N0005,N0006,0.579,Primary,2,60,Open,Low,Normal,0,1,0
R00010,N0005,N0055,0.241,Emergency_Road,2,60,Open,Low,Normal,0,1,0
R00011,N0006,N0007,0.182,Motorway,3,80,Open,Low,Normal,0,1,0
R00012,N0006,N0056,0.288,Primary,2,60,Open,Low,Normal,0,1,0
R00013,N0007,N0008,0.496,Tertiary,1,40,Open,Low,Normal,0,1,0
R00014,N0007,N0057,0.311,Emergency_Road,2,60,Open,Low,Normal,0,1,0
R00015,N0008,N0009,0.255,Motorway,3,80,Open,Low,Normal,0,1,0
R00016,N0008,N0058,0.286,Industrial,2,40,Open,Low,Normal,0,1,0
R00017,N0009,N0010,0.604,Tertiary,1,40,Open,Low,Normal,0,1,0
R00018,N0009,N0059,0.357,Primary,2,60,Open,Low,Normal,0,1,0
R00019,N0010,N0011,0.196,Primary,2,60,Open,Low,Normal,0,1,0
R00020,N0010,N0060,0.541,Service,1,20,Open,Low,Normal,0,1,0
R00021,N0011,N0012,0.476,Service,1,20,Open,Low,Normal,0,1,0
R00022,N0011,N0061,0.575,Primary,2,60,Open,Low,Normal,0,1,0
R00023,N0012,N0013,0.279,Secondary,2,50,Open,Low,Normal,0,1,0
R00024,N0012,N0062,0.543,Primary,2,60,Open,Low,Normal,0,1,0
R00025,N0013,N0014,0.51,Residential,1,30,Open,Low,Normal,0,1,0
R00026,N0013,N0063,0.341,Service,1,20,Open,Low,Normal,0,1,0
R00027,N0014,N0015,0.343,Motorway,3,80,Open,Low,Normal,0,1,0
R00028,N0014,N0064,0.304,Motorway,3,80,Open,Low,Normal,0,1,0
R00029,N0015,N0016,0.416,Service,1,20,Open,Low,Normal,0,1,0
R00030,N0015,N0065,0.438,Primary,2,60,Open,Low,Normal,0,1,0
R00031,N0016,N0017,0.567,Primary,2,60,Open,Low,Normal,0,1,0
R00032,N0016,N0066,0.443,Service,1,20,Open,Low,Normal,0,1,0
R00033,N0017,N0018,0.318,Secondary,2,50,Open,Low,Normal,0,1,0
R00034,N0017,N0067,0.408,Residential,1,30,Open,Low,Normal,0,1,0
R00035,N0018,N0019,0.608,Tertiary,1,40,Open,Low,Normal,0,1,0
R00036,N0018,N0068,0.339,Primary,2,60,Open,Low,Normal,0,1,0
R00037,N0019,N0020,0.633,Emergency_Road,2,60,Open,Low,Normal,0,1,0
R00038,N0019,N0069,0.437,Secondary,2,50,Open,Low,Normal,0,1,0
R00039,N0020,N0021,0.352,Service,1,20,Open,Low,Normal,0,1,0
R00040,N0020,N0070,0.565,Emergency_Road,2,60,Open,Low,Normal,0,1,0
R00041,N0021,N0022,0.38,Motorway,3,80,Open,Low,Normal,0,1,0
R00042,N0021,N0071,0.638,Service,1,20,Open,Low,Normal,0,1,0
R00043,N0022,N0023,0.635,Secondary,2,50,Open,Low,Normal,0,1,0
R00044,N0022,N0072,0.316,Residential,1,30,Open,Low,Normal,0,1,0
R00045,N0023,N0024,0.573,Industrial,2,40,Open,Low,Normal,0,1,0
R00046,N0023,N0073,0.649,Emergency_Road,2,60,Open,Low,Normal,0,1,0
R00047,N0024,N0025,0.313,Industrial,2,40,Open,Low,Normal,0,1,0
R00048,N0024,N0074,0.458,Tertiary,1,40,Open,Low,Normal,0,1,0
R00049,N0025,N0026,0.513,Motorway,3,80,Open,Low,Normal,0,1,0
R00050,N0025,N0075,0.195,Service,1,20,Open,Low,Normal,0,1,0
R00051,N0026,N0027,0.586,Emergency_Road,2,60,Open,Low,Normal,0,1,0
R00052,N0026,N0076,0.385,Emergency_Road,2,60,Open,Low,Normal,0,1,0
R00053,N0027,N0028,0.303,Tertiary,1,40,Open,Low,Normal,0,1,0
R00054,N0027,N0077,0.549,Primary,2,60,Open,Low,Normal,0,1,0
R00055,N0028,N0029,0.562,Residential,1,30,Open,Low,Normal,0,1,0
R00056,N0028,N0078,0.431,Industrial,2,40,Open,Low,Normal,0,1,0
R00057,N0029,N0030,0.319,Emergency_Road,2,60,Open,Low,Normal,0,1,0
R00058,N0029,N0079,0.29,Primary,2,60,Open,Low,Normal,0,1,0
R00059,N0030,N0031,0.329,Industrial,2,40,Open,Low,Normal,0,1,0
R00060,N0030,N0080,0.362,Secondary,2,50,Open,Low,Normal,0,1,0
R00061,N0031,N0032,0.61,Service,1,20,Open,Low,Normal,0,1,0
R00062,N0031,N0081,0.621,Motorway,3,80,Open,Low,Normal,0,1,0
R00063,N0032,N0033,0.529,Primary,2,60,Open,Low,Normal,0,1,0
R00064,N0032,N0082,0.21,Tertiary,1,40,Open,Low,Normal,0,1,0
R00065,N0033,N0034,0.501,Secondary,2,50,Open,Low,Normal,0,1,0
R00066,N0033,N0083,0.491,Emergency_Road,2,60,Open,Low,Normal,0,1,0
R00067,N0034,N0035,0.577,Residential,1,30,Open,Low,Normal,0,1,0
R00068,N0034,N0084,0.251,Tertiary,1,40,Open,Low,Normal,0,1,0
R00069,N0035,N0036,0.487,Motorway,3,80,Open,Low,Normal,0,1,0
R00070,N0035,N0085,0.39,Primary,2,60,Open,Low,Normal,0,1,0
R00071,N0036,N0037,0.608,Secondary,2,50,Open,Low,Normal,0,1,0
R00072,N0036,N0086,0.439,Tertiary,1,40,Open,Low,Normal,0,1,0
R00073,N0037,N0038,0.396,Primary,2,60,Open,Low,Normal,0,1,0
R00074,N0037,N0087,0.533,Primary,2,60,Open,Low,Normal,0,1,0
R00075,N0038,N0039,0.261,Service,1,20,Open,Low,Normal,0,1,0
R00076,N0038,N0088,0.342,Emergency_Road,2,60,Open,Low,Normal,0,1,0
R00077,N0039,N0040,0.253,Residential,1,30,Open,Low,Normal,0,1,0
R00078,N0039,N0089,0.591,Primary,2,60,Open,Low,Normal,0,1,0
R00079,N0040,N0041,0.193,Industrial,2,40,Open,Low,Normal,0,1,0
R00080,N0040,N0090,0.203,Residential,1,30,Open,Low,Normal,0,1,0
R00081,N0041,N0042,0.277,Industrial,2,40,Open,Low,Normal,0,1,0
R00082,N0041,N0091,0.233,Residential,1,30,Open,Low,Normal,0,1,0
R00083,N0042,N0043,0.585,Tertiary,1,40,Open,Low,Normal,0,1,0
R00084,N0042,N0092,0.419,Motorway,3,80,Open,Low,Normal,0,1,0
R00085,N0043,N0044,0.278,Tertiary,1,40,Open,Low,Normal,0,1,0
R00086,N0043,N0093,0.635,Industrial,2,40,Open,Low,Normal,0,1,0
R00087,N0044,N0045,0.496,Primary,2,60,Open,Low,Normal,0,1,0
R00088,N0044,N0094,0.209,Service,1,20,Open,Low,Normal,0,1,0
R00089,N0045,N0046,0.302,Motorway,3,80,Open,Low,Normal,0,1,0
R00090,N0045,N0095,0.593,Emergency_Road,2,60,Open,Low,Normal,0,1,0
R00091,N0046,N0047,0.476,Residential,1,30,Open,Low,Normal,0,1,0
R00092,N0046,N0096,0.646,Service,1,20,Open,Low,Normal,0,1,0
R00093,N0047,N0048,0.521,Secondary,2,50,Open,Low,Normal,0,1,0
R00094,N0047,N0097,0.3,Tertiary,1,40,Open,Low,Normal,0,1,0
R00095,N0048,N0049,0.588,Secondary,2,50,Open,Low,Normal,0,1,0
R00096,N0048,N0098,0.504,Industrial,2,40,Open,Low,Normal,0,1,0
R00097,N0049,N0050,0.217,Tertiary,1,40,Open,Low,Normal,0,1,0
R00098,N0049,N0099,0.182,Primary,2,60,Open,Low,Normal,0,1,0
R00099,N0050,N0100,0.43,Service,1,20,Open,Low,Normal,0,1,0
R00100,N0051,N0052,0.414,Primary,2,60,Open,Low,Normal,0,1,0
R00101,N0051,N0101,0.348,Residential,1,30,Open,Low,Normal,0,1,0
R00102,N0052,N0053,0.237,Industrial,2,40,Open,Low,Normal,0,1,0
R00103,N0052,N0102,0.317,Emergency_Road,2,60,Open,Low,Normal,0,1,0
R00104,N0053,N0054,0.229,Residential,1,30,Open,Low,Normal,0,1,0
R00105,N0053,N0103,0.215,Motorway,3,80,Open,Low,Normal,0,1,0
R00106,N0054,N0055,0.267,Motorway,3,80,Open,Low,Normal,0,1,0
R00107,N0054,N0104,0.363,Service,1,20,Open,Low,Normal,0,1,0
R00108,N0055,N0056,0.191,Residential,1,30,Open,Low,Normal,0,1,0
R00109,N0055,N0105,0.39,Industrial,2,40,Open,Low,Normal,0,1,0
R00110,N0056,N0057,0.423,Primary,2,60,Open,Low,Normal,0,1,0
R00111,N0056,N0106,0.501,Industrial,2,40,Open,Low,Normal,0,1,0
R00112,N0057,N0058,0.435,Motorway,3,80,Open,Low,Normal,0,1,0
R00113,N0057,N0107,0.277,Residential,1,30,Open,Low,Normal,0,1,0
R00114,N0058,N0059,0.387,Tertiary,1,40,Open,Low,Normal,0,1,0
R00115,N0058,N0108,0.27,Secondary,2,50,Open,Low,Normal,0,1,0
R00116,N0059,N0060,0.2,Tertiary,1,40,Open,Low,Normal,0,1,0
R00117,N0059,N0109,0.231,Emergency_Road,2,60,Open,Low,Normal,0,1,0
R00118,N0060,N0061,0.266,Residential,1,30,Open,Low,Normal,0,1,0
R00119,N0060,N0110,0.254,Residential,1,30,Open,Low,Normal,0,1,0
R00120,N0061,N0062,0.3,Service,1,20,Open,Low,Normal,0,1,0
R00121,N0061,N0111,0.414,Tertiary,1,40,Open,Low,Normal,0,1,0
R00122,N0062,N0063,0.633,Industrial,2,40,Open,Low,Normal,0,1,0
R00123,N0062,N0112,0.3,Service,1,20,Open,Low,Normal,0,1,0
R00124,N0063,N0064,0.608,Residential,1,30,Open,Low,Normal,0,1,0
R00125,N0063,N0113,0.349,Residential,1,30,Open,Low,Normal,0,1,0
R00126,N0064,N0065,0.416,Tertiary,1,40,Open,Low,Normal,0,1,0
R00127,N0064,N0114,0.635,Service,1,20,Open,Low,Normal,0,1,0
R00128,N0065,N0066,0.271,Motorway,3,80,Open,Low,Normal,0,1,0
R00129,N0065,N0115,0.339,Emergency_Road,2,60,Open,Low,Normal,0,1,0
R00130,N0066,N0067,0.187,Service,1,20,Open,Low,Normal,0,1,0
R00131,N0066,N0116,0.367,Industrial,2,40,Open,Low,Normal,0,1,0
R00132,N0067,N0068,0.286,Motorway,3,80,Open,Low,Normal,0,1,0
R00133,N0067,N0117,0.646,Secondary,2,50,Open,Low,Normal,0,1,0
R00134,N0068,N0069,0.608,Residential,1,30,Open,Low,Normal,0,1,0
R00135,N0068,N0118,0.235,Service,1,20,Open,Low,Normal,0,1,0
R00136,N0069,N0070,0.546,Industrial,2,40,Open,Low,Normal,0,1,0
R00137,N0069,N0119,0.62,Motorway,3,80,Open,Low,Normal,0,1,0
R00138,N0070,N0071,0.451,Service,1,20,Open,Low,Normal,0,1,0
R00139,N0070,N0120,0.56,Industrial,2,40,Open,Low,Normal,0,1,0
R00140,N0071,N0072,0.253,Industrial,2,40,Open,Low,Normal,0,1,0
R00141,N0071,N0121,0.37,Primary,2,60,Open,Low,Normal,0,1,0
R00142,N0072,N0073,0.254,Motorway,3,80,Open,Low,Normal,0,1,0
R00143,N0072,N0122,0.471,Industrial,2,40,Open,Low,Normal,0,1,0
R00144,N0073,N0074,0.4,Tertiary,1,40,Open,Low,Normal,0,1,0
R00145,N0073,N0123,0.521,Residential,1,30,Open,Low,Normal,0,1,0
R00146,N0074,N0075,0.181,Tertiary,1,40,Open,Low,Normal,0,1,0
R00147,N0074,N0124,0.293,Motorway,3,80,Open,Low,Normal,0,1,0
R00148,N0075,N0076,0.208,Primary,2,60,Open,Low,Normal,0,1,0
R00149,N0075,N0125,0.453,Service,1,20,Open,Low,Normal,0,1,0
R00150,N0076,N0077,0.615,Service,1,20,Open,Low,Normal,0,1,0
R00151,N0076,N0126,0.245,Service,1,20,Open,Low,Normal,0,1,0
R00152,N0077,N0078,0.498,Tertiary,1,40,Open,Low,Normal,0,1,0
R00153,N0077,N0127,0.43,Emergency_Road,2,60,Open,Low,Normal,0,1,0
R00154,N0078,N0079,0.335,Service,1,20,Open,Low,Normal,0,1,0
R00155,N0078,N0128,0.488,Emergency_Road,2,60,Open,Low,Normal,0,1,0
R00156,N0079,N0080,0.569,Emergency_Road,2,60,Open,Low,Normal,0,1,0
R00157,N0079,N0129,0.296,Service,1,20,Open,Low,Normal,0,1,0
R00158,N0080,N0081,0.242,Secondary,2,50,Open,Low,Normal,0,1,0
R00159,N0080,N0130,0.448,Emergency_Road,2,60,Open,Low,Normal,0,1,0
R00160,N0081,N0082,0.238,Primary,2,60,Open,Low,Normal,0,1,0
R00161,N0081,N0131,0.586,Primary,2,60,Open,Low,Normal,0,1,0
R00162,N0082,N0083,0.315,Secondary,2,50,Open,Low,Normal,0,1,0
R00163,N0082,N0132,0.286,Primary,2,60,Open,Low,Normal,0,1,0
R00164,N0083,N0084,0.229,Primary,2,60,Open,Low,Normal,0,1,0
R00165,N0083,N0133,0.306,Emergency_Road,2,60,Open,Low,Normal,0,1,0
R00166,N0084,N0085,0.342,Emergency_Road,2,60,Open,Low,Normal,0,1,0
R00167,N0084,N0134,0.275,Emergency_Road,2,60,Open,Low,Normal,0,1,0
R00168,N0085,N0086,0.229,Emergency_Road,2,60,Open,Low,Normal,0,1,0
R00169,N0085,N0135,0.24,Motorway,3,80,Open,Low,Normal,0,1,0
R00170,N0086,N0087,0.295,Industrial,2,40,Open,Low,Normal,0,1,0
R00171,N0086,N0136,0.182,Secondary,2,50,Open,Low,Normal,0,1,0
R00172,N0087,N0088,0.312,Motorway,3,80,Open,Low,Normal,0,1,0
R00173,N0087,N0137,0.268,Primary,2,60,Open,Low,Normal,0,1,0
R00174,N0088,N0089,0.486,Primary,2,60,Open,Low,Normal,0,1,0
R00175,N0088,N0138,0.198,Emergency_Road,2,60,Open,Low,Normal,0,1,0
R00176,N0089,N0090,0.238,Service,1,20,Open,Low,Normal,0,1,0
R00177,N0089,N0139,0.332,Tertiary,1,40,Open,Low,Normal,0,1,0
R00178,N0090,N0091,0.502,Service,1,20,Open,Low,Normal,0,1,0
R00179,N0090,N0140,0.306,Emergency_Road,2,60,Open,Low,Normal,0,1,0
R00180,N0091,N0092,0.241,Tertiary,1,40,Open,Low,Normal,0,1,0
R00181,N0091,N0141,0.229,Secondary,2,50,Open,Low,Normal,0,1,0
R00182,N0092,N0093,0.333,Industrial,2,40,Open,Low,Normal,0,1,0
R00183,N0092,N0142,0.198,Emergency_Road,2,60,Open,Low,Normal,0,1,0
R00184,N0093,N0094,0.204,Service,1,20,Open,Low,Normal,0,1,0
R00185,N0093,N0143,0.613,Primary,2,60,Open,Low,Normal,0,1,0
R00186,N0094,N0095,0.278,Emergency_Road,2,60,Open,Low,Normal,0,1,0
R00187,N0094,N0144,0.603,Motorway,3,80,Open,Low,Normal,0,1,0
R00188,N0095,N0096,0.245,Service,1,20,Open,Low,Normal,0,1,0
R00189,N0095,N0145,0.45,Emergency_Road,2,60,Open,Low,Normal,0,1,0
R00190,N0096,N0097,0.577,Service,1,20,Open,Low,Normal,0,1,0
R00191,N0096,N0146,0.597,Motorway,3,80,Open,Low,Normal,0,1,0
R00192,N0097,N0098,0.422,Service,1,20,Open,Low,Normal,0,1,0
R00193,N0097,N0147,0.54,Tertiary,1,40,Open,Low,Normal,0,1,0
R00194,N0098,N0099,0.534,Residential,1,30,Open,Low,Normal,0,1,0
R00195,N0098,N0148,0.294,Service,1,20,Open,Low,Normal,0,1,0
R00196,N0099,N0100,0.324,Tertiary,1,40,Open,Low,Normal,0,1,0
R00197,N0099,N0149,0.343,Residential,1,30,Open,Low,Normal,0,1,0
R00198,N0100,N0150,0.284,Secondary,2,50,Open,Low,Normal,0,1,0
R00199,N0101,N0102,0.321,Motorway,3,80,Open,Low,Normal,0,1,0
R00200,N0101,N0151,0.223,Tertiary,1,40,Open,Low,Normal,0,1,0
R00201,N0102,N0103,0.253,Primary,2,60,Open,Low,Normal,0,1,0
R00202,N0102,N0152,0.33,Motorway,3,80,Open,Low,Normal,0,1,0
R00203,N0103,N0104,0.493,Tertiary,1,40,Open,Low,Normal,0,1,0
R00204,N0103,N0153,0.285,Service,1,20,Open,Low,Normal,0,1,0
R00205,N0104,N0105,0.392,Primary,2,60,Open,Low,Normal,0,1,0
R00206,N0104,N0154,0.217,Emergency_Road,2,60,Open,Low,Normal,0,1,0
R00207,N0105,N0106,0.634,Tertiary,1,40,Open,Low,Normal,0,1,0
R00208,N0105,N0155,0.372,Motorway,3,80,Open,Low,Normal,0,1,0
R00209,N0106,N0107,0.514,Primary,2,60,Open,Low,Normal,0,1,0
R00210,N0106,N0156,0.215,Emergency_Road,2,60,Open,Low,Normal,0,1,0
R00211,N0107,N0108,0.51,Motorway,3,80,Open,Low,Normal,0,1,0
R00212,N0107,N0157,0.393,Motorway,3,80,Open,Low,Normal,0,1,0
R00213,N0108,N0109,0.534,Residential,1,30,Open,Low,Normal,0,1,0
R00214,N0108,N0158,0.323,Secondary,2,50,Open,Low,Normal,0,1,0
R00215,N0109,N0110,0.36,Secondary,2,50,Open,Low,Normal,0,1,0
R00216,N0109,N0159,0.208,Primary,2,60,Open,Low,Normal,0,1,0
R00217,N0110,N0111,0.472,Primary,2,60,Open,Low,Normal,0,1,0
R00218,N0110,N0160,0.529,Emergency_Road,2,60,Open,Low,Normal,0,1,0
R00219,N0111,N0112,0.244,Tertiary,1,40,Open,Low,Normal,0,1,0
R00220,N0111,N0161,0.459,Industrial,2,40,Open,Low,Normal,0,1,0
R00221,N0112,N0113,0.642,Service,1,20,Open,Low,Normal,0,1,0
R00222,N0112,N0162,0.463,Service,1,20,Open,Low,Normal,0,1,0
R00223,N0113,N0114,0.623,Residential,1,30,Open,Low,Normal,0,1,0
R00224,N0113,N0163,0.414,Tertiary,1,40,Open,Low,Normal,0,1,0
R00225,N0114,N0115,0.291,Industrial,2,40,Open,Low,Normal,0,1,0
R00226,N0114,N0164,0.258,Primary,2,60,Open,Low,Normal,0,1,0
R00227,N0115,N0116,0.46,Secondary,2,50,Open,Low,Normal,0,1,0
R00228,N0115,N0165,0.568,Emergency_Road,2,60,Open,Low,Normal,0,1,0
R00229,N0116,N0117,0.32,Industrial,2,40,Open,Low,Normal,0,1,0
R00230,N0116,N0166,0.262,Emergency_Road,2,60,Open,Low,Normal,0,1,0
R00231,N0117,N0118,0.365,Residential,1,30,Open,Low,Normal,0,1,0
R00232,N0117,N0167,0.563,Industrial,2,40,Open,Low,Normal,0,1,0
R00233,N0118,N0119,0.582,Motorway,3,80,Open,Low,Normal,0,1,0
R00234,N0118,N0168,0.458,Industrial,2,40,Open,Low,Normal,0,1,0
R00235,N0119,N0120,0.485,Industrial,2,40,Open,Low,Normal,0,1,0
R00236,N0119,N0169,0.526,Tertiary,1,40,Open,Low,Normal,0,1,0
R00237,N0120,N0121,0.567,Tertiary,1,40,Open,Low,Normal,0,1,0
R00238,N0120,N0170,0.4,Secondary,2,50,Open,Low,Normal,0,1,0
R00239,N0121,N0122,0.371,Primary,2,60,Open,Low,Normal,0,1,0
R00240,N0121,N0171,0.612,Residential,1,30,Open,Low,Normal,0,1,0
R00241,N0122,N0123,0.578,Tertiary,1,40,Open,Low,Normal,0,1,0
R00242,N0122,N0172,0.343,Service,1,20,Open,Low,Normal,0,1,0
R00243,N0123,N0124,0.499,Primary,2,60,Open,Low,Normal,0,1,0
R00244,N0123,N0173,0.46,Industrial,2,40,Open,Low,Normal,0,1,0
R00245,N0124,N0125,0.189,Primary,2,60,Open,Low,Normal,0,1,0
R00246,N0124,N0174,0.191,Industrial,2,40,Open,Low,Normal,0,1,0
R00247,N0125,N0126,0.61,Emergency_Road,2,60,Open,Low,Normal,0,1,0
R00248,N0125,N0175,0.504,Service,1,20,Open,Low,Normal,0,1,0
R00249,N0126,N0127,0.295,Residential,1,30,Open,Low,Normal,0,1,0
R00250,N0126,N0176,0.201,Industrial,2,40,Open,Low,Normal,0,1,0
R00251,N0127,N0128,0.37,Secondary,2,50,Open,Low,Normal,0,1,0
R00252,N0127,N0177,0.461,Secondary,2,50,Open,Low,Normal,0,1,0
R00253,N0128,N0129,0.36,Motorway,3,80,Open,Low,Normal,0,1,0
R00254,N0128,N0178,0.469,Emergency_Road,2,60,Open,Low,Normal,0,1,0
R00255,N0129,N0130,0.216,Emergency_Road,2,60,Open,Low,Normal,0,1,0
R00256,N0129,N0179,0.37,Industrial,2,40,Open,Low,Normal,0,1,0
R00257,N0130,N0131,0.256,Industrial,2,40,Open,Low,Normal,0,1,0
R00258,N0130,N0180,0.212,Industrial,2,40,Open,Low,Normal,0,1,0
R00259,N0131,N0132,0.211,Industrial,2,40,Open,Low,Normal,0,1,0
R00260,N0131,N0181,0.193,Industrial,2,40,Open,Low,Normal,0,1,0
R00261,N0132,N0133,0.328,Residential,1,30,Open,Low,Normal,0,1,0
R00262,N0132,N0182,0.563,Secondary,2,50,Open,Low,Normal,0,1,0
R00263,N0133,N0134,0.468,Industrial,2,40,Open,Low,Normal,0,1,0
R00264,N0133,N0183,0.63,Industrial,2,40,Open,Low,Normal,0,1,0
R00265,N0134,N0135,0.599,Emergency_Road,2,60,Open,Low,Normal,0,1,0
R00266,N0134,N0184,0.482,Secondary,2,50,Open,Low,Normal,0,1,0
R00267,N0135,N0136,0.212,Tertiary,1,40,Open,Low,Normal,0,1,0
R00268,N0135,N0185,0.278,Secondary,2,50,Open,Low,Normal,0,1,0
R00269,N0136,N0137,0.465,Motorway,3,80,Open,Low,Normal,0,1,0
R00270,N0136,N0186,0.24,Industrial,2,40,Open,Low,Normal,0,1,0
R00271,N0137,N0138,0.266,Service,1,20,Open,Low,Normal,0,1,0
R00272,N0137,N0187,0.417,Motorway,3,80,Open,Low,Normal,0,1,0
R00273,N0138,N0139,0.219,Residential,1,30,Open,Low,Normal,0,1,0
R00274,N0138,N0188,0.485,Secondary,2,50,Open,Low,Normal,0,1,0
R00275,N0139,N0140,0.201,Secondary,2,50,Open,Low,Normal,0,1,0
R00276,N0139,N0189,0.188,Residential,1,30,Open,Low,Normal,0,1,0
R00277,N0140,N0141,0.563,Industrial,2,40,Open,Low,Normal,0,1,0
R00278,N0140,N0190,0.248,Industrial,2,40,Open,Low,Normal,0,1,0
R00279,N0141,N0142,0.362,Emergency_Road,2,60,Open,Low,Normal,0,1,0
R00280,N0141,N0191,0.498,Secondary,2,50,Open,Low,Normal,0,1,0
R00281,N0142,N0143,0.584,Emergency_Road,2,60,Open,Low,Normal,0,1,0
R00282,N0142,N0192,0.607,Service,1,20,Open,Low,Normal,0,1,0
R00283,N0143,N0144,0.625,Secondary,2,50,Open,Low,Normal,0,1,0
R00284,N0143,N0193,0.615,Service,1,20,Open,Low,Normal,0,1,0
R00285,N0144,N0145,0.616,Tertiary,1,40,Open,Low,Normal,0,1,0
R00286,N0144,N0194,0.218,Service,1,20,Open,Low,Normal,0,1,0
R00287,N0145,N0146,0.635,Tertiary,1,40,Open,Low,Normal,0,1,0
R00288,N0145,N0195,0.449,Secondary,2,50,Open,Low,Normal,0,1,0
R00289,N0146,N0147,0.55,Residential,1,30,Open,Low,Normal,0,1,0
R00290,N0146,N0196,0.32,Service,1,20,Open,Low,Normal,0,1,0
R00291,N0147,N0148,0.278,Primary,2,60,Open,Low,Normal,0,1,0
R00292,N0147,N0197,0.509,Emergency_Road,2,60,Open,Low,Normal,0,1,0
R00293,N0148,N0149,0.271,Industrial,2,40,Open,Low,Normal,0,1,0
R00294,N0148,N0198,0.409,Industrial,2,40,Open,Low,Normal,0,1,0
R00295,N0149,N0150,0.444,Industrial,2,40,Open,Low,Normal,0,1,0
R00296,N0149,N0199,0.297,Emergency_Road,2,60,Open,Low,Normal,0,1,0
R00297,N0150,N0200,0.32,Residential,1,30,Open,Low,Normal,0,1,0
R00298,N0151,N0152,0.326,Service,1,20,Open,Low,Normal,0,1,0
R00299,N0151,N0201,0.187,Tertiary,1,40,Open,Low,Normal,0,1,0
R00300,N0152,N0153,0.21,Industrial,2,40,Open,Low,Normal,0,1,0
R00301,N0152,N0202,0.268,Industrial,2,40,Open,Low,Normal,0,1,0
R00302,N0153,N0154,0.216,Industrial,2,40,Open,Low,Normal,0,1,0
R00303,N0153,N0203,0.261,Motorway,3,80,Open,Low,Normal,0,1,0
R00304,N0154,N0155,0.218,Secondary,2,50,Open,Low,Normal,0,1,0
R00305,N0154,N0204,0.416,Tertiary,1,40,Open,Low,Normal,0,1,0
R00306,N0155,N0156,0.228,Service,1,20,Open,Low,Normal,0,1,0
R00307,N0155,N0205,0.584,Residential,1,30,Open,Low,Normal,0,1,0
R00308,N0156,N0157,0.345,Industrial,2,40,Open,Low,Normal,0,1,0
R00309,N0156,N0206,0.332,Residential,1,30,Open,Low,Normal,0,1,0
R00310,N0157,N0158,0.228,Tertiary,1,40,Open,Low,Normal,0,1,0
R00311,N0157,N0207,0.398,Residential,1,30,Open,Low,Normal,0,1,0
R00312,N0158,N0159,0.383,Service,1,20,Open,Low,Normal,0,1,0
R00313,N0158,N0208,0.328,Motorway,3,80,Open,Low,Normal,0,1,0
R00314,N0159,N0160,0.436,Tertiary,1,40,Open,Low,Normal,0,1,0
R00315,N0159,N0209,0.562,Industrial,2,40,Open,Low,Normal,0,1,0
R00316,N0160,N0161,0.217,Secondary,2,50,Open,Low,Normal,0,1,0
R00317,N0160,N0210,0.264,Industrial,2,40,Open,Low,Normal,0,1,0
R00318,N0161,N0162,0.51,Emergency_Road,2,60,Open,Low,Normal,0,1,0
R00319,N0161,N0211,0.593,Emergency_Road,2,60,Open,Low,Normal,0,1,0
R00320,N0162,N0163,0.631,Secondary,2,50,Open,Low,Normal,0,1,0
R00321,N0162,N0212,0.339,Residential,1,30,Open,Low,Normal,0,1,0
R00322,N0163,N0164,0.26,Motorway,3,80,Open,Low,Normal,0,1,0
R00323,N0163,N0213,0.342,Emergency_Road,2,60,Open,Low,Normal,0,1,0
R00324,N0164,N0165,0.284,Motorway,3,80,Open,Low,Normal,0,1,0
R00325,N0164,N0214,0.33,Motorway,3,80,Open,Low,Normal,0,1,0
R00326,N0165,N0166,0.551,Residential,1,30,Open,Low,Normal,0,1,0
R00327,N0165,N0215,0.591,Residential,1,30,Open,Low,Normal,0,1,0
R00328,N0166,N0167,0.296,Primary,2,60,Open,Low,Normal,0,1,0
R00329,N0166,N0216,0.63,Industrial,2,40,Open,Low,Normal,0,1,0
R00330,N0167,N0168,0.476,Tertiary,1,40,Open,Low,Normal,0,1,0
R00331,N0167,N0217,0.296,Emergency_Road,2,60,Open,Low,Normal,0,1,0
R00332,N0168,N0169,0.305,Industrial,2,40,Open,Low,Normal,0,1,0
R00333,N0168,N0218,0.463,Motorway,3,80,Open,Low,Normal,0,1,0
R00334,N0169,N0170,0.283,Tertiary,1,40,Open,Low,Normal,0,1,0
R00335,N0169,N0219,0.414,Tertiary,1,40,Open,Low,Normal,0,1,0
R00336,N0170,N0171,0.364,Industrial,2,40,Open,Low,Normal,0,1,0
R00337,N0170,N0220,0.348,Primary,2,60,Open,Low,Normal,0,1,0
R00338,N0171,N0172,0.558,Service,1,20,Open,Low,Normal,0,1,0
R00339,N0171,N0221,0.25,Service,1,20,Open,Low,Normal,0,1,0
R00340,N0172,N0173,0.362,Primary,2,60,Open,Low,Normal,0,1,0
R00341,N0172,N0222,0.317,Primary,2,60,Open,Low,Normal,0,1,0
R00342,N0173,N0174,0.602,Residential,1,30,Open,Low,Normal,0,1,0
R00343,N0173,N0223,0.379,Primary,2,60,Open,Low,Normal,0,1,0
R00344,N0174,N0175,0.545,Primary,2,60,Open,Low,Normal,0,1,0
R00345,N0174,N0224,0.422,Service,1,20,Open,Low,Normal,0,1,0
R00346,N0175,N0176,0.584,Primary,2,60,Open,Low,Normal,0,1,0
R00347,N0175,N0225,0.587,Tertiary,1,40,Open,Low,Normal,0,1,0
R00348,N0176,N0177,0.505,Secondary,2,50,Open,Low,Normal,0,1,0
R00349,N0176,N0226,0.533,Residential,1,30,Open,Low,Normal,0,1,0
R00350,N0177,N0178,0.376,Residential,1,30,Open,Low,Normal,0,1,0
R00351,N0177,N0227,0.478,Secondary,2,50,Open,Low,Normal,0,1,0
R00352,N0178,N0179,0.506,Secondary,2,50,Open,Low,Normal,0,1,0
R00353,N0178,N0228,0.47,Emergency_Road,2,60,Open,Low,Normal,0,1,0
R00354,N0179,N0180,0.468,Secondary,2,50,Open,Low,Normal,0,1,0
R00355,N0179,N0229,0.426,Residential,1,30,Open,Low,Normal,0,1,0
R00356,N0180,N0181,0.518,Industrial,2,40,Open,Low,Normal,0,1,0
R00357,N0180,N0230,0.524,Service,1,20,Open,Low,Normal,0,1,0
R00358,N0181,N0182,0.366,Motorway,3,80,Open,Low,Normal,0,1,0
R00359,N0181,N0231,0.406,Motorway,3,80,Open,Low,Normal,0,1,0
R00360,N0182,N0183,0.551,Residential,1,30,Open,Low,Normal,0,1,0
R00361,N0182,N0232,0.227,Tertiary,1,40,Open,Low,Normal,0,1,0
R00362,N0183,N0184,0.528,Primary,2,60,Open,Low,Normal,0,1,0
R00363,N0183,N0233,0.614,Primary,2,60,Open,Low,Normal,0,1,0
R00364,N0184,N0185,0.562,Emergency_Road,2,60,Open,Low,Normal,0,1,0
R00365,N0184,N0234,0.399,Emergency_Road,2,60,Open,Low,Normal,0,1,0
R00366,N0185,N0186,0.589,Industrial,2,40,Open,Low,Normal,0,1,0
R00367,N0185,N0235,0.416,Emergency_Road,2,60,Open,Low,Normal,0,1,0
R00368,N0186,N0187,0.586,Motorway,3,80,Open,Low,Normal,0,1,0
R00369,N0186,N0236,0.424,Primary,2,60,Open,Low,Normal,0,1,0
R00370,N0187,N0188,0.292,Tertiary,1,40,Open,Low,Normal,0,1,0
R00371,N0187,N0237,0.331,Service,1,20,Open,Low,Normal,0,1,0
R00372,N0188,N0189,0.528,Tertiary,1,40,Open,Low,Normal,0,1,0
R00373,N0188,N0238,0.291,Emergency_Road,2,60,Open,Low,Normal,0,1,0
R00374,N0189,N0190,0.515,Industrial,2,40,Open,Low,Normal,0,1,0
R00375,N0189,N0239,0.46,Primary,2,60,Open,Low,Normal,0,1,0
R00376,N0190,N0191,0.56,Secondary,2,50,Open,Low,Normal,0,1,0
R00377,N0190,N0240,0.602,Service,1,20,Open,Low,Normal,0,1,0
R00378,N0191,N0192,0.555,Motorway,3,80,Open,Low,Normal,0,1,0
R00379,N0191,N0241,0.387,Tertiary,1,40,Open,Low,Normal,0,1,0
R00380,N0192,N0193,0.196,Motorway,3,80,Open,Low,Normal,0,1,0
R00381,N0192,N0242,0.635,Residential,1,30,Open,Low,Normal,0,1,0
R00382,N0193,N0194,0.47,Residential,1,30,Open,Low,Normal,0,1,0
R00383,N0193,N0243,0.206,Motorway,3,80,Open,Low,Normal,0,1,0
R00384,N0194,N0195,0.556,Emergency_Road,2,60,Open,Low,Normal,0,1,0
R00385,N0194,N0244,0.268,Service,1,20,Open,Low,Normal,0,1,0
R00386,N0195,N0196,0.579,Primary,2,60,Open,Low,Normal,0,1,0
R00387,N0195,N0245,0.505,Tertiary,1,40,Open,Low,Normal,0,1,0
R00388,N0196,N0197,0.305,Tertiary,1,40,Open,Low,Normal,0,1,0
R00389,N0196,N0246,0.558,Industrial,2,40,Open,Low,Normal,0,1,0
R00390,N0197,N0198,0.35,Emergency_Road,2,60,Open,Low,Normal,0,1,0
R00391,N0197,N0247,0.186,Emergency_Road,2,60,Open,Low,Normal,0,1,0
R00392,N0198,N0199,0.373,Primary,2,60,Open,Low,Normal,0,1,0
R00393,N0198,N0248,0.614,Service,1,20,Open,Low,Normal,0,1,0
R00394,N0199,N0200,0.614,Industrial,2,40,Open,Low,Normal,0,1,0
R00395,N0199,N0249,0.513,Residential,1,30,Open,Low,Normal,0,1,0
R00396,N0200,N0250,0.308,Residential,1,30,Open,Low,Normal,0,1,0
R00397,N0201,N0202,0.205,Motorway,3,80,Open,Low,Normal,0,1,0
R00398,N0201,N0251,0.61,Emergency_Road,2,60,Open,Low,Normal,0,1,0
R00399,N0202,N0203,0.259,Motorway,3,80,Open,Low,Normal,0,1,0
R00400,N0202,N0252,0.603,Industrial,2,40,Open,Low,Normal,0,1,0
R00401,N0203,N0204,0.472,Industrial,2,40,Open,Low,Normal,0,1,0
R00402,N0203,N0253,0.525,Industrial,2,40,Open,Low,Normal,0,1,0
R00403,N0204,N0205,0.34,Service,1,20,Open,Low,Normal,0,1,0
R00404,N0204,N0254,0.317,Industrial,2,40,Open,Low,Normal,0,1,0
R00405,N0205,N0206,0.594,Service,1,20,Open,Low,Normal,0,1,0
R00406,N0205,N0255,0.456,Motorway,3,80,Open,Low,Normal,0,1,0
R00407,N0206,N0207,0.301,Tertiary,1,40,Open,Low,Normal,0,1,0
R00408,N0206,N0256,0.321,Secondary,2,50,Open,Low,Normal,0,1,0
R00409,N0207,N0208,0.591,Emergency_Road,2,60,Open,Low,Normal,0,1,0
R00410,N0207,N0257,0.602,Tertiary,1,40,Open,Low,Normal,0,1,0
R00411,N0208,N0209,0.59,Tertiary,1,40,Open,Low,Normal,0,1,0
R00412,N0208,N0258,0.593,Secondary,2,50,Open,Low,Normal,0,1,0
R00413,N0209,N0210,0.359,Tertiary,1,40,Open,Low,Normal,0,1,0
R00414,N0209,N0259,0.197,Primary,2,60,Open,Low,Normal,0,1,0
R00415,N0210,N0211,0.345,Residential,1,30,Open,Low,Normal,0,1,0
R00416,N0210,N0260,0.621,Primary,2,60,Open,Low,Normal,0,1,0
R00417,N0211,N0212,0.469,Service,1,20,Open,Low,Normal,0,1,0
R00418,N0211,N0261,0.578,Primary,2,60,Open,Low,Normal,0,1,0
R00419,N0212,N0213,0.197,Secondary,2,50,Open,Low,Normal,0,1,0
R00420,N0212,N0262,0.405,Service,1,20,Open,Low,Normal,0,1,0
R00421,N0213,N0214,0.615,Emergency_Road,2,60,Open,Low,Normal,0,1,0
R00422,N0213,N0263,0.507,Motorway,3,80,Open,Low,Normal,0,1,0
R00423,N0214,N0215,0.324,Tertiary,1,40,Open,Low,Normal,0,1,0
R00424,N0214,N0264,0.6,Residential,1,30,Open,Low,Normal,0,1,0
R00425,N0215,N0216,0.241,Motorway,3,80,Open,Low,Normal,0,1,0
R00426,N0215,N0265,0.228,Industrial,2,40,Open,Low,Normal,0,1,0
R00427,N0216,N0217,0.452,Primary,2,60,Open,Low,Normal,0,1,0
R00428,N0216,N0266,0.464,Service,1,20,Open,Low,Normal,0,1,0
R00429,N0217,N0218,0.357,Motorway,3,80,Open,Low,Normal,0,1,0
R00430,N0217,N0267,0.475,Secondary,2,50,Open,Low,Normal,0,1,0
R00431,N0218,N0219,0.556,Emergency_Road,2,60,Open,Low,Normal,0,1,0
R00432,N0218,N0268,0.412,Tertiary,1,40,Open,Low,Normal,0,1,0
R00433,N0219,N0220,0.592,Emergency_Road,2,60,Open,Low,Normal,0,1,0
R00434,N0219,N0269,0.54,Secondary,2,50,Open,Low,Normal,0,1,0
R00435,N0220,N0221,0.377,Primary,2,60,Open,Low,Normal,0,1,0
R00436,N0220,N0270,0.255,Motorway,3,80,Open,Low,Normal,0,1,0
R00437,N0221,N0222,0.534,Residential,1,30,Open,Low,Normal,0,1,0
R00438,N0221,N0271,0.247,Residential,1,30,Open,Low,Normal,0,1,0
R00439,N0222,N0223,0.247,Motorway,3,80,Open,Low,Normal,0,1,0
R00440,N0222,N0272,0.429,Tertiary,1,40,Open,Low,Normal,0,1,0
R00441,N0223,N0224,0.376,Emergency_Road,2,60,Open,Low,Normal,0,1,0
R00442,N0223,N0273,0.625,Motorway,3,80,Open,Low,Normal,0,1,0
R00443,N0224,N0225,0.641,Residential,1,30,Open,Low,Normal,0,1,0
R00444,N0224,N0274,0.184,Residential,1,30,Open,Low,Normal,0,1,0
R00445,N0225,N0226,0.3,Service,1,20,Open,Low,Normal,0,1,0
R00446,N0225,N0275,0.544,Industrial,2,40,Open,Low,Normal,0,1,0
R00447,N0226,N0227,0.231,Motorway,3,80,Open,Low,Normal,0,1,0
R00448,N0226,N0276,0.465,Industrial,2,40,Open,Low,Normal,0,1,0
R00449,N0227,N0228,0.44,Primary,2,60,Open,Low,Normal,0,1,0
R00450,N0227,N0277,0.227,Primary,2,60,Open,Low,Normal,0,1,0
R00451,N0228,N0229,0.508,Industrial,2,40,Open,Low,Normal,0,1,0
R00452,N0228,N0278,0.644,Primary,2,60,Open,Low,Normal,0,1,0
R00453,N0229,N0230,0.321,Motorway,3,80,Open,Low,Normal,0,1,0
R00454,N0229,N0279,0.371,Residential,1,30,Open,Low,Normal,0,1,0
R00455,N0230,N0231,0.318,Emergency_Road,2,60,Open,Low,Normal,0,1,0
R00456,N0230,N0280,0.21,Primary,2,60,Open,Low,Normal,0,1,0
R00457,N0231,N0232,0.265,Emergency_Road,2,60,Open,Low,Normal,0,1,0
R00458,N0231,N0281,0.584,Secondary,2,50,Open,Low,Normal,0,1,0
R00459,N0232,N0233,0.232,Industrial,2,40,Open,Low,Normal,0,1,0
R00460,N0232,N0282,0.229,Tertiary,1,40,Open,Low,Normal,0,1,0
R00461,N0233,N0234,0.468,Emergency_Road,2,60,Open,Low,Normal,0,1,0
R00462,N0233,N0283,0.554,Service,1,20,Open,Low,Normal,0,1,0
R00463,N0234,N0235,0.224,Motorway,3,80,Open,Low,Normal,0,1,0
R00464,N0234,N0284,0.27,Secondary,2,50,Open,Low,Normal,0,1,0
R00465,N0235,N0236,0.625,Service,1,20,Open,Low,Normal,0,1,0
R00466,N0235,N0285,0.624,Motorway,3,80,Open,Low,Normal,0,1,0
R00467,N0236,N0237,0.184,Tertiary,1,40,Open,Low,Normal,0,1,0
R00468,N0236,N0286,0.551,Emergency_Road,2,60,Open,Low,Normal,0,1,0
R00469,N0237,N0238,0.492,Service,1,20,Open,Low,Normal,0,1,0
R00470,N0237,N0287,0.363,Secondary,2,50,Open,Low,Normal,0,1,0
R00471,N0238,N0239,0.26,Service,1,20,Open,Low,Normal,0,1,0
R00472,N0238,N0288,0.509,Secondary,2,50,Open,Low,Normal,0,1,0
R00473,N0239,N0240,0.182,Service,1,20,Open,Low,Normal,0,1,0
R00474,N0239,N0289,0.212,Secondary,2,50,Open,Low,Normal,0,1,0
R00475,N0240,N0241,0.544,Motorway,3,80,Open,Low,Normal,0,1,0
R00476,N0240,N0290,0.44,Tertiary,1,40,Open,Low,Normal,0,1,0
R00477,N0241,N0242,0.564,Emergency_Road,2,60,Open,Low,Normal,0,1,0
R00478,N0241,N0291,0.479,Tertiary,1,40,Open,Low,Normal,0,1,0
R00479,N0242,N0243,0.21,Primary,2,60,Open,Low,Normal,0,1,0
R00480,N0242,N0292,0.377,Secondary,2,50,Open,Low,Normal,0,1,0
R00481,N0243,N0244,0.65,Emergency_Road,2,60,Open,Low,Normal,0,1,0
R00482,N0243,N0293,0.552,Industrial,2,40,Open,Low,Normal,0,1,0
R00483,N0244,N0245,0.219,Service,1,20,Open,Low,Normal,0,1,0
R00484,N0244,N0294,0.579,Secondary,2,50,Open,Low,Normal,0,1,0
R00485,N0245,N0246,0.385,Service,1,20,Open,Low,Normal,0,1,0
R00486,N0245,N0295,0.346,Emergency_Road,2,60,Open,Low,Normal,0,1,0
R00487,N0246,N0247,0.645,Residential,1,30,Open,Low,Normal,0,1,0
R00488,N0246,N0296,0.309,Motorway,3,80,Open,Low,Normal,0,1,0
R00489,N0247,N0248,0.226,Emergency_Road,2,60,Open,Low,Normal,0,1,0
R00490,N0247,N0297,0.467,Primary,2,60,Open,Low,Normal,0,1,0
R00491,N0248,N0249,0.614,Emergency_Road,2,60,Open,Low,Normal,0,1,0
R00492,N0248,N0298,0.615,Emergency_Road,2,60,Open,Low,Normal,0,1,0
R00493,N0249,N0250,0.366,Primary,2,60,Open,Low,Normal,0,1,0
R00494,N0249,N0299,0.197,Tertiary,1,40,Open,Low,Normal,0,1,0
R00495,N0250,N0300,0.533,Industrial,2,40,Open,Low,Normal,0,1,0
R00496,N0251,N0252,0.181,Service,1,20,Open,Low,Normal,0,1,0
R00497,N0251,N0301,0.192,Primary,2,60,Open,Low,Normal,0,1,0
R00498,N0252,N0253,0.351,Service,1,20,Open,Low,Normal,0,1,0
R00499,N0252,N0302,0.309,Residential,1,30,Open,Low,Normal,0,1,0
R00500,N0253,N0254,0.369,Emergency_Road,2,60,Open,Low,Normal,0,1,0
R00501,N0253,N0303,0.528,Residential,1,30,Open,Low,Normal,0,1,0
R00502,N0254,N0255,0.384,Secondary,2,50,Open,Low,Normal,0,1,0
R00503,N0254,N0304,0.28,Service,1,20,Open,Low,Normal,0,1,0
R00504,N0255,N0256,0.389,Residential,1,30,Open,Low,Normal,0,1,0
R00505,N0255,N0305,0.321,Motorway,3,80,Open,Low,Normal,0,1,0
R00506,N0256,N0257,0.527,Primary,2,60,Open,Low,Normal,0,1,0
R00507,N0256,N0306,0.251,Residential,1,30,Open,Low,Normal,0,1,0
R00508,N0257,N0258,0.576,Residential,1,30,Open,Low,Normal,0,1,0
R00509,N0257,N0307,0.265,Primary,2,60,Open,Low,Normal,0,1,0
R00510,N0258,N0259,0.645,Service,1,20,Open,Low,Normal,0,1,0
R00511,N0258,N0308,0.478,Emergency_Road,2,60,Open,Low,Normal,0,1,0
R00512,N0259,N0260,0.469,Primary,2,60,Open,Low,Normal,0,1,0
R00513,N0259,N0309,0.37,Secondary,2,50,Open,Low,Normal,0,1,0
R00514,N0260,N0261,0.392,Secondary,2,50,Open,Low,Normal,0,1,0
R00515,N0260,N0310,0.476,Tertiary,1,40,Open,Low,Normal,0,1,0
R00516,N0261,N0262,0.221,Service,1,20,Open,Low,Normal,0,1,0
R00517,N0261,N0311,0.629,Primary,2,60,Open,Low,Normal,0,1,0
R00518,N0262,N0263,0.498,Motorway,3,80,Open,Low,Normal,0,1,0
R00519,N0262,N0312,0.361,Tertiary,1,40,Open,Low,Normal,0,1,0
R00520,N0263,N0264,0.542,Primary,2,60,Open,Low,Normal,0,1,0
R00521,N0263,N0313,0.646,Secondary,2,50,Open,Low,Normal,0,1,0
R00522,N0264,N0265,0.199,Service,1,20,Open,Low,Normal,0,1,0
R00523,N0264,N0314,0.523,Service,1,20,Open,Low,Normal,0,1,0
R00524,N0265,N0266,0.642,Tertiary,1,40,Open,Low,Normal,0,1,0
R00525,N0265,N0315,0.29,Industrial,2,40,Open,Low,Normal,0,1,0
R00526,N0266,N0267,0.485,Industrial,2,40,Open,Low,Normal,0,1,0
R00527,N0266,N0316,0.39,Emergency_Road,2,60,Open,Low,Normal,0,1,0
R00528,N0267,N0268,0.447,Secondary,2,50,Open,Low,Normal,0,1,0
R00529,N0267,N0317,0.397,Residential,1,30,Open,Low,Normal,0,1,0
R00530,N0268,N0269,0.374,Motorway,3,80,Open,Low,Normal,0,1,0
R00531,N0268,N0318,0.194,Residential,1,30,Open,Low,Normal,0,1,0
R00532,N0269,N0270,0.383,Residential,1,30,Open,Low,Normal,0,1,0
R00533,N0269,N0319,0.645,Primary,2,60,Open,Low,Normal,0,1,0
R00534,N0270,N0271,0.586,Residential,1,30,Open,Low,Normal,0,1,0
R00535,N0270,N0320,0.544,Service,1,20,Open,Low,Normal,0,1,0
R00536,N0271,N0272,0.318,Residential,1,30,Open,Low,Normal,0,1,0
R00537,N0271,N0321,0.4,Secondary,2,50,Open,Low,Normal,0,1,0
R00538,N0272,N0273,0.267,Residential,1,30,Open,Low,Normal,0,1,0
R00539,N0272,N0322,0.64,Tertiary,1,40,Open,Low,Normal,0,1,0
R00540,N0273,N0274,0.412,Secondary,2,50,Open,Low,Normal,0,1,0
R00541,N0273,N0323,0.344,Emergency_Road,2,60,Open,Low,Normal,0,1,0
R00542,N0274,N0275,0.556,Motorway,3,80,Open,Low,Normal,0,1,0
R00543,N0274,N0324,0.407,Industrial,2,40,Open,Low,Normal,0,1,0
R00544,N0275,N0276,0.458,Primary,2,60,Open,Low,Normal,0,1,0
R00545,N0275,N0325,0.395,Motorway,3,80,Open,Low,Normal,0,1,0
R00546,N0276,N0277,0.215,Service,1,20,Open,Low,Normal,0,1,0
R00547,N0276,N0326,0.327,Primary,2,60,Open,Low,Normal,0,1,0
R00548,N0277,N0278,0.22,Residential,1,30,Open,Low,Normal,0,1,0
R00549,N0277,N0327,0.504,Primary,2,60,Open,Low,Normal,0,1,0
R00550,N0278,N0279,0.636,Emergency_Road,2,60,Open,Low,Normal,0,1,0
R00551,N0278,N0328,0.633,Residential,1,30,Open,Low,Normal,0,1,0
R00552,N0279,N0280,0.394,Service,1,20,Open,Low,Normal,0,1,0
R00553,N0279,N0329,0.209,Secondary,2,50,Open,Low,Normal,0,1,0
R00554,N0280,N0281,0.507,Industrial,2,40,Open,Low,Normal,0,1,0
R00555,N0280,N0330,0.586,Primary,2,60,Open,Low,Normal,0,1,0
R00556,N0281,N0282,0.514,Residential,1,30,Open,Low,Normal,0,1,0
R00557,N0281,N0331,0.388,Industrial,2,40,Open,Low,Normal,0,1,0
R00558,N0282,N0283,0.357,Motorway,3,80,Open,Low,Normal,0,1,0
R00559,N0282,N0332,0.364,Service,1,20,Open,Low,Normal,0,1,0
R00560,N0283,N0284,0.22,Emergency_Road,2,60,Open,Low,Normal,0,1,0
R00561,N0283,N0333,0.381,Residential,1,30,Open,Low,Normal,0,1,0
R00562,N0284,N0285,0.468,Residential,1,30,Open,Low,Normal,0,1,0
R00563,N0284,N0334,0.396,Motorway,3,80,Open,Low,Normal,0,1,0
R00564,N0285,N0286,0.442,Secondary,2,50,Open,Low,Normal,0,1,0
R00565,N0285,N0335,0.334,Tertiary,1,40,Open,Low,Normal,0,1,0
R00566,N0286,N0287,0.451,Secondary,2,50,Open,Low,Normal,0,1,0
R00567,N0286,N0336,0.555,Industrial,2,40,Open,Low,Normal,0,1,0
R00568,N0287,N0288,0.524,Primary,2,60,Open,Low,Normal,0,1,0
R00569,N0287,N0337,0.635,Emergency_Road,2,60,Open,Low,Normal,0,1,0
R00570,N0288,N0289,0.215,Tertiary,1,40,Open,Low,Normal,0,1,0
R00571,N0288,N0338,0.274,Residential,1,30,Open,Low,Normal,0,1,0
R00572,N0289,N0290,0.528,Motorway,3,80,Open,Low,Normal,0,1,0
R00573,N0289,N0339,0.513,Primary,2,60,Open,Low,Normal,0,1,0
R00574,N0290,N0291,0.189,Service,1,20,Open,Low,Normal,0,1,0
R00575,N0290,N0340,0.558,Residential,1,30,Open,Low,Normal,0,1,0
R00576,N0291,N0292,0.398,Motorway,3,80,Open,Low,Normal,0,1,0
R00577,N0291,N0341,0.394,Residential,1,30,Open,Low,Normal,0,1,0
R00578,N0292,N0293,0.384,Industrial,2,40,Open,Low,Normal,0,1,0
R00579,N0292,N0342,0.432,Service,1,20,Open,Low,Normal,0,1,0
R00580,N0293,N0294,0.486,Motorway,3,80,Open,Low,Normal,0,1,0
R00581,N0293,N0343,0.482,Industrial,2,40,Open,Low,Normal,0,1,0
R00582,N0294,N0295,0.593,Service,1,20,Open,Low,Normal,0,1,0
R00583,N0294,N0344,0.2,Motorway,3,80,Open,Low,Normal,0,1,0
R00584,N0295,N0296,0.451,Secondary,2,50,Open,Low,Normal,0,1,0
R00585,N0295,N0345,0.289,Tertiary,1,40,Open,Low,Normal,0,1,0
R00586,N0296,N0297,0.297,Emergency_Road,2,60,Open,Low,Normal,0,1,0
R00587,N0296,N0346,0.566,Emergency_Road,2,60,Open,Low,Normal,0,1,0
R00588,N0297,N0298,0.635,Primary,2,60,Open,Low,Normal,0,1,0
R00589,N0297,N0347,0.314,Industrial,2,40,Open,Low,Normal,0,1,0
R00590,N0298,N0299,0.252,Industrial,2,40,Open,Low,Normal,0,1,0
R00591,N0298,N0348,0.634,Service,1,20,Open,Low,Normal,0,1,0
R00592,N0299,N0300,0.631,Industrial,2,40,Open,Low,Normal,0,1,0
R00593,N0299,N0349,0.497,Service,1,20,Open,Low,Normal,0,1,0
R00594,N0300,N0350,0.25,Secondary,2,50,Open,Low,Normal,0,1,0
R00595,N0301,N0302,0.637,Industrial,2,40,Open,Low,Normal,0,1,0
R00596,N0301,N0351,0.575,Emergency_Road,2,60,Open,Low,Normal,0,1,0
R00597,N0302,N0303,0.376,Tertiary,1,40,Open,Low,Normal,0,1,0
R00598,N0302,N0352,0.507,Secondary,2,50,Open,Low,Normal,0,1,0
R00599,N0303,N0304,0.571,Tertiary,1,40,Open,Low,Normal,0,1,0
R00600,N0303,N0353,0.391,Industrial,2,40,Open,Low,Normal,0,1,0
R00601,N0304,N0305,0.423,Tertiary,1,40,Open,Low,Normal,0,1,0
R00602,N0304,N0354,0.184,Emergency_Road,2,60,Open,Low,Normal,0,1,0
R00603,N0305,N0306,0.479,Tertiary,1,40,Open,Low,Normal,0,1,0
R00604,N0305,N0355,0.475,Secondary,2,50,Open,Low,Normal,0,1,0
R00605,N0306,N0307,0.46,Tertiary,1,40,Open,Low,Normal,0,1,0
R00606,N0306,N0356,0.316,Primary,2,60,Open,Low,Normal,0,1,0
R00607,N0307,N0308,0.55,Secondary,2,50,Open,Low,Normal,0,1,0
R00608,N0307,N0357,0.465,Secondary,2,50,Open,Low,Normal,0,1,0
R00609,N0308,N0309,0.252,Industrial,2,40,Open,Low,Normal,0,1,0
R00610,N0308,N0358,0.33,Industrial,2,40,Open,Low,Normal,0,1,0
R00611,N0309,N0310,0.348,Emergency_Road,2,60,Open,Low,Normal,0,1,0
R00612,N0309,N0359,0.617,Secondary,2,50,Open,Low,Normal,0,1,0
R00613,N0310,N0311,0.279,Secondary,2,50,Open,Low,Normal,0,1,0
R00614,N0310,N0360,0.642,Motorway,3,80,Open,Low,Normal,0,1,0
R00615,N0311,N0312,0.553,Tertiary,1,40,Open,Low,Normal,0,1,0
R00616,N0311,N0361,0.476,Motorway,3,80,Open,Low,Normal,0,1,0
R00617,N0312,N0313,0.533,Emergency_Road,2,60,Open,Low,Normal,0,1,0
R00618,N0312,N0362,0.459,Residential,1,30,Open,Low,Normal,0,1,0
R00619,N0313,N0314,0.383,Motorway,3,80,Open,Low,Normal,0,1,0
R00620,N0313,N0363,0.625,Motorway,3,80,Open,Low,Normal,0,1,0
R00621,N0314,N0315,0.269,Service,1,20,Open,Low,Normal,0,1,0
R00622,N0314,N0364,0.552,Service,1,20,Open,Low,Normal,0,1,0
R00623,N0315,N0316,0.255,Motorway,3,80,Open,Low,Normal,0,1,0
R00624,N0315,N0365,0.539,Tertiary,1,40,Open,Low,Normal,0,1,0
R00625,N0316,N0317,0.198,Primary,2,60,Open,Low,Normal,0,1,0
R00626,N0316,N0366,0.404,Service,1,20,Open,Low,Normal,0,1,0
R00627,N0317,N0318,0.365,Service,1,20,Open,Low,Normal,0,1,0
R00628,N0317,N0367,0.552,Industrial,2,40,Open,Low,Normal,0,1,0
R00629,N0318,N0319,0.216,Service,1,20,Open,Low,Normal,0,1,0
R00630,N0318,N0368,0.401,Emergency_Road,2,60,Open,Low,Normal,0,1,0
R00631,N0319,N0320,0.283,Secondary,2,50,Open,Low,Normal,0,1,0
R00632,N0319,N0369,0.499,Motorway,3,80,Open,Low,Normal,0,1,0
R00633,N0320,N0321,0.639,Tertiary,1,40,Open,Low,Normal,0,1,0
R00634,N0320,N0370,0.486,Emergency_Road,2,60,Open,Low,Normal,0,1,0
R00635,N0321,N0322,0.373,Motorway,3,80,Open,Low,Normal,0,1,0
R00636,N0321,N0371,0.425,Tertiary,1,40,Open,Low,Normal,0,1,0
R00637,N0322,N0323,0.53,Primary,2,60,Open,Low,Normal,0,1,0
R00638,N0322,N0372,0.398,Residential,1,30,Open,Low,Normal,0,1,0
R00639,N0323,N0324,0.2,Service,1,20,Open,Low,Normal,0,1,0
R00640,N0323,N0373,0.331,Residential,1,30,Open,Low,Normal,0,1,0
R00641,N0324,N0325,0.322,Industrial,2,40,Open,Low,Normal,0,1,0
R00642,N0324,N0374,0.315,Motorway,3,80,Open,Low,Normal,0,1,0
R00643,N0325,N0326,0.618,Emergency_Road,2,60,Open,Low,Normal,0,1,0
R00644,N0325,N0375,0.243,Residential,1,30,Open,Low,Normal,0,1,0
R00645,N0326,N0327,0.293,Secondary,2,50,Open,Low,Normal,0,1,0
R00646,N0326,N0376,0.639,Motorway,3,80,Open,Low,Normal,0,1,0
R00647,N0327,N0328,0.299,Motorway,3,80,Open,Low,Normal,0,1,0
R00648,N0327,N0377,0.189,Emergency_Road,2,60,Open,Low,Normal,0,1,0
R00649,N0328,N0329,0.234,Emergency_Road,2,60,Open,Low,Normal,0,1,0
R00650,N0328,N0378,0.326,Residential,1,30,Open,Low,Normal,0,1,0
R00651,N0329,N0330,0.274,Service,1,20,Open,Low,Normal,0,1,0
R00652,N0329,N0379,0.574,Motorway,3,80,Open,Low,Normal,0,1,0
R00653,N0330,N0331,0.64,Motorway,3,80,Open,Low,Normal,0,1,0
R00654,N0330,N0380,0.335,Service,1,20,Open,Low,Normal,0,1,0
R00655,N0331,N0332,0.562,Industrial,2,40,Open,Low,Normal,0,1,0
R00656,N0331,N0381,0.396,Industrial,2,40,Open,Low,Normal,0,1,0
R00657,N0332,N0333,0.644,Secondary,2,50,Open,Low,Normal,0,1,0
R00658,N0332,N0382,0.627,Emergency_Road,2,60,Open,Low,Normal,0,1,0
R00659,N0333,N0334,0.479,Motorway,3,80,Open,Low,Normal,0,1,0
R00660,N0333,N0383,0.518,Industrial,2,40,Open,Low,Normal,0,1,0
R00661,N0334,N0335,0.606,Motorway,3,80,Open,Low,Normal,0,1,0
R00662,N0334,N0384,0.322,Industrial,2,40,Open,Low,Normal,0,1,0
R00663,N0335,N0336,0.198,Primary,2,60,Open,Low,Normal,0,1,0
R00664,N0335,N0385,0.291,Tertiary,1,40,Open,Low,Normal,0,1,0
R00665,N0336,N0337,0.402,Service,1,20,Open,Low,Normal,0,1,0
R00666,N0336,N0386,0.27,Residential,1,30,Open,Low,Normal,0,1,0
R00667,N0337,N0338,0.445,Residential,1,30,Open,Low,Normal,0,1,0
R00668,N0337,N0387,0.401,Industrial,2,40,Open,Low,Normal,0,1,0
R00669,N0338,N0339,0.496,Service,1,20,Open,Low,Normal,0,1,0
R00670,N0338,N0388,0.256,Secondary,2,50,Open,Low,Normal,0,1,0
R00671,N0339,N0340,0.601,Motorway,3,80,Open,Low,Normal,0,1,0
R00672,N0339,N0389,0.326,Industrial,2,40,Open,Low,Normal,0,1,0
R00673,N0340,N0341,0.233,Service,1,20,Open,Low,Normal,0,1,0
R00674,N0340,N0390,0.518,Residential,1,30,Open,Low,Normal,0,1,0
R00675,N0341,N0342,0.198,Primary,2,60,Open,Low,Normal,0,1,0
R00676,N0341,N0391,0.569,Secondary,2,50,Open,Low,Normal,0,1,0
R00677,N0342,N0343,0.189,Tertiary,1,40,Open,Low,Normal,0,1,0
R00678,N0342,N0392,0.316,Motorway,3,80,Open,Low,Normal,0,1,0
R00679,N0343,N0344,0.501,Residential,1,30,Open,Low,Normal,0,1,0
R00680,N0343,N0393,0.418,Tertiary,1,40,Open,Low,Normal,0,1,0
R00681,N0344,N0345,0.227,Primary,2,60,Open,Low,Normal,0,1,0
R00682,N0344,N0394,0.277,Primary,2,60,Open,Low,Normal,0,1,0
R00683,N0345,N0346,0.463,Motorway,3,80,Open,Low,Normal,0,1,0
R00684,N0345,N0395,0.367,Tertiary,1,40,Open,Low,Normal,0,1,0
R00685,N0346,N0347,0.634,Secondary,2,50,Open,Low,Normal,0,1,0
R00686,N0346,N0396,0.392,Primary,2,60,Open,Low,Normal,0,1,0
R00687,N0347,N0348,0.366,Industrial,2,40,Open,Low,Normal,0,1,0
R00688,N0347,N0397,0.36,Emergency_Road,2,60,Open,Low,Normal,0,1,0
R00689,N0348,N0349,0.29,Service,1,20,Open,Low,Normal,0,1,0
R00690,N0348,N0398,0.23,Tertiary,1,40,Open,Low,Normal,0,1,0
R00691,N0349,N0350,0.25,Service,1,20,Open,Low,Normal,0,1,0
R00692,N0349,N0399,0.534,Tertiary,1,40,Open,Low,Normal,0,1,0
R00693,N0350,N0400,0.568,Service,1,20,Open,Low,Normal,0,1,0
R00694,N0351,N0352,0.313,Tertiary,1,40,Open,Low,Normal,0,1,0
R00695,N0351,N0401,0.272,Service,1,20,Open,Low,Normal,0,1,0
R00696,N0352,N0353,0.204,Service,1,20,Open,Low,Normal,0,1,0
R00697,N0352,N0402,0.518,Industrial,2,40,Open,Low,Normal,0,1,0
R00698,N0353,N0354,0.374,Tertiary,1,40,Open,Low,Normal,0,1,0
R00699,N0353,N0403,0.627,Motorway,3,80,Open,Low,Normal,0,1,0
R00700,N0354,N0355,0.419,Emergency_Road,2,60,Open,Low,Normal,0,1,0
R00701,N0354,N0404,0.268,Tertiary,1,40,Open,Low,Normal,0,1,0
R00702,N0355,N0356,0.446,Service,1,20,Open,Low,Normal,0,1,0
R00703,N0355,N0405,0.413,Residential,1,30,Open,Low,Normal,0,1,0
R00704,N0356,N0357,0.36,Service,1,20,Open,Low,Normal,0,1,0
R00705,N0356,N0406,0.202,Motorway,3,80,Open,Low,Normal,0,1,0
R00706,N0357,N0358,0.381,Industrial,2,40,Open,Low,Normal,0,1,0
R00707,N0357,N0407,0.395,Service,1,20,Open,Low,Normal,0,1,0
R00708,N0358,N0359,0.188,Primary,2,60,Open,Low,Normal,0,1,0
R00709,N0358,N0408,0.295,Service,1,20,Open,Low,Normal,0,1,0
R00710,N0359,N0360,0.505,Motorway,3,80,Open,Low,Normal,0,1,0
R00711,N0359,N0409,0.473,Residential,1,30,Open,Low,Normal,0,1,0
R00712,N0360,N0361,0.648,Residential,1,30,Open,Low,Normal,0,1,0
R00713,N0360,N0410,0.452,Motorway,3,80,Open,Low,Normal,0,1,0
R00714,N0361,N0362,0.311,Service,1,20,Open,Low,Normal,0,1,0
R00715,N0361,N0411,0.199,Primary,2,60,Open,Low,Normal,0,1,0
R00716,N0362,N0363,0.315,Primary,2,60,Open,Low,Normal,0,1,0
R00717,N0362,N0412,0.383,Motorway,3,80,Open,Low,Normal,0,1,0
R00718,N0363,N0364,0.248,Primary,2,60,Open,Low,Normal,0,1,0
R00719,N0363,N0413,0.268,Primary,2,60,Open,Low,Normal,0,1,0
R00720,N0364,N0365,0.26,Motorway,3,80,Open,Low,Normal,0,1,0
R00721,N0364,N0414,0.529,Secondary,2,50,Open,Low,Normal,0,1,0
R00722,N0365,N0366,0.209,Service,1,20,Open,Low,Normal,0,1,0
R00723,N0365,N0415,0.557,Residential,1,30,Open,Low,Normal,0,1,0
R00724,N0366,N0367,0.274,Industrial,2,40,Open,Low,Normal,0,1,0
R00725,N0366,N0416,0.32,Service,1,20,Open,Low,Normal,0,1,0
R00726,N0367,N0368,0.532,Tertiary,1,40,Open,Low,Normal,0,1,0
R00727,N0367,N0417,0.236,Tertiary,1,40,Open,Low,Normal,0,1,0
R00728,N0368,N0369,0.335,Residential,1,30,Open,Low,Normal,0,1,0
R00729,N0368,N0418,0.627,Motorway,3,80,Open,Low,Normal,0,1,0
R00730,N0369,N0370,0.573,Emergency_Road,2,60,Open,Low,Normal,0,1,0
R00731,N0369,N0419,0.576,Industrial,2,40,Open,Low,Normal,0,1,0
R00732,N0370,N0371,0.248,Tertiary,1,40,Open,Low,Normal,0,1,0
R00733,N0370,N0420,0.361,Primary,2,60,Open,Low,Normal,0,1,0
R00734,N0371,N0372,0.377,Tertiary,1,40,Open,Low,Normal,0,1,0
R00735,N0371,N0421,0.183,Emergency_Road,2,60,Open,Low,Normal,0,1,0
R00736,N0372,N0373,0.339,Tertiary,1,40,Open,Low,Normal,0,1,0
R00737,N0372,N0422,0.472,Secondary,2,50,Open,Low,Normal,0,1,0
R00738,N0373,N0374,0.406,Secondary,2,50,Open,Low,Normal,0,1,0
R00739,N0373,N0423,0.375,Service,1,20,Open,Low,Normal,0,1,0
R00740,N0374,N0375,0.383,Industrial,2,40,Open,Low,Normal,0,1,0
R00741,N0374,N0424,0.485,Emergency_Road,2,60,Open,Low,Normal,0,1,0
R00742,N0375,N0376,0.251,Emergency_Road,2,60,Open,Low,Normal,0,1,0
R00743,N0375,N0425,0.272,Industrial,2,40,Open,Low,Normal,0,1,0
R00744,N0376,N0377,0.277,Secondary,2,50,Open,Low,Normal,0,1,0
R00745,N0376,N0426,0.476,Motorway,3,80,Open,Low,Normal,0,1,0
R00746,N0377,N0378,0.632,Industrial,2,40,Open,Low,Normal,0,1,0
R00747,N0377,N0427,0.329,Industrial,2,40,Open,Low,Normal,0,1,0
R00748,N0378,N0379,0.374,Motorway,3,80,Open,Low,Normal,0,1,0
R00749,N0378,N0428,0.491,Service,1,20,Open,Low,Normal,0,1,0
R00750,N0379,N0380,0.435,Residential,1,30,Open,Low,Normal,0,1,0
R00751,N0379,N0429,0.629,Motorway,3,80,Open,Low,Normal,0,1,0
R00752,N0380,N0381,0.181,Residential,1,30,Open,Low,Normal,0,1,0
R00753,N0380,N0430,0.199,Primary,2,60,Open,Low,Normal,0,1,0
R00754,N0381,N0382,0.498,Industrial,2,40,Open,Low,Normal,0,1,0
R00755,N0381,N0431,0.234,Emergency_Road,2,60,Open,Low,Normal,0,1,0
R00756,N0382,N0383,0.574,Primary,2,60,Open,Low,Normal,0,1,0
R00757,N0382,N0432,0.486,Motorway,3,80,Open,Low,Normal,0,1,0
R00758,N0383,N0384,0.402,Emergency_Road,2,60,Open,Low,Normal,0,1,0
R00759,N0383,N0433,0.449,Tertiary,1,40,Open,Low,Normal,0,1,0
R00760,N0384,N0385,0.59,Primary,2,60,Open,Low,Normal,0,1,0
R00761,N0384,N0434,0.388,Industrial,2,40,Open,Low,Normal,0,1,0
R00762,N0385,N0386,0.489,Industrial,2,40,Open,Low,Normal,0,1,0
R00763,N0385,N0435,0.348,Motorway,3,80,Open,Low,Normal,0,1,0
R00764,N0386,N0387,0.514,Service,1,20,Open,Low,Normal,0,1,0
R00765,N0386,N0436,0.617,Tertiary,1,40,Open,Low,Normal,0,1,0
R00766,N0387,N0388,0.289,Service,1,20,Open,Low,Normal,0,1,0
R00767,N0387,N0437,0.585,Tertiary,1,40,Open,Low,Normal,0,1,0
R00768,N0388,N0389,0.408,Tertiary,1,40,Open,Low,Normal,0,1,0
R00769,N0388,N0438,0.4,Tertiary,1,40,Open,Low,Normal,0,1,0
R00770,N0389,N0390,0.235,Tertiary,1,40,Open,Low,Normal,0,1,0
R00771,N0389,N0439,0.503,Tertiary,1,40,Open,Low,Normal,0,1,0
R00772,N0390,N0391,0.355,Tertiary,1,40,Open,Low,Normal,0,1,0
R00773,N0390,N0440,0.319,Residential,1,30,Open,Low,Normal,0,1,0
R00774,N0391,N0392,0.257,Service,1,20,Open,Low,Normal,0,1,0
R00775,N0391,N0441,0.494,Secondary,2,50,Open,Low,Normal,0,1,0
R00776,N0392,N0393,0.518,Secondary,2,50,Open,Low,Normal,0,1,0
R00777,N0392,N0442,0.628,Industrial,2,40,Open,Low,Normal,0,1,0
R00778,N0393,N0394,0.5,Industrial,2,40,Open,Low,Normal,0,1,0
R00779,N0393,N0443,0.353,Service,1,20,Open,Low,Normal,0,1,0
R00780,N0394,N0395,0.638,Service,1,20,Open,Low,Normal,0,1,0
R00781,N0394,N0444,0.598,Service,1,20,Open,Low,Normal,0,1,0
R00782,N0395,N0396,0.31,Emergency_Road,2,60,Open,Low,Normal,0,1,0
R00783,N0395,N0445,0.422,Residential,1,30,Open,Low,Normal,0,1,0
R00784,N0396,N0397,0.517,Emergency_Road,2,60,Open,Low,Normal,0,1,0
R00785,N0396,N0446,0.466,Motorway,3,80,Open,Low,Normal,0,1,0
R00786,N0397,N0398,0.364,Service,1,20,Open,Low,Normal,0,1,0
R00787,N0397,N0447,0.318,Industrial,2,40,Open,Low,Normal,0,1,0
R00788,N0398,N0399,0.455,Emergency_Road,2,60,Open,Low,Normal,0,1,0
R00789,N0398,N0448,0.613,Industrial,2,40,Open,Low,Normal,0,1,0
R00790,N0399,N0400,0.564,Service,1,20,Open,Low,Normal,0,1,0
R00791,N0399,N0449,0.366,Tertiary,1,40,Open,Low,Normal,0,1,0
R00792,N0400,N0450,0.493,Primary,2,60,Open,Low,Normal,0,1,0
R00793,N0401,N0402,0.394,Secondary,2,50,Open,Low,Normal,0,1,0
R00794,N0401,N0451,0.262,Industrial,2,40,Open,Low,Normal,0,1,0
R00795,N0402,N0403,0.302,Motorway,3,80,Open,Low,Normal,0,1,0
R00796,N0402,N0452,0.525,Secondary,2,50,Open,Low,Normal,0,1,0
R00797,N0403,N0404,0.561,Primary,2,60,Open,Low,Normal,0,1,0
R00798,N0403,N0453,0.366,Motorway,3,80,Open,Low,Normal,0,1,0
R00799,N0404,N0405,0.532,Secondary,2,50,Open,Low,Normal,0,1,0
R00800,N0404,N0454,0.38,Residential,1,30,Open,Low,Normal,0,1,0
R00801,N0405,N0406,0.465,Service,1,20,Open,Low,Normal,0,1,0
R00802,N0405,N0455,0.548,Tertiary,1,40,Open,Low,Normal,0,1,0
R00803,N0406,N0407,0.267,Industrial,2,40,Open,Low,Normal,0,1,0
R00804,N0406,N0456,0.316,Primary,2,60,Open,Low,Normal,0,1,0
R00805,N0407,N0408,0.494,Service,1,20,Open,Low,Normal,0,1,0
R00806,N0407,N0457,0.465,Emergency_Road,2,60,Open,Low,Normal,0,1,0
R00807,N0408,N0409,0.565,Emergency_Road,2,60,Open,Low,Normal,0,1,0
R00808,N0408,N0458,0.558,Secondary,2,50,Open,Low,Normal,0,1,0
R00809,N0409,N0410,0.303,Motorway,3,80,Open,Low,Normal,0,1,0
R00810,N0409,N0459,0.443,Industrial,2,40,Open,Low,Normal,0,1,0
R00811,N0410,N0411,0.346,Emergency_Road,2,60,Open,Low,Normal,0,1,0
R00812,N0410,N0460,0.333,Secondary,2,50,Open,Low,Normal,0,1,0
R00813,N0411,N0412,0.642,Primary,2,60,Open,Low,Normal,0,1,0
R00814,N0411,N0461,0.232,Tertiary,1,40,Open,Low,Normal,0,1,0
R00815,N0412,N0413,0.532,Service,1,20,Open,Low,Normal,0,1,0
R00816,N0412,N0462,0.597,Service,1,20,Open,Low,Normal,0,1,0
R00817,N0413,N0414,0.472,Tertiary,1,40,Open,Low,Normal,0,1,0
R00818,N0413,N0463,0.518,Tertiary,1,40,Open,Low,Normal,0,1,0
R00819,N0414,N0415,0.235,Secondary,2,50,Open,Low,Normal,0,1,0
R00820,N0414,N0464,0.493,Primary,2,60,Open,Low,Normal,0,1,0
R00821,N0415,N0416,0.596,Emergency_Road,2,60,Open,Low,Normal,0,1,0
R00822,N0415,N0465,0.55,Emergency_Road,2,60,Open,Low,Normal,0,1,0
R00823,N0416,N0417,0.264,Secondary,2,50,Open,Low,Normal,0,1,0
R00824,N0416,N0466,0.253,Tertiary,1,40,Open,Low,Normal,0,1,0
R00825,N0417,N0418,0.633,Industrial,2,40,Open,Low,Normal,0,1,0
R00826,N0417,N0467,0.433,Industrial,2,40,Open,Low,Normal,0,1,0
R00827,N0418,N0419,0.52,Tertiary,1,40,Open,Low,Normal,0,1,0
R00828,N0418,N0468,0.243,Service,1,20,Open,Low,Normal,0,1,0
R00829,N0419,N0420,0.423,Residential,1,30,Open,Low,Normal,0,1,0
R00830,N0419,N0469,0.331,Service,1,20,Open,Low,Normal,0,1,0
R00831,N0420,N0421,0.585,Secondary,2,50,Open,Low,Normal,0,1,0
R00832,N0420,N0470,0.6,Tertiary,1,40,Open,Low,Normal,0,1,0
R00833,N0421,N0422,0.628,Residential,1,30,Open,Low,Normal,0,1,0
R00834,N0421,N0471,0.51,Primary,2,60,Open,Low,Normal,0,1,0
R00835,N0422,N0423,0.433,Service,1,20,Open,Low,Normal,0,1,0
R00836,N0422,N0472,0.319,Emergency_Road,2,60,Open,Low,Normal,0,1,0
R00837,N0423,N0424,0.443,Service,1,20,Open,Low,Normal,0,1,0
R00838,N0423,N0473,0.607,Motorway,3,80,Open,Low,Normal,0,1,0
R00839,N0424,N0425,0.461,Secondary,2,50,Open,Low,Normal,0,1,0
R00840,N0424,N0474,0.619,Tertiary,1,40,Open,Low,Normal,0,1,0
R00841,N0425,N0426,0.313,Tertiary,1,40,Open,Low,Normal,0,1,0
R00842,N0425,N0475,0.396,Industrial,2,40,Open,Low,Normal,0,1,0
R00843,N0426,N0427,0.477,Tertiary,1,40,Open,Low,Normal,0,1,0
R00844,N0426,N0476,0.469,Tertiary,1,40,Open,Low,Normal,0,1,0
R00845,N0427,N0428,0.259,Emergency_Road,2,60,Open,Low,Normal,0,1,0
R00846,N0427,N0477,0.52,Motorway,3,80,Open,Low,Normal,0,1,0
R00847,N0428,N0429,0.279,Primary,2,60,Open,Low,Normal,0,1,0
R00848,N0428,N0478,0.477,Primary,2,60,Open,Low,Normal,0,1,0
R00849,N0429,N0430,0.198,Emergency_Road,2,60,Open,Low,Normal,0,1,0
R00850,N0429,N0479,0.567,Residential,1,30,Open,Low,Normal,0,1,0
R00851,N0430,N0431,0.232,Secondary,2,50,Open,Low,Normal,0,1,0
R00852,N0430,N0480,0.384,Tertiary,1,40,Open,Low,Normal,0,1,0
R00853,N0431,N0432,0.323,Service,1,20,Open,Low,Normal,0,1,0
R00854,N0431,N0481,0.554,Primary,2,60,Open,Low,Normal,0,1,0
R00855,N0432,N0433,0.553,Primary,2,60,Open,Low,Normal,0,1,0
R00856,N0432,N0482,0.41,Emergency_Road,2,60,Open,Low,Normal,0,1,0
R00857,N0433,N0434,0.405,Residential,1,30,Open,Low,Normal,0,1,0
R00858,N0433,N0483,0.346,Industrial,2,40,Open,Low,Normal,0,1,0
R00859,N0434,N0435,0.395,Motorway,3,80,Open,Low,Normal,0,1,0
R00860,N0434,N0484,0.525,Industrial,2,40,Open,Low,Normal,0,1,0
R00861,N0435,N0436,0.357,Service,1,20,Open,Low,Normal,0,1,0
R00862,N0435,N0485,0.492,Residential,1,30,Open,Low,Normal,0,1,0
R00863,N0436,N0437,0.494,Tertiary,1,40,Open,Low,Normal,0,1,0
R00864,N0436,N0486,0.427,Industrial,2,40,Open,Low,Normal,0,1,0
R00865,N0437,N0438,0.328,Primary,2,60,Open,Low,Normal,0,1,0
R00866,N0437,N0487,0.382,Primary,2,60,Open,Low,Normal,0,1,0
R00867,N0438,N0439,0.545,Industrial,2,40,Open,Low,Normal,0,1,0
R00868,N0438,N0488,0.473,Primary,2,60,Open,Low,Normal,0,1,0
R00869,N0439,N0440,0.575,Motorway,3,80,Open,Low,Normal,0,1,0
R00870,N0439,N0489,0.469,Motorway,3,80,Open,Low,Normal,0,1,0
R00871,N0440,N0441,0.573,Motorway,3,80,Open,Low,Normal,0,1,0
R00872,N0440,N0490,0.195,Residential,1,30,Open,Low,Normal,0,1,0
R00873,N0441,N0442,0.485,Emergency_Road,2,60,Open,Low,Normal,0,1,0
R00874,N0441,N0491,0.283,Residential,1,30,Open,Low,Normal,0,1,0
R00875,N0442,N0443,0.291,Service,1,20,Open,Low,Normal,0,1,0
R00876,N0442,N0492,0.593,Primary,2,60,Open,Low,Normal,0,1,0
R00877,N0443,N0444,0.437,Residential,1,30,Open,Low,Normal,0,1,0
R00878,N0443,N0493,0.448,Service,1,20,Open,Low,Normal,0,1,0
R00879,N0444,N0445,0.559,Service,1,20,Open,Low,Normal,0,1,0
R00880,N0444,N0494,0.584,Residential,1,30,Open,Low,Normal,0,1,0
R00881,N0445,N0446,0.585,Emergency_Road,2,60,Open,Low,Normal,0,1,0
R00882,N0445,N0495,0.499,Industrial,2,40,Open,Low,Normal,0,1,0
R00883,N0446,N0447,0.301,Residential,1,30,Open,Low,Normal,0,1,0
R00884,N0446,N0496,0.296,Tertiary,1,40,Open,Low,Normal,0,1,0
R00885,N0447,N0448,0.294,Secondary,2,50,Open,Low,Normal,0,1,0
R00886,N0447,N0497,0.38,Service,1,20,Open,Low,Normal,0,1,0
R00887,N0448,N0449,0.443,Residential,1,30,Open,Low,Normal,0,1,0
R00888,N0448,N0498,0.293,Emergency_Road,2,60,Open,Low,Normal,0,1,0
R00889,N0449,N0450,0.425,Emergency_Road,2,60,Open,Low,Normal,0,1,0
R00890,N0449,N0499,0.471,Secondary,2,50,Open,Low,Normal,0,1,0
R00891,N0450,N0500,0.571,Service,1,20,Open,Low,Normal,0,1,0
R00892,N0451,N0452,0.239,Residential,1,30,Open,Low,Normal,0,1,0
R00893,N0451,N0501,0.436,Emergency_Road,2,60,Open,Low,Normal,0,1,0
R00894,N0452,N0453,0.52,Emergency_Road,2,60,Open,Low,Normal,0,1,0
R00895,N0452,N0502,0.608,Service,1,20,Open,Low,Normal,0,1,0
R00896,N0453,N0454,0.443,Emergency_Road,2,60,Open,Low,Normal,0,1,0
R00897,N0453,N0503,0.313,Industrial,2,40,Open,Low,Normal,0,1,0
R00898,N0454,N0455,0.504,Tertiary,1,40,Open,Low,Normal,0,1,0
R00899,N0454,N0504,0.382,Secondary,2,50,Open,Low,Normal,0,1,0
R00900,N0455,N0456,0.31,Secondary,2,50,Open,Low,Normal,0,1,0
R00901,N0455,N0505,0.348,Primary,2,60,Open,Low,Normal,0,1,0
R00902,N0456,N0457,0.405,Motorway,3,80,Open,Low,Normal,0,1,0
R00903,N0456,N0506,0.444,Residential,1,30,Open,Low,Normal,0,1,0
R00904,N0457,N0458,0.424,Service,1,20,Open,Low,Normal,0,1,0
R00905,N0457,N0507,0.439,Primary,2,60,Open,Low,Normal,0,1,0
R00906,N0458,N0459,0.556,Primary,2,60,Open,Low,Normal,0,1,0
R00907,N0458,N0508,0.517,Tertiary,1,40,Open,Low,Normal,0,1,0
R00908,N0459,N0460,0.477,Service,1,20,Open,Low,Normal,0,1,0
R00909,N0459,N0509,0.367,Motorway,3,80,Open,Low,Normal,0,1,0
R00910,N0460,N0461,0.282,Industrial,2,40,Open,Low,Normal,0,1,0
R00911,N0460,N0510,0.566,Motorway,3,80,Open,Low,Normal,0,1,0
R00912,N0461,N0462,0.593,Industrial,2,40,Open,Low,Normal,0,1,0
R00913,N0461,N0511,0.42,Motorway,3,80,Open,Low,Normal,0,1,0
R00914,N0462,N0463,0.609,Primary,2,60,Open,Low,Normal,0,1,0
R00915,N0462,N0512,0.525,Primary,2,60,Open,Low,Normal,0,1,0
R00916,N0463,N0464,0.425,Secondary,2,50,Open,Low,Normal,0,1,0
R00917,N0463,N0513,0.338,Tertiary,1,40,Open,Low,Normal,0,1,0
R00918,N0464,N0465,0.423,Service,1,20,Open,Low,Normal,0,1,0
R00919,N0464,N0514,0.586,Emergency_Road,2,60,Open,Low,Normal,0,1,0
R00920,N0465,N0466,0.311,Secondary,2,50,Open,Low,Normal,0,1,0
R00921,N0465,N0515,0.361,Primary,2,60,Open,Low,Normal,0,1,0
R00922,N0466,N0467,0.212,Industrial,2,40,Open,Low,Normal,0,1,0
R00923,N0466,N0516,0.461,Service,1,20,Open,Low,Normal,0,1,0
R00924,N0467,N0468,0.581,Emergency_Road,2,60,Open,Low,Normal,0,1,0
R00925,N0467,N0517,0.529,Industrial,2,40,Open,Low,Normal,0,1,0
R00926,N0468,N0469,0.479,Industrial,2,40,Open,Low,Normal,0,1,0
R00927,N0468,N0518,0.368,Primary,2,60,Open,Low,Normal,0,1,0
R00928,N0469,N0470,0.639,Emergency_Road,2,60,Open,Low,Normal,0,1,0
R00929,N0469,N0519,0.259,Emergency_Road,2,60,Open,Low,Normal,0,1,0
R00930,N0470,N0471,0.556,Service,1,20,Open,Low,Normal,0,1,0
R00931,N0470,N0520,0.634,Emergency_Road,2,60,Open,Low,Normal,0,1,0
R00932,N0471,N0472,0.383,Industrial,2,40,Open,Low,Normal,0,1,0
R00933,N0471,N0521,0.645,Tertiary,1,40,Open,Low,Normal,0,1,0
R00934,N0472,N0473,0.527,Service,1,20,Open,Low,Normal,0,1,0
R00935,N0472,N0522,0.525,Motorway,3,80,Open,Low,Normal,0,1,0
R00936,N0473,N0474,0.195,Service,1,20,Open,Low,Normal,0,1,0
R00937,N0473,N0523,0.578,Secondary,2,50,Open,Low,Normal,0,1,0
R00938,N0474,N0475,0.353,Service,1,20,Open,Low,Normal,0,1,0
R00939,N0474,N0524,0.216,Secondary,2,50,Open,Low,Normal,0,1,0
R00940,N0475,N0476,0.471,Service,1,20,Open,Low,Normal,0,1,0
R00941,N0475,N0525,0.466,Secondary,2,50,Open,Low,Normal,0,1,0
R00942,N0476,N0477,0.62,Service,1,20,Open,Low,Normal,0,1,0
R00943,N0476,N0526,0.282,Emergency_Road,2,60,Open,Low,Normal,0,1,0
R00944,N0477,N0478,0.337,Tertiary,1,40,Open,Low,Normal,0,1,0
R00945,N0477,N0527,0.538,Residential,1,30,Open,Low,Normal,0,1,0
R00946,N0478,N0479,0.462,Emergency_Road,2,60,Open,Low,Normal,0,1,0
R00947,N0478,N0528,0.267,Secondary,2,50,Open,Low,Normal,0,1,0
R00948,N0479,N0480,0.537,Industrial,2,40,Open,Low,Normal,0,1,0
R00949,N0479,N0529,0.193,Secondary,2,50,Open,Low,Normal,0,1,0
R00950,N0480,N0481,0.489,Industrial,2,40,Open,Low,Normal,0,1,0
R00951,N0480,N0530,0.355,Tertiary,1,40,Open,Low,Normal,0,1,0
R00952,N0481,N0482,0.509,Industrial,2,40,Open,Low,Normal,0,1,0
R00953,N0481,N0531,0.433,Industrial,2,40,Open,Low,Normal,0,1,0
R00954,N0482,N0483,0.424,Primary,2,60,Open,Low,Normal,0,1,0
R00955,N0482,N0532,0.386,Tertiary,1,40,Open,Low,Normal,0,1,0
R00956,N0483,N0484,0.539,Industrial,2,40,Open,Low,Normal,0,1,0
R00957,N0483,N0533,0.212,Emergency_Road,2,60,Open,Low,Normal,0,1,0
R00958,N0484,N0485,0.524,Tertiary,1,40,Open,Low,Normal,0,1,0
R00959,N0484,N0534,0.607,Secondary,2,50,Open,Low,Normal,0,1,0
R00960,N0485,N0486,0.39,Secondary,2,50,Open,Low,Normal,0,1,0
R00961,N0485,N0535,0.28,Secondary,2,50,Open,Low,Normal,0,1,0
R00962,N0486,N0487,0.219,Secondary,2,50,Open,Low,Normal,0,1,0
R00963,N0486,N0536,0.436,Primary,2,60,Open,Low,Normal,0,1,0
R00964,N0487,N0488,0.218,Service,1,20,Open,Low,Normal,0,1,0
R00965,N0487,N0537,0.418,Motorway,3,80,Open,Low,Normal,0,1,0
R00966,N0488,N0489,0.408,Industrial,2,40,Open,Low,Normal,0,1,0
R00967,N0488,N0538,0.471,Industrial,2,40,Open,Low,Normal,0,1,0
R00968,N0489,N0490,0.197,Primary,2,60,Open,Low,Normal,0,1,0
R00969,N0489,N0539,0.352,Service,1,20,Open,Low,Normal,0,1,0
R00970,N0490,N0491,0.56,Tertiary,1,40,Open,Low,Normal,0,1,0
R00971,N0490,N0540,0.357,Emergency_Road,2,60,Open,Low,Normal,0,1,0
R00972,N0491,N0492,0.334,Residential,1,30,Open,Low,Normal,0,1,0
R00973,N0491,N0541,0.596,Secondary,2,50,Open,Low,Normal,0,1,0
R00974,N0492,N0493,0.19,Primary,2,60,Open,Low,Normal,0,1,0
R00975,N0492,N0542,0.381,Secondary,2,50,Open,Low,Normal,0,1,0
R00976,N0493,N0494,0.272,Service,1,20,Open,Low,Normal,0,1,0
R00977,N0493,N0543,0.579,Primary,2,60,Open,Low,Normal,0,1,0
R00978,N0494,N0495,0.394,Secondary,2,50,Open,Low,Normal,0,1,0
R00979,N0494,N0544,0.504,Industrial,2,40,Open,Low,Normal,0,1,0
R00980,N0495,N0496,0.436,Service,1,20,Open,Low,Normal,0,1,0
R00981,N0495,N0545,0.57,Primary,2,60,Open,Low,Normal,0,1,0
R00982,N0496,N0497,0.461,Secondary,2,50,Open,Low,Normal,0,1,0
R00983,N0496,N0546,0.194,Service,1,20,Open,Low,Normal,0,1,0
R00984,N0497,N0498,0.411,Residential,1,30,Open,Low,Normal,0,1,0
R00985,N0497,N0547,0.608,Service,1,20,Open,Low,Normal,0,1,0
R00986,N0498,N0499,0.591,Motorway,3,80,Open,Low,Normal,0,1,0
R00987,N0498,N0548,0.352,Emergency_Road,2,60,Open,Low,Normal,0,1,0
R00988,N0499,N0500,0.362,Secondary,2,50,Open,Low,Normal,0,1,0
R00989,N0499,N0549,0.203,Tertiary,1,40,Open,Low,Normal,0,1,0
R00990,N0500,N0550,0.406,Industrial,2,40,Open,Low,Normal,0,1,0
R00991,N0501,N0502,0.484,Motorway,3,80,Open,Low,Normal,0,1,0
R00992,N0501,N0551,0.471,Primary,2,60,Open,Low,Normal,0,1,0
R00993,N0502,N0503,0.218,Emergency_Road,2,60,Open,Low,Normal,0,1,0
R00994,N0502,N0552,0.579,Industrial,2,40,Open,Low,Normal,0,1,0
R00995,N0503,N0504,0.508,Industrial,2,40,Open,Low,Normal,0,1,0
R00996,N0503,N0553,0.237,Primary,2,60,Open,Low,Normal,0,1,0
R00997,N0504,N0505,0.474,Industrial,2,40,Open,Low,Normal,0,1,0
R00998,N0504,N0554,0.401,Residential,1,30,Open,Low,Normal,0,1,0
R00999,N0505,N0506,0.491,Emergency_Road,2,60,Open,Low,Normal,0,1,0
R01000,N0505,N0555,0.208,Industrial,2,40,Open,Low,Normal,0,1,0
R01001,N0506,N0507,0.645,Secondary,2,50,Open,Low,Normal,0,1,0
R01002,N0506,N0556,0.205,Motorway,3,80,Open,Low,Normal,0,1,0
R01003,N0507,N0508,0.365,Residential,1,30,Open,Low,Normal,0,1,0
R01004,N0507,N0557,0.345,Emergency_Road,2,60,Open,Low,Normal,0,1,0
R01005,N0508,N0509,0.644,Emergency_Road,2,60,Open,Low,Normal,0,1,0
R01006,N0508,N0558,0.204,Primary,2,60,Open,Low,Normal,0,1,0
R01007,N0509,N0510,0.445,Industrial,2,40,Open,Low,Normal,0,1,0
R01008,N0509,N0559,0.517,Secondary,2,50,Open,Low,Normal,0,1,0
R01009,N0510,N0511,0.447,Industrial,2,40,Open,Low,Normal,0,1,0
R01010,N0510,N0560,0.349,Motorway,3,80,Open,Low,Normal,0,1,0
R01011,N0511,N0512,0.567,Service,1,20,Open,Low,Normal,0,1,0
R01012,N0511,N0561,0.301,Tertiary,1,40,Open,Low,Normal,0,1,0
R01013,N0512,N0513,0.415,Industrial,2,40,Open,Low,Normal,0,1,0
R01014,N0512,N0562,0.573,Residential,1,30,Open,Low,Normal,0,1,0
R01015,N0513,N0514,0.204,Industrial,2,40,Open,Low,Normal,0,1,0
R01016,N0513,N0563,0.48,Primary,2,60,Open,Low,Normal,0,1,0
R01017,N0514,N0515,0.348,Primary,2,60,Open,Low,Normal,0,1,0
R01018,N0514,N0564,0.315,Tertiary,1,40,Open,Low,Normal,0,1,0
R01019,N0515,N0516,0.422,Tertiary,1,40,Open,Low,Normal,0,1,0
R01020,N0515,N0565,0.299,Primary,2,60,Open,Low,Normal,0,1,0
R01021,N0516,N0517,0.537,Service,1,20,Open,Low,Normal,0,1,0
R01022,N0516,N0566,0.483,Motorway,3,80,Open,Low,Normal,0,1,0
R01023,N0517,N0518,0.261,Tertiary,1,40,Open,Low,Normal,0,1,0
R01024,N0517,N0567,0.525,Service,1,20,Open,Low,Normal,0,1,0
R01025,N0518,N0519,0.612,Emergency_Road,2,60,Open,Low,Normal,0,1,0
R01026,N0518,N0568,0.553,Primary,2,60,Open,Low,Normal,0,1,0
R01027,N0519,N0520,0.341,Emergency_Road,2,60,Open,Low,Normal,0,1,0
R01028,N0519,N0569,0.637,Service,1,20,Open,Low,Normal,0,1,0
R01029,N0520,N0521,0.476,Primary,2,60,Open,Low,Normal,0,1,0
R01030,N0520,N0570,0.321,Industrial,2,40,Open,Low,Normal,0,1,0
R01031,N0521,N0522,0.215,Primary,2,60,Open,Low,Normal,0,1,0
R01032,N0521,N0571,0.377,Tertiary,1,40,Open,Low,Normal,0,1,0
R01033,N0522,N0523,0.586,Motorway,3,80,Open,Low,Normal,0,1,0
R01034,N0522,N0572,0.339,Emergency_Road,2,60,Open,Low,Normal,0,1,0
R01035,N0523,N0524,0.263,Secondary,2,50,Open,Low,Normal,0,1,0
R01036,N0523,N0573,0.496,Service,1,20,Open,Low,Normal,0,1,0
R01037,N0524,N0525,0.562,Emergency_Road,2,60,Open,Low,Normal,0,1,0
R01038,N0524,N0574,0.547,Tertiary,1,40,Open,Low,Normal,0,1,0
R01039,N0525,N0526,0.237,Primary,2,60,Open,Low,Normal,0,1,0
R01040,N0525,N0575,0.189,Residential,1,30,Open,Low,Normal,0,1,0
R01041,N0526,N0527,0.586,Service,1,20,Open,Low,Normal,0,1,0
R01042,N0526,N0576,0.451,Secondary,2,50,Open,Low,Normal,0,1,0
R01043,N0527,N0528,0.243,Residential,1,30,Open,Low,Normal,0,1,0
R01044,N0527,N0577,0.268,Service,1,20,Open,Low,Normal,0,1,0
R01045,N0528,N0529,0.374,Motorway,3,80,Open,Low,Normal,0,1,0
R01046,N0528,N0578,0.634,Service,1,20,Open,Low,Normal,0,1,0
R01047,N0529,N0530,0.571,Tertiary,1,40,Open,Low,Normal,0,1,0
R01048,N0529,N0579,0.547,Residential,1,30,Open,Low,Normal,0,1,0
R01049,N0530,N0531,0.533,Emergency_Road,2,60,Open,Low,Normal,0,1,0
R01050,N0530,N0580,0.552,Primary,2,60,Open,Low,Normal,0,1,0
R01051,N0531,N0532,0.237,Industrial,2,40,Open,Low,Normal,0,1,0
R01052,N0531,N0581,0.524,Motorway,3,80,Open,Low,Normal,0,1,0
R01053,N0532,N0533,0.349,Secondary,2,50,Open,Low,Normal,0,1,0
R01054,N0532,N0582,0.4,Primary,2,60,Open,Low,Normal,0,1,0
R01055,N0533,N0534,0.46,Industrial,2,40,Open,Low,Normal,0,1,0
R01056,N0533,N0583,0.302,Secondary,2,50,Open,Low,Normal,0,1,0
R01057,N0534,N0535,0.484,Residential,1,30,Open,Low,Normal,0,1,0
R01058,N0534,N0584,0.598,Service,1,20,Open,Low,Normal,0,1,0
R01059,N0535,N0536,0.525,Emergency_Road,2,60,Open,Low,Normal,0,1,0
R01060,N0535,N0585,0.328,Tertiary,1,40,Open,Low,Normal,0,1,0
R01061,N0536,N0537,0.552,Residential,1,30,Open,Low,Normal,0,1,0
R01062,N0536,N0586,0.258,Tertiary,1,40,Open,Low,Normal,0,1,0
R01063,N0537,N0538,0.604,Residential,1,30,Open,Low,Normal,0,1,0
R01064,N0537,N0587,0.334,Residential,1,30,Open,Low,Normal,0,1,0
R01065,N0538,N0539,0.415,Service,1,20,Open,Low,Normal,0,1,0
R01066,N0538,N0588,0.392,Secondary,2,50,Open,Low,Normal,0,1,0
R01067,N0539,N0540,0.348,Secondary,2,50,Open,Low,Normal,0,1,0
R01068,N0539,N0589,0.27,Secondary,2,50,Open,Low,Normal,0,1,0
R01069,N0540,N0541,0.363,Service,1,20,Open,Low,Normal,0,1,0
R01070,N0540,N0590,0.233,Service,1,20,Open,Low,Normal,0,1,0
R01071,N0541,N0542,0.572,Emergency_Road,2,60,Open,Low,Normal,0,1,0
R01072,N0541,N0591,0.275,Secondary,2,50,Open,Low,Normal,0,1,0
R01073,N0542,N0543,0.507,Secondary,2,50,Open,Low,Normal,0,1,0
R01074,N0542,N0592,0.624,Service,1,20,Open,Low,Normal,0,1,0
R01075,N0543,N0544,0.488,Secondary,2,50,Open,Low,Normal,0,1,0
R01076,N0543,N0593,0.41,Primary,2,60,Open,Low,Normal,0,1,0
R01077,N0544,N0545,0.565,Emergency_Road,2,60,Open,Low,Normal,0,1,0
R01078,N0544,N0594,0.607,Primary,2,60,Open,Low,Normal,0,1,0
R01079,N0545,N0546,0.606,Residential,1,30,Open,Low,Normal,0,1,0
R01080,N0545,N0595,0.607,Motorway,3,80,Open,Low,Normal,0,1,0
R01081,N0546,N0547,0.395,Motorway,3,80,Open,Low,Normal,0,1,0
R01082,N0546,N0596,0.204,Industrial,2,40,Open,Low,Normal,0,1,0
R01083,N0547,N0548,0.474,Service,1,20,Open,Low,Normal,0,1,0
R01084,N0547,N0597,0.55,Tertiary,1,40,Open,Low,Normal,0,1,0
R01085,N0548,N0549,0.364,Service,1,20,Open,Low,Normal,0,1,0
R01086,N0548,N0598,0.345,Residential,1,30,Open,Low,Normal,0,1,0
R01087,N0549,N0550,0.562,Service,1,20,Open,Low,Normal,0,1,0
R01088,N0549,N0599,0.648,Industrial,2,40,Open,Low,Normal,0,1,0
R01089,N0550,N0600,0.488,Primary,2,60,Open,Low,Normal,0,1,0
R01090,N0551,N0552,0.284,Industrial,2,40,Open,Low,Normal,0,1,0
R01091,N0551,N0601,0.625,Tertiary,1,40,Open,Low,Normal,0,1,0
R01092,N0552,N0553,0.419,Service,1,20,Open,Low,Normal,0,1,0
R01093,N0552,N0602,0.456,Motorway,3,80,Open,Low,Normal,0,1,0
R01094,N0553,N0554,0.466,Motorway,3,80,Open,Low,Normal,0,1,0
R01095,N0553,N0603,0.51,Motorway,3,80,Open,Low,Normal,0,1,0
R01096,N0554,N0555,0.406,Primary,2,60,Open,Low,Normal,0,1,0
R01097,N0554,N0604,0.285,Motorway,3,80,Open,Low,Normal,0,1,0
R01098,N0555,N0556,0.422,Secondary,2,50,Open,Low,Normal,0,1,0
R01099,N0555,N0605,0.224,Service,1,20,Open,Low,Normal,0,1,0
R01100,N0556,N0557,0.468,Primary,2,60,Open,Low,Normal,0,1,0
R01101,N0556,N0606,0.403,Industrial,2,40,Open,Low,Normal,0,1,0
R01102,N0557,N0558,0.215,Tertiary,1,40,Open,Low,Normal,0,1,0
R01103,N0557,N0607,0.391,Service,1,20,Open,Low,Normal,0,1,0
R01104,N0558,N0559,0.302,Residential,1,30,Open,Low,Normal,0,1,0
R01105,N0558,N0608,0.502,Motorway,3,80,Open,Low,Normal,0,1,0
R01106,N0559,N0560,0.35,Secondary,2,50,Open,Low,Normal,0,1,0
R01107,N0559,N0609,0.54,Secondary,2,50,Open,Low,Normal,0,1,0
R01108,N0560,N0561,0.592,Service,1,20,Open,Low,Normal,0,1,0
R01109,N0560,N0610,0.535,Tertiary,1,40,Open,Low,Normal,0,1,0
R01110,N0561,N0562,0.615,Primary,2,60,Open,Low,Normal,0,1,0
R01111,N0561,N0611,0.212,Motorway,3,80,Open,Low,Normal,0,1,0
R01112,N0562,N0563,0.182,Tertiary,1,40,Open,Low,Normal,0,1,0
R01113,N0562,N0612,0.426,Secondary,2,50,Open,Low,Normal,0,1,0
R01114,N0563,N0564,0.303,Emergency_Road,2,60,Open,Low,Normal,0,1,0
R01115,N0563,N0613,0.391,Residential,1,30,Open,Low,Normal,0,1,0
R01116,N0564,N0565,0.379,Emergency_Road,2,60,Open,Low,Normal,0,1,0
R01117,N0564,N0614,0.533,Motorway,3,80,Open,Low,Normal,0,1,0
R01118,N0565,N0566,0.638,Motorway,3,80,Open,Low,Normal,0,1,0
R01119,N0565,N0615,0.207,Primary,2,60,Open,Low,Normal,0,1,0
R01120,N0566,N0567,0.599,Emergency_Road,2,60,Open,Low,Normal,0,1,0
R01121,N0566,N0616,0.519,Service,1,20,Open,Low,Normal,0,1,0
R01122,N0567,N0568,0.347,Primary,2,60,Open,Low,Normal,0,1,0
R01123,N0567,N0617,0.457,Secondary,2,50,Open,Low,Normal,0,1,0
R01124,N0568,N0569,0.517,Tertiary,1,40,Open,Low,Normal,0,1,0
R01125,N0568,N0618,0.508,Secondary,2,50,Open,Low,Normal,0,1,0
R01126,N0569,N0570,0.371,Industrial,2,40,Open,Low,Normal,0,1,0
R01127,N0569,N0619,0.646,Secondary,2,50,Open,Low,Normal,0,1,0
R01128,N0570,N0571,0.644,Emergency_Road,2,60,Open,Low,Normal,0,1,0
R01129,N0570,N0620,0.393,Emergency_Road,2,60,Open,Low,Normal,0,1,0
R01130,N0571,N0572,0.294,Emergency_Road,2,60,Open,Low,Normal,0,1,0
R01131,N0571,N0621,0.233,Industrial,2,40,Open,Low,Normal,0,1,0
R01132,N0572,N0573,0.49,Residential,1,30,Open,Low,Normal,0,1,0
R01133,N0572,N0622,0.477,Emergency_Road,2,60,Open,Low,Normal,0,1,0
R01134,N0573,N0574,0.424,Residential,1,30,Open,Low,Normal,0,1,0
R01135,N0573,N0623,0.564,Emergency_Road,2,60,Open,Low,Normal,0,1,0
R01136,N0574,N0575,0.363,Emergency_Road,2,60,Open,Low,Normal,0,1,0
R01137,N0574,N0624,0.481,Secondary,2,50,Open,Low,Normal,0,1,0
R01138,N0575,N0576,0.478,Primary,2,60,Open,Low,Normal,0,1,0
R01139,N0575,N0625,0.216,Industrial,2,40,Open,Low,Normal,0,1,0
R01140,N0576,N0577,0.366,Motorway,3,80,Open,Low,Normal,0,1,0
R01141,N0576,N0626,0.202,Tertiary,1,40,Open,Low,Normal,0,1,0
R01142,N0577,N0578,0.35,Service,1,20,Open,Low,Normal,0,1,0
R01143,N0577,N0627,0.449,Industrial,2,40,Open,Low,Normal,0,1,0
R01144,N0578,N0579,0.361,Primary,2,60,Open,Low,Normal,0,1,0
R01145,N0578,N0628,0.315,Service,1,20,Open,Low,Normal,0,1,0
R01146,N0579,N0580,0.513,Service,1,20,Open,Low,Normal,0,1,0
R01147,N0579,N0629,0.519,Tertiary,1,40,Open,Low,Normal,0,1,0
R01148,N0580,N0581,0.51,Emergency_Road,2,60,Open,Low,Normal,0,1,0
R01149,N0580,N0630,0.354,Emergency_Road,2,60,Open,Low,Normal,0,1,0
R01150,N0581,N0582,0.555,Residential,1,30,Open,Low,Normal,0,1,0
R01151,N0581,N0631,0.406,Industrial,2,40,Open,Low,Normal,0,1,0
R01152,N0582,N0583,0.411,Industrial,2,40,Open,Low,Normal,0,1,0
R01153,N0582,N0632,0.377,Motorway,3,80,Open,Low,Normal,0,1,0
R01154,N0583,N0584,0.337,Secondary,2,50,Open,Low,Normal,0,1,0
R01155,N0583,N0633,0.409,Residential,1,30,Open,Low,Normal,0,1,0
R01156,N0584,N0585,0.416,Service,1,20,Open,Low,Normal,0,1,0
R01157,N0584,N0634,0.369,Secondary,2,50,Open,Low,Normal,0,1,0
R01158,N0585,N0586,0.58,Residential,1,30,Open,Low,Normal,0,1,0
R01159,N0585,N0635,0.385,Residential,1,30,Open,Low,Normal,0,1,0
R01160,N0586,N0587,0.611,Primary,2,60,Open,Low,Normal,0,1,0
R01161,N0586,N0636,0.562,Residential,1,30,Open,Low,Normal,0,1,0
R01162,N0587,N0588,0.5,Service,1,20,Open,Low,Normal,0,1,0
R01163,N0587,N0637,0.219,Tertiary,1,40,Open,Low,Normal,0,1,0
R01164,N0588,N0589,0.298,Tertiary,1,40,Open,Low,Normal,0,1,0
R01165,N0588,N0638,0.485,Industrial,2,40,Open,Low,Normal,0,1,0
R01166,N0589,N0590,0.33,Residential,1,30,Open,Low,Normal,0,1,0
R01167,N0589,N0639,0.342,Industrial,2,40,Open,Low,Normal,0,1,0
R01168,N0590,N0591,0.403,Industrial,2,40,Open,Low,Normal,0,1,0
R01169,N0590,N0640,0.349,Secondary,2,50,Open,Low,Normal,0,1,0
R01170,N0591,N0592,0.426,Service,1,20,Open,Low,Normal,0,1,0
R01171,N0591,N0641,0.379,Service,1,20,Open,Low,Normal,0,1,0
R01172,N0592,N0593,0.469,Tertiary,1,40,Open,Low,Normal,0,1,0
R01173,N0592,N0642,0.289,Industrial,2,40,Open,Low,Normal,0,1,0
R01174,N0593,N0594,0.525,Residential,1,30,Open,Low,Normal,0,1,0
R01175,N0593,N0643,0.54,Tertiary,1,40,Open,Low,Normal,0,1,0
R01176,N0594,N0595,0.645,Motorway,3,80,Open,Low,Normal,0,1,0
R01177,N0594,N0644,0.406,Tertiary,1,40,Open,Low,Normal,0,1,0
R01178,N0595,N0596,0.347,Motorway,3,80,Open,Low,Normal,0,1,0
R01179,N0595,N0645,0.445,Tertiary,1,40,Open,Low,Normal,0,1,0
R01180,N0596,N0597,0.609,Emergency_Road,2,60,Open,Low,Normal,0,1,0
R01181,N0596,N0646,0.464,Primary,2,60,Open,Low,Normal,0,1,0
R01182,N0597,N0598,0.291,Residential,1,30,Open,Low,Normal,0,1,0
R01183,N0597,N0647,0.266,Industrial,2,40,Open,Low,Normal,0,1,0
R01184,N0598,N0599,0.226,Service,1,20,Open,Low,Normal,0,1,0
R01185,N0598,N0648,0.304,Primary,2,60,Open,Low,Normal,0,1,0
R01186,N0599,N0600,0.502,Residential,1,30,Open,Low,Normal,0,1,0
R01187,N0599,N0649,0.526,Emergency_Road,2,60,Open,Low,Normal,0,1,0
R01188,N0600,N0650,0.619,Tertiary,1,40,Open,Low,Normal,0,1,0
R01189,N0601,N0602,0.315,Motorway,3,80,Open,Low,Normal,0,1,0
R01190,N0601,N0651,0.649,Residential,1,30,Open,Low,Normal,0,1,0
R01191,N0602,N0603,0.504,Primary,2,60,Open,Low,Normal,0,1,0
R01192,N0602,N0652,0.565,Residential,1,30,Open,Low,Normal,0,1,0
R01193,N0603,N0604,0.301,Primary,2,60,Open,Low,Normal,0,1,0
R01194,N0603,N0653,0.535,Industrial,2,40,Open,Low,Normal,0,1,0
R01195,N0604,N0605,0.624,Residential,1,30,Open,Low,Normal,0,1,0
R01196,N0604,N0654,0.236,Secondary,2,50,Open,Low,Normal,0,1,0
R01197,N0605,N0606,0.482,Residential,1,30,Open,Low,Normal,0,1,0
R01198,N0605,N0655,0.628,Emergency_Road,2,60,Open,Low,Normal,0,1,0
R01199,N0606,N0607,0.293,Tertiary,1,40,Open,Low,Normal,0,1,0
R01200,N0606,N0656,0.447,Industrial,2,40,Open,Low,Normal,0,1,0
R01201,N0607,N0608,0.529,Secondary,2,50,Open,Low,Normal,0,1,0
R01202,N0607,N0657,0.438,Secondary,2,50,Open,Low,Normal,0,1,0
R01203,N0608,N0609,0.277,Secondary,2,50,Open,Low,Normal,0,1,0
R01204,N0608,N0658,0.487,Residential,1,30,Open,Low,Normal,0,1,0
R01205,N0609,N0610,0.506,Motorway,3,80,Open,Low,Normal,0,1,0
R01206,N0609,N0659,0.428,Residential,1,30,Open,Low,Normal,0,1,0
R01207,N0610,N0611,0.573,Emergency_Road,2,60,Open,Low,Normal,0,1,0
R01208,N0610,N0660,0.575,Industrial,2,40,Open,Low,Normal,0,1,0
R01209,N0611,N0612,0.415,Industrial,2,40,Open,Low,Normal,0,1,0
R01210,N0611,N0661,0.205,Tertiary,1,40,Open,Low,Normal,0,1,0
R01211,N0612,N0613,0.378,Service,1,20,Open,Low,Normal,0,1,0
R01212,N0612,N0662,0.481,Primary,2,60,Open,Low,Normal,0,1,0
R01213,N0613,N0614,0.578,Residential,1,30,Open,Low,Normal,0,1,0
R01214,N0613,N0663,0.605,Residential,1,30,Open,Low,Normal,0,1,0
R01215,N0614,N0615,0.581,Motorway,3,80,Open,Low,Normal,0,1,0
R01216,N0614,N0664,0.323,Industrial,2,40,Open,Low,Normal,0,1,0
R01217,N0615,N0616,0.499,Service,1,20,Open,Low,Normal,0,1,0
R01218,N0615,N0665,0.23,Motorway,3,80,Open,Low,Normal,0,1,0
R01219,N0616,N0617,0.58,Emergency_Road,2,60,Open,Low,Normal,0,1,0
R01220,N0616,N0666,0.613,Motorway,3,80,Open,Low,Normal,0,1,0
R01221,N0617,N0618,0.591,Motorway,3,80,Open,Low,Normal,0,1,0
R01222,N0617,N0667,0.406,Service,1,20,Open,Low,Normal,0,1,0
R01223,N0618,N0619,0.403,Motorway,3,80,Open,Low,Normal,0,1,0
R01224,N0618,N0668,0.279,Service,1,20,Open,Low,Normal,0,1,0
R01225,N0619,N0620,0.43,Secondary,2,50,Open,Low,Normal,0,1,0
R01226,N0619,N0669,0.34,Secondary,2,50,Open,Low,Normal,0,1,0
R01227,N0620,N0621,0.561,Residential,1,30,Open,Low,Normal,0,1,0
R01228,N0620,N0670,0.571,Secondary,2,50,Open,Low,Normal,0,1,0
R01229,N0621,N0622,0.344,Motorway,3,80,Open,Low,Normal,0,1,0
R01230,N0621,N0671,0.442,Tertiary,1,40,Open,Low,Normal,0,1,0
R01231,N0622,N0623,0.559,Primary,2,60,Open,Low,Normal,0,1,0
R01232,N0622,N0672,0.427,Motorway,3,80,Open,Low,Normal,0,1,0
R01233,N0623,N0624,0.183,Motorway,3,80,Open,Low,Normal,0,1,0
R01234,N0623,N0673,0.357,Emergency_Road,2,60,Open,Low,Normal,0,1,0
R01235,N0624,N0625,0.533,Secondary,2,50,Open,Low,Normal,0,1,0
R01236,N0624,N0674,0.543,Service,1,20,Open,Low,Normal,0,1,0
R01237,N0625,N0626,0.479,Service,1,20,Open,Low,Normal,0,1,0
R01238,N0625,N0675,0.374,Service,1,20,Open,Low,Normal,0,1,0
R01239,N0626,N0627,0.403,Tertiary,1,40,Open,Low,Normal,0,1,0
R01240,N0626,N0676,0.24,Residential,1,30,Open,Low,Normal,0,1,0
R01241,N0627,N0628,0.429,Service,1,20,Open,Low,Normal,0,1,0
R01242,N0627,N0677,0.433,Emergency_Road,2,60,Open,Low,Normal,0,1,0
R01243,N0628,N0629,0.189,Industrial,2,40,Open,Low,Normal,0,1,0
R01244,N0628,N0678,0.494,Service,1,20,Open,Low,Normal,0,1,0
R01245,N0629,N0630,0.618,Service,1,20,Open,Low,Normal,0,1,0
R01246,N0629,N0679,0.345,Tertiary,1,40,Open,Low,Normal,0,1,0
R01247,N0630,N0631,0.285,Motorway,3,80,Open,Low,Normal,0,1,0
R01248,N0630,N0680,0.259,Industrial,2,40,Open,Low,Normal,0,1,0
R01249,N0631,N0632,0.349,Primary,2,60,Open,Low,Normal,0,1,0
R01250,N0631,N0681,0.202,Tertiary,1,40,Open,Low,Normal,0,1,0
R01251,N0632,N0633,0.604,Secondary,2,50,Open,Low,Normal,0,1,0
R01252,N0632,N0682,0.313,Service,1,20,Open,Low,Normal,0,1,0
R01253,N0633,N0634,0.593,Industrial,2,40,Open,Low,Normal,0,1,0
R01254,N0633,N0683,0.349,Service,1,20,Open,Low,Normal,0,1,0
R01255,N0634,N0635,0.366,Tertiary,1,40,Open,Low,Normal,0,1,0
R01256,N0634,N0684,0.236,Industrial,2,40,Open,Low,Normal,0,1,0
R01257,N0635,N0636,0.392,Tertiary,1,40,Open,Low,Normal,0,1,0
R01258,N0635,N0685,0.458,Secondary,2,50,Open,Low,Normal,0,1,0
R01259,N0636,N0637,0.452,Emergency_Road,2,60,Open,Low,Normal,0,1,0
R01260,N0636,N0686,0.322,Tertiary,1,40,Open,Low,Normal,0,1,0
R01261,N0637,N0638,0.498,Primary,2,60,Open,Low,Normal,0,1,0
R01262,N0637,N0687,0.397,Tertiary,1,40,Open,Low,Normal,0,1,0
R01263,N0638,N0639,0.257,Emergency_Road,2,60,Open,Low,Normal,0,1,0
R01264,N0638,N0688,0.639,Residential,1,30,Open,Low,Normal,0,1,0
R01265,N0639,N0640,0.299,Secondary,2,50,Open,Low,Normal,0,1,0
R01266,N0639,N0689,0.395,Residential,1,30,Open,Low,Normal,0,1,0
R01267,N0640,N0641,0.468,Service,1,20,Open,Low,Normal,0,1,0
R01268,N0640,N0690,0.296,Tertiary,1,40,Open,Low,Normal,0,1,0
R01269,N0641,N0642,0.503,Tertiary,1,40,Open,Low,Normal,0,1,0
R01270,N0641,N0691,0.368,Emergency_Road,2,60,Open,Low,Normal,0,1,0
R01271,N0642,N0643,0.465,Tertiary,1,40,Open,Low,Normal,0,1,0
R01272,N0642,N0692,0.535,Primary,2,60,Open,Low,Normal,0,1,0
R01273,N0643,N0644,0.224,Emergency_Road,2,60,Open,Low,Normal,0,1,0
R01274,N0643,N0693,0.323,Motorway,3,80,Open,Low,Normal,0,1,0
R01275,N0644,N0645,0.543,Secondary,2,50,Open,Low,Normal,0,1,0
R01276,N0644,N0694,0.325,Industrial,2,40,Open,Low,Normal,0,1,0
R01277,N0645,N0646,0.475,Residential,1,30,Open,Low,Normal,0,1,0
R01278,N0645,N0695,0.221,Emergency_Road,2,60,Open,Low,Normal,0,1,0
R01279,N0646,N0647,0.453,Secondary,2,50,Open,Low,Normal,0,1,0
R01280,N0646,N0696,0.405,Industrial,2,40,Open,Low,Normal,0,1,0
R01281,N0647,N0648,0.385,Primary,2,60,Open,Low,Normal,0,1,0
R01282,N0647,N0697,0.196,Residential,1,30,Open,Low,Normal,0,1,0
R01283,N0648,N0649,0.254,Residential,1,30,Open,Low,Normal,0,1,0
R01284,N0648,N0698,0.295,Emergency_Road,2,60,Open,Low,Normal,0,1,0
R01285,N0649,N0650,0.263,Emergency_Road,2,60,Open,Low,Normal,0,1,0
R01286,N0649,N0699,0.454,Secondary,2,50,Open,Low,Normal,0,1,0
R01287,N0650,N0700,0.589,Tertiary,1,40,Open,Low,Normal,0,1,0
R01288,N0651,N0652,0.208,Tertiary,1,40,Open,Low,Normal,0,1,0
R01289,N0651,N0701,0.633,Tertiary,1,40,Open,Low,Normal,0,1,0
R01290,N0652,N0653,0.405,Primary,2,60,Open,Low,Normal,0,1,0
R01291,N0652,N0702,0.336,Emergency_Road,2,60,Open,Low,Normal,0,1,0
R01292,N0653,N0654,0.493,Primary,2,60,Open,Low,Normal,0,1,0
R01293,N0653,N0703,0.244,Primary,2,60,Open,Low,Normal,0,1,0
R01294,N0654,N0655,0.437,Service,1,20,Open,Low,Normal,0,1,0
R01295,N0654,N0704,0.359,Residential,1,30,Open,Low,Normal,0,1,0
R01296,N0655,N0656,0.255,Tertiary,1,40,Open,Low,Normal,0,1,0
R01297,N0655,N0705,0.623,Motorway,3,80,Open,Low,Normal,0,1,0
R01298,N0656,N0657,0.306,Motorway,3,80,Open,Low,Normal,0,1,0
R01299,N0656,N0706,0.306,Motorway,3,80,Open,Low,Normal,0,1,0
R01300,N0657,N0658,0.559,Secondary,2,50,Open,Low,Normal,0,1,0
R01301,N0657,N0707,0.38,Residential,1,30,Open,Low,Normal,0,1,0
R01302,N0658,N0659,0.584,Tertiary,1,40,Open,Low,Normal,0,1,0
R01303,N0658,N0708,0.419,Residential,1,30,Open,Low,Normal,0,1,0
R01304,N0659,N0660,0.558,Industrial,2,40,Open,Low,Normal,0,1,0
R01305,N0659,N0709,0.612,Primary,2,60,Open,Low,Normal,0,1,0
R01306,N0660,N0661,0.509,Residential,1,30,Open,Low,Normal,0,1,0
R01307,N0660,N0710,0.521,Motorway,3,80,Open,Low,Normal,0,1,0
R01308,N0661,N0662,0.231,Industrial,2,40,Open,Low,Normal,0,1,0
R01309,N0661,N0711,0.561,Primary,2,60,Open,Low,Normal,0,1,0
R01310,N0662,N0663,0.391,Service,1,20,Open,Low,Normal,0,1,0
R01311,N0662,N0712,0.279,Tertiary,1,40,Open,Low,Normal,0,1,0
R01312,N0663,N0664,0.624,Tertiary,1,40,Open,Low,Normal,0,1,0
R01313,N0663,N0713,0.623,Service,1,20,Open,Low,Normal,0,1,0
R01314,N0664,N0665,0.535,Industrial,2,40,Open,Low,Normal,0,1,0
R01315,N0664,N0714,0.294,Motorway,3,80,Open,Low,Normal,0,1,0
R01316,N0665,N0666,0.455,Tertiary,1,40,Open,Low,Normal,0,1,0
R01317,N0665,N0715,0.352,Tertiary,1,40,Open,Low,Normal,0,1,0
R01318,N0666,N0667,0.54,Residential,1,30,Open,Low,Normal,0,1,0
R01319,N0666,N0716,0.6,Secondary,2,50,Open,Low,Normal,0,1,0
R01320,N0667,N0668,0.641,Emergency_Road,2,60,Open,Low,Normal,0,1,0
R01321,N0667,N0717,0.191,Industrial,2,40,Open,Low,Normal,0,1,0
R01322,N0668,N0669,0.36,Emergency_Road,2,60,Open,Low,Normal,0,1,0
R01323,N0668,N0718,0.463,Motorway,3,80,Open,Low,Normal,0,1,0
R01324,N0669,N0670,0.579,Service,1,20,Open,Low,Normal,0,1,0
R01325,N0669,N0719,0.587,Residential,1,30,Open,Low,Normal,0,1,0
R01326,N0670,N0671,0.468,Industrial,2,40,Open,Low,Normal,0,1,0
R01327,N0670,N0720,0.59,Motorway,3,80,Open,Low,Normal,0,1,0
R01328,N0671,N0672,0.515,Tertiary,1,40,Open,Low,Normal,0,1,0
R01329,N0671,N0721,0.64,Emergency_Road,2,60,Open,Low,Normal,0,1,0
R01330,N0672,N0673,0.185,Secondary,2,50,Open,Low,Normal,0,1,0
R01331,N0672,N0722,0.562,Primary,2,60,Open,Low,Normal,0,1,0
R01332,N0673,N0674,0.609,Industrial,2,40,Open,Low,Normal,0,1,0
R01333,N0673,N0723,0.217,Tertiary,1,40,Open,Low,Normal,0,1,0
R01334,N0674,N0675,0.418,Emergency_Road,2,60,Open,Low,Normal,0,1,0
R01335,N0674,N0724,0.281,Primary,2,60,Open,Low,Normal,0,1,0
R01336,N0675,N0676,0.421,Tertiary,1,40,Open,Low,Normal,0,1,0
R01337,N0675,N0725,0.19,Primary,2,60,Open,Low,Normal,0,1,0
R01338,N0676,N0677,0.563,Tertiary,1,40,Open,Low,Normal,0,1,0
R01339,N0676,N0726,0.479,Emergency_Road,2,60,Open,Low,Normal,0,1,0
R01340,N0677,N0678,0.319,Industrial,2,40,Open,Low,Normal,0,1,0
R01341,N0677,N0727,0.3,Industrial,2,40,Open,Low,Normal,0,1,0
R01342,N0678,N0679,0.535,Emergency_Road,2,60,Open,Low,Normal,0,1,0
R01343,N0678,N0728,0.524,Service,1,20,Open,Low,Normal,0,1,0
R01344,N0679,N0680,0.595,Industrial,2,40,Open,Low,Normal,0,1,0
R01345,N0679,N0729,0.428,Secondary,2,50,Open,Low,Normal,0,1,0
R01346,N0680,N0681,0.65,Primary,2,60,Open,Low,Normal,0,1,0
R01347,N0680,N0730,0.373,Motorway,3,80,Open,Low,Normal,0,1,0
R01348,N0681,N0682,0.507,Industrial,2,40,Open,Low,Normal,0,1,0
R01349,N0681,N0731,0.375,Residential,1,30,Open,Low,Normal,0,1,0
R01350,N0682,N0683,0.344,Primary,2,60,Open,Low,Normal,0,1,0
R01351,N0682,N0732,0.249,Industrial,2,40,Open,Low,Normal,0,1,0
R01352,N0683,N0684,0.579,Residential,1,30,Open,Low,Normal,0,1,0
R01353,N0683,N0733,0.345,Tertiary,1,40,Open,Low,Normal,0,1,0
R01354,N0684,N0685,0.428,Tertiary,1,40,Open,Low,Normal,0,1,0
R01355,N0684,N0734,0.394,Tertiary,1,40,Open,Low,Normal,0,1,0
R01356,N0685,N0686,0.347,Residential,1,30,Open,Low,Normal,0,1,0
R01357,N0685,N0735,0.411,Tertiary,1,40,Open,Low,Normal,0,1,0
R01358,N0686,N0687,0.412,Emergency_Road,2,60,Open,Low,Normal,0,1,0
R01359,N0686,N0736,0.244,Secondary,2,50,Open,Low,Normal,0,1,0
R01360,N0687,N0688,0.61,Primary,2,60,Open,Low,Normal,0,1,0
R01361,N0687,N0737,0.583,Residential,1,30,Open,Low,Normal,0,1,0
R01362,N0688,N0689,0.291,Service,1,20,Open,Low,Normal,0,1,0
R01363,N0688,N0738,0.458,Tertiary,1,40,Open,Low,Normal,0,1,0
R01364,N0689,N0690,0.592,Tertiary,1,40,Open,Low,Normal,0,1,0
R01365,N0689,N0739,0.203,Tertiary,1,40,Open,Low,Normal,0,1,0
R01366,N0690,N0691,0.2,Service,1,20,Open,Low,Normal,0,1,0
R01367,N0690,N0740,0.219,Tertiary,1,40,Open,Low,Normal,0,1,0
R01368,N0691,N0692,0.59,Motorway,3,80,Open,Low,Normal,0,1,0
R01369,N0691,N0741,0.33,Primary,2,60,Open,Low,Normal,0,1,0
R01370,N0692,N0693,0.385,Tertiary,1,40,Open,Low,Normal,0,1,0
R01371,N0692,N0742,0.278,Motorway,3,80,Open,Low,Normal,0,1,0
R01372,N0693,N0694,0.612,Primary,2,60,Open,Low,Normal,0,1,0
R01373,N0693,N0743,0.429,Primary,2,60,Open,Low,Normal,0,1,0
R01374,N0694,N0695,0.609,Service,1,20,Open,Low,Normal,0,1,0
R01375,N0694,N0744,0.324,Service,1,20,Open,Low,Normal,0,1,0
R01376,N0695,N0696,0.313,Motorway,3,80,Open,Low,Normal,0,1,0
R01377,N0695,N0745,0.648,Secondary,2,50,Open,Low,Normal,0,1,0
R01378,N0696,N0697,0.524,Primary,2,60,Open,Low,Normal,0,1,0
R01379,N0696,N0746,0.592,Primary,2,60,Open,Low,Normal,0,1,0
R01380,N0697,N0698,0.196,Primary,2,60,Open,Low,Normal,0,1,0
R01381,N0697,N0747,0.624,Service,1,20,Open,Low,Normal,0,1,0
R01382,N0698,N0699,0.594,Tertiary,1,40,Open,Low,Normal,0,1,0
R01383,N0698,N0748,0.637,Service,1,20,Open,Low,Normal,0,1,0
R01384,N0699,N0700,0.497,Industrial,2,40,Open,Low,Normal,0,1,0
R01385,N0699,N0749,0.522,Secondary,2,50,Open,Low,Normal,0,1,0
R01386,N0700,N0750,0.303,Motorway,3,80,Open,Low,Normal,0,1,0
R01387,N0701,N0702,0.218,Tertiary,1,40,Open,Low,Normal,0,1,0
R01388,N0701,N0751,0.543,Primary,2,60,Open,Low,Normal,0,1,0
R01389,N0702,N0703,0.622,Residential,1,30,Open,Low,Normal,0,1,0
R01390,N0702,N0752,0.367,Emergency_Road,2,60,Open,Low,Normal,0,1,0
R01391,N0703,N0704,0.291,Residential,1,30,Open,Low,Normal,0,1,0
R01392,N0703,N0753,0.191,Residential,1,30,Open,Low,Normal,0,1,0
R01393,N0704,N0705,0.207,Emergency_Road,2,60,Open,Low,Normal,0,1,0
R01394,N0704,N0754,0.398,Service,1,20,Open,Low,Normal,0,1,0
R01395,N0705,N0706,0.531,Emergency_Road,2,60,Open,Low,Normal,0,1,0
R01396,N0705,N0755,0.496,Primary,2,60,Open,Low,Normal,0,1,0
R01397,N0706,N0707,0.212,Motorway,3,80,Open,Low,Normal,0,1,0
R01398,N0706,N0756,0.333,Primary,2,60,Open,Low,Normal,0,1,0
R01399,N0707,N0708,0.559,Secondary,2,50,Open,Low,Normal,0,1,0
R01400,N0707,N0757,0.552,Residential,1,30,Open,Low,Normal,0,1,0
R01401,N0708,N0709,0.629,Primary,2,60,Open,Low,Normal,0,1,0
R01402,N0708,N0758,0.192,Residential,1,30,Open,Low,Normal,0,1,0
R01403,N0709,N0710,0.194,Tertiary,1,40,Open,Low,Normal,0,1,0
R01404,N0709,N0759,0.234,Industrial,2,40,Open,Low,Normal,0,1,0
R01405,N0710,N0711,0.404,Industrial,2,40,Open,Low,Normal,0,1,0
R01406,N0710,N0760,0.276,Residential,1,30,Open,Low,Normal,0,1,0
R01407,N0711,N0712,0.422,Tertiary,1,40,Open,Low,Normal,0,1,0
R01408,N0711,N0761,0.496,Emergency_Road,2,60,Open,Low,Normal,0,1,0
R01409,N0712,N0713,0.498,Residential,1,30,Open,Low,Normal,0,1,0
R01410,N0712,N0762,0.626,Tertiary,1,40,Open,Low,Normal,0,1,0
R01411,N0713,N0714,0.362,Emergency_Road,2,60,Open,Low,Normal,0,1,0
R01412,N0713,N0763,0.234,Tertiary,1,40,Open,Low,Normal,0,1,0
R01413,N0714,N0715,0.462,Primary,2,60,Open,Low,Normal,0,1,0
R01414,N0714,N0764,0.265,Primary,2,60,Open,Low,Normal,0,1,0
R01415,N0715,N0716,0.288,Residential,1,30,Open,Low,Normal,0,1,0
R01416,N0715,N0765,0.546,Industrial,2,40,Open,Low,Normal,0,1,0
R01417,N0716,N0717,0.293,Secondary,2,50,Open,Low,Normal,0,1,0
R01418,N0716,N0766,0.354,Primary,2,60,Open,Low,Normal,0,1,0
R01419,N0717,N0718,0.302,Motorway,3,80,Open,Low,Normal,0,1,0
R01420,N0717,N0767,0.266,Emergency_Road,2,60,Open,Low,Normal,0,1,0
R01421,N0718,N0719,0.631,Tertiary,1,40,Open,Low,Normal,0,1,0
R01422,N0718,N0768,0.403,Tertiary,1,40,Open,Low,Normal,0,1,0
R01423,N0719,N0720,0.289,Primary,2,60,Open,Low,Normal,0,1,0
R01424,N0719,N0769,0.401,Motorway,3,80,Open,Low,Normal,0,1,0
R01425,N0720,N0721,0.573,Secondary,2,50,Open,Low,Normal,0,1,0
R01426,N0720,N0770,0.431,Motorway,3,80,Open,Low,Normal,0,1,0
R01427,N0721,N0722,0.434,Secondary,2,50,Open,Low,Normal,0,1,0
R01428,N0721,N0771,0.373,Motorway,3,80,Open,Low,Normal,0,1,0
R01429,N0722,N0723,0.238,Primary,2,60,Open,Low,Normal,0,1,0
R01430,N0722,N0772,0.537,Tertiary,1,40,Open,Low,Normal,0,1,0
R01431,N0723,N0724,0.371,Residential,1,30,Open,Low,Normal,0,1,0
R01432,N0723,N0773,0.354,Residential,1,30,Open,Low,Normal,0,1,0
R01433,N0724,N0725,0.209,Tertiary,1,40,Open,Low,Normal,0,1,0
R01434,N0724,N0774,0.329,Service,1,20,Open,Low,Normal,0,1,0
R01435,N0725,N0726,0.267,Emergency_Road,2,60,Open,Low,Normal,0,1,0
R01436,N0725,N0775,0.422,Motorway,3,80,Open,Low,Normal,0,1,0
R01437,N0726,N0727,0.215,Secondary,2,50,Open,Low,Normal,0,1,0
R01438,N0726,N0776,0.578,Industrial,2,40,Open,Low,Normal,0,1,0
R01439,N0727,N0728,0.202,Industrial,2,40,Open,Low,Normal,0,1,0
R01440,N0727,N0777,0.223,Emergency_Road,2,60,Open,Low,Normal,0,1,0
R01441,N0728,N0729,0.501,Industrial,2,40,Open,Low,Normal,0,1,0
R01442,N0728,N0778,0.233,Primary,2,60,Open,Low,Normal,0,1,0
R01443,N0729,N0730,0.499,Emergency_Road,2,60,Open,Low,Normal,0,1,0
R01444,N0729,N0779,0.211,Motorway,3,80,Open,Low,Normal,0,1,0
R01445,N0730,N0731,0.298,Service,1,20,Open,Low,Normal,0,1,0
R01446,N0730,N0780,0.217,Residential,1,30,Open,Low,Normal,0,1,0
R01447,N0731,N0732,0.472,Emergency_Road,2,60,Open,Low,Normal,0,1,0
R01448,N0731,N0781,0.526,Primary,2,60,Open,Low,Normal,0,1,0
R01449,N0732,N0733,0.352,Secondary,2,50,Open,Low,Normal,0,1,0
R01450,N0732,N0782,0.563,Industrial,2,40,Open,Low,Normal,0,1,0
R01451,N0733,N0734,0.329,Secondary,2,50,Open,Low,Normal,0,1,0
R01452,N0733,N0783,0.421,Tertiary,1,40,Open,Low,Normal,0,1,0
R01453,N0734,N0735,0.245,Tertiary,1,40,Open,Low,Normal,0,1,0
R01454,N0734,N0784,0.23,Motorway,3,80,Open,Low,Normal,0,1,0
R01455,N0735,N0736,0.543,Tertiary,1,40,Open,Low,Normal,0,1,0
R01456,N0735,N0785,0.55,Primary,2,60,Open,Low,Normal,0,1,0
R01457,N0736,N0737,0.396,Industrial,2,40,Open,Low,Normal,0,1,0
R01458,N0736,N0786,0.624,Industrial,2,40,Open,Low,Normal,0,1,0
R01459,N0737,N0738,0.644,Residential,1,30,Open,Low,Normal,0,1,0
R01460,N0737,N0787,0.604,Emergency_Road,2,60,Open,Low,Normal,0,1,0
R01461,N0738,N0739,0.37,Industrial,2,40,Open,Low,Normal,0,1,0
R01462,N0738,N0788,0.544,Secondary,2,50,Open,Low,Normal,0,1,0
R01463,N0739,N0740,0.635,Motorway,3,80,Open,Low,Normal,0,1,0
R01464,N0739,N0789,0.649,Emergency_Road,2,60,Open,Low,Normal,0,1,0
R01465,N0740,N0741,0.474,Tertiary,1,40,Open,Low,Normal,0,1,0
R01466,N0740,N0790,0.493,Residential,1,30,Open,Low,Normal,0,1,0
R01467,N0741,N0742,0.284,Tertiary,1,40,Open,Low,Normal,0,1,0
R01468,N0741,N0791,0.425,Industrial,2,40,Open,Low,Normal,0,1,0
R01469,N0742,N0743,0.193,Motorway,3,80,Open,Low,Normal,0,1,0
R01470,N0742,N0792,0.442,Industrial,2,40,Open,Low,Normal,0,1,0
R01471,N0743,N0744,0.549,Residential,1,30,Open,Low,Normal,0,1,0
R01472,N0743,N0793,0.378,Residential,1,30,Open,Low,Normal,0,1,0
R01473,N0744,N0745,0.462,Residential,1,30,Open,Low,Normal,0,1,0
R01474,N0744,N0794,0.465,Industrial,2,40,Open,Low,Normal,0,1,0
R01475,N0745,N0746,0.634,Service,1,20,Open,Low,Normal,0,1,0
R01476,N0745,N0795,0.505,Primary,2,60,Open,Low,Normal,0,1,0
R01477,N0746,N0747,0.459,Residential,1,30,Open,Low,Normal,0,1,0
R01478,N0746,N0796,0.217,Tertiary,1,40,Open,Low,Normal,0,1,0
R01479,N0747,N0748,0.338,Secondary,2,50,Open,Low,Normal,0,1,0
R01480,N0747,N0797,0.563,Tertiary,1,40,Open,Low,Normal,0,1,0
R01481,N0748,N0749,0.374,Residential,1,30,Open,Low,Normal,0,1,0
R01482,N0748,N0798,0.598,Emergency_Road,2,60,Open,Low,Normal,0,1,0
R01483,N0749,N0750,0.568,Motorway,3,80,Open,Low,Normal,0,1,0
R01484,N0749,N0799,0.636,Industrial,2,40,Open,Low,Normal,0,1,0
R01485,N0750,N0800,0.624,Service,1,20,Open,Low,Normal,0,1,0
R01486,N0751,N0752,0.402,Residential,1,30,Open,Low,Normal,0,1,0
R01487,N0751,N0801,0.225,Secondary,2,50,Open,Low,Normal,0,1,0
R01488,N0752,N0753,0.484,Residential,1,30,Open,Low,Normal,0,1,0
R01489,N0752,N0802,0.613,Tertiary,1,40,Open,Low,Normal,0,1,0
R01490,N0753,N0754,0.482,Motorway,3,80,Open,Low,Normal,0,1,0
R01491,N0753,N0803,0.295,Primary,2,60,Open,Low,Normal,0,1,0
R01492,N0754,N0755,0.234,Service,1,20,Open,Low,Normal,0,1,0
R01493,N0754,N0804,0.509,Primary,2,60,Open,Low,Normal,0,1,0
R01494,N0755,N0756,0.487,Industrial,2,40,Open,Low,Normal,0,1,0
R01495,N0755,N0805,0.475,Residential,1,30,Open,Low,Normal,0,1,0
R01496,N0756,N0757,0.587,Service,1,20,Open,Low,Normal,0,1,0
R01497,N0756,N0806,0.192,Industrial,2,40,Open,Low,Normal,0,1,0
R01498,N0757,N0758,0.226,Tertiary,1,40,Open,Low,Normal,0,1,0
R01499,N0757,N0807,0.56,Residential,1,30,Open,Low,Normal,0,1,0
R01500,N0758,N0759,0.327,Motorway,3,80,Open,Low,Normal,0,1,0
R01501,N0758,N0808,0.526,Tertiary,1,40,Open,Low,Normal,0,1,0
R01502,N0759,N0760,0.447,Residential,1,30,Open,Low,Normal,0,1,0
R01503,N0759,N0809,0.65,Industrial,2,40,Open,Low,Normal,0,1,0
R01504,N0760,N0761,0.595,Residential,1,30,Open,Low,Normal,0,1,0
R01505,N0760,N0810,0.364,Residential,1,30,Open,Low,Normal,0,1,0
R01506,N0761,N0762,0.206,Motorway,3,80,Open,Low,Normal,0,1,0
R01507,N0761,N0811,0.39,Service,1,20,Open,Low,Normal,0,1,0
R01508,N0762,N0763,0.498,Motorway,3,80,Open,Low,Normal,0,1,0
R01509,N0762,N0812,0.432,Motorway,3,80,Open,Low,Normal,0,1,0
R01510,N0763,N0764,0.358,Secondary,2,50,Open,Low,Normal,0,1,0
R01511,N0763,N0813,0.407,Motorway,3,80,Open,Low,Normal,0,1,0
R01512,N0764,N0765,0.637,Service,1,20,Open,Low,Normal,0,1,0
R01513,N0764,N0814,0.441,Primary,2,60,Open,Low,Normal,0,1,0
R01514,N0765,N0766,0.236,Emergency_Road,2,60,Open,Low,Normal,0,1,0
R01515,N0765,N0815,0.567,Primary,2,60,Open,Low,Normal,0,1,0
R01516,N0766,N0767,0.5,Primary,2,60,Open,Low,Normal,0,1,0
R01517,N0766,N0816,0.441,Emergency_Road,2,60,Open,Low,Normal,0,1,0
R01518,N0767,N0768,0.553,Service,1,20,Open,Low,Normal,0,1,0
R01519,N0767,N0817,0.567,Service,1,20,Open,Low,Normal,0,1,0
R01520,N0768,N0769,0.337,Industrial,2,40,Open,Low,Normal,0,1,0
R01521,N0768,N0818,0.363,Secondary,2,50,Open,Low,Normal,0,1,0
R01522,N0769,N0770,0.541,Residential,1,30,Open,Low,Normal,0,1,0
R01523,N0769,N0819,0.265,Tertiary,1,40,Open,Low,Normal,0,1,0
R01524,N0770,N0771,0.41,Motorway,3,80,Open,Low,Normal,0,1,0
R01525,N0770,N0820,0.633,Motorway,3,80,Open,Low,Normal,0,1,0
R01526,N0771,N0772,0.482,Industrial,2,40,Open,Low,Normal,0,1,0
R01527,N0771,N0821,0.225,Service,1,20,Open,Low,Normal,0,1,0
R01528,N0772,N0773,0.612,Motorway,3,80,Open,Low,Normal,0,1,0
R01529,N0772,N0822,0.622,Primary,2,60,Open,Low,Normal,0,1,0
R01530,N0773,N0774,0.455,Motorway,3,80,Open,Low,Normal,0,1,0
R01531,N0773,N0823,0.566,Tertiary,1,40,Open,Low,Normal,0,1,0
R01532,N0774,N0775,0.515,Motorway,3,80,Open,Low,Normal,0,1,0
R01533,N0774,N0824,0.592,Secondary,2,50,Open,Low,Normal,0,1,0
R01534,N0775,N0776,0.244,Motorway,3,80,Open,Low,Normal,0,1,0
R01535,N0775,N0825,0.581,Motorway,3,80,Open,Low,Normal,0,1,0
R01536,N0776,N0777,0.448,Tertiary,1,40,Open,Low,Normal,0,1,0
R01537,N0776,N0826,0.255,Primary,2,60,Open,Low,Normal,0,1,0
R01538,N0777,N0778,0.412,Motorway,3,80,Open,Low,Normal,0,1,0
R01539,N0777,N0827,0.489,Secondary,2,50,Open,Low,Normal,0,1,0
R01540,N0778,N0779,0.247,Secondary,2,50,Open,Low,Normal,0,1,0
R01541,N0778,N0828,0.251,Industrial,2,40,Open,Low,Normal,0,1,0
R01542,N0779,N0780,0.278,Service,1,20,Open,Low,Normal,0,1,0
R01543,N0779,N0829,0.608,Primary,2,60,Open,Low,Normal,0,1,0
R01544,N0780,N0781,0.616,Emergency_Road,2,60,Open,Low,Normal,0,1,0
R01545,N0780,N0830,0.539,Secondary,2,50,Open,Low,Normal,0,1,0
R01546,N0781,N0782,0.398,Service,1,20,Open,Low,Normal,0,1,0
R01547,N0781,N0831,0.618,Service,1,20,Open,Low,Normal,0,1,0
R01548,N0782,N0783,0.318,Residential,1,30,Open,Low,Normal,0,1,0
R01549,N0782,N0832,0.508,Primary,2,60,Open,Low,Normal,0,1,0
R01550,N0783,N0784,0.631,Motorway,3,80,Open,Low,Normal,0,1,0
R01551,N0783,N0833,0.623,Tertiary,1,40,Open,Low,Normal,0,1,0
R01552,N0784,N0785,0.38,Secondary,2,50,Open,Low,Normal,0,1,0
R01553,N0784,N0834,0.304,Primary,2,60,Open,Low,Normal,0,1,0
R01554,N0785,N0786,0.207,Primary,2,60,Open,Low,Normal,0,1,0
R01555,N0785,N0835,0.349,Emergency_Road,2,60,Open,Low,Normal,0,1,0
R01556,N0786,N0787,0.381,Service,1,20,Open,Low,Normal,0,1,0
R01557,N0786,N0836,0.35,Secondary,2,50,Open,Low,Normal,0,1,0
R01558,N0787,N0788,0.533,Emergency_Road,2,60,Open,Low,Normal,0,1,0
R01559,N0787,N0837,0.253,Motorway,3,80,Open,Low,Normal,0,1,0
R01560,N0788,N0789,0.194,Secondary,2,50,Open,Low,Normal,0,1,0
R01561,N0788,N0838,0.327,Primary,2,60,Open,Low,Normal,0,1,0
R01562,N0789,N0790,0.233,Service,1,20,Open,Low,Normal,0,1,0
R01563,N0789,N0839,0.423,Primary,2,60,Open,Low,Normal,0,1,0
R01564,N0790,N0791,0.25,Tertiary,1,40,Open,Low,Normal,0,1,0
R01565,N0790,N0840,0.364,Service,1,20,Open,Low,Normal,0,1,0
R01566,N0791,N0792,0.237,Industrial,2,40,Open,Low,Normal,0,1,0
R01567,N0791,N0841,0.528,Motorway,3,80,Open,Low,Normal,0,1,0
R01568,N0792,N0793,0.409,Motorway,3,80,Open,Low,Normal,0,1,0
R01569,N0792,N0842,0.253,Emergency_Road,2,60,Open,Low,Normal,0,1,0
R01570,N0793,N0794,0.389,Industrial,2,40,Open,Low,Normal,0,1,0
R01571,N0793,N0843,0.552,Primary,2,60,Open,Low,Normal,0,1,0
R01572,N0794,N0795,0.19,Residential,1,30,Open,Low,Normal,0,1,0
R01573,N0794,N0844,0.274,Primary,2,60,Open,Low,Normal,0,1,0
R01574,N0795,N0796,0.242,Tertiary,1,40,Open,Low,Normal,0,1,0
R01575,N0795,N0845,0.418,Primary,2,60,Open,Low,Normal,0,1,0
R01576,N0796,N0797,0.313,Primary,2,60,Open,Low,Normal,0,1,0
R01577,N0796,N0846,0.257,Service,1,20,Open,Low,Normal,0,1,0
R01578,N0797,N0798,0.363,Residential,1,30,Open,Low,Normal,0,1,0
R01579,N0797,N0847,0.203,Service,1,20,Open,Low,Normal,0,1,0
R01580,N0798,N0799,0.438,Secondary,2,50,Open,Low,Normal,0,1,0
R01581,N0798,N0848,0.22,Primary,2,60,Open,Low,Normal,0,1,0
R01582,N0799,N0800,0.38,Secondary,2,50,Open,Low,Normal,0,1,0
R01583,N0799,N0849,0.3,Industrial,2,40,Open,Low,Normal,0,1,0
R01584,N0800,N0850,0.235,Secondary,2,50,Open,Low,Normal,0,1,0
R01585,N0801,N0802,0.467,Primary,2,60,Open,Low,Normal,0,1,0
R01586,N0801,N0851,0.411,Motorway,3,80,Open,Low,Normal,0,1,0
R01587,N0802,N0803,0.204,Emergency_Road,2,60,Open,Low,Normal,0,1,0
R01588,N0802,N0852,0.373,Service,1,20,Open,Low,Normal,0,1,0
R01589,N0803,N0804,0.265,Emergency_Road,2,60,Open,Low,Normal,0,1,0
R01590,N0803,N0853,0.55,Emergency_Road,2,60,Open,Low,Normal,0,1,0
R01591,N0804,N0805,0.408,Industrial,2,40,Open,Low,Normal,0,1,0
R01592,N0804,N0854,0.327,Service,1,20,Open,Low,Normal,0,1,0
R01593,N0805,N0806,0.433,Secondary,2,50,Open,Low,Normal,0,1,0
R01594,N0805,N0855,0.52,Tertiary,1,40,Open,Low,Normal,0,1,0
R01595,N0806,N0807,0.391,Residential,1,30,Open,Low,Normal,0,1,0
R01596,N0806,N0856,0.29,Primary,2,60,Open,Low,Normal,0,1,0
R01597,N0807,N0808,0.373,Emergency_Road,2,60,Open,Low,Normal,0,1,0
R01598,N0807,N0857,0.209,Residential,1,30,Open,Low,Normal,0,1,0
R01599,N0808,N0809,0.428,Motorway,3,80,Open,Low,Normal,0,1,0
R01600,N0808,N0858,0.489,Tertiary,1,40,Open,Low,Normal,0,1,0
R01601,N0809,N0810,0.539,Service,1,20,Open,Low,Normal,0,1,0
R01602,N0809,N0859,0.513,Secondary,2,50,Open,Low,Normal,0,1,0
R01603,N0810,N0811,0.196,Industrial,2,40,Open,Low,Normal,0,1,0
R01604,N0810,N0860,0.607,Primary,2,60,Open,Low,Normal,0,1,0
R01605,N0811,N0812,0.315,Motorway,3,80,Open,Low,Normal,0,1,0
R01606,N0811,N0861,0.335,Service,1,20,Open,Low,Normal,0,1,0
R01607,N0812,N0813,0.208,Service,1,20,Open,Low,Normal,0,1,0
R01608,N0812,N0862,0.466,Residential,1,30,Open,Low,Normal,0,1,0
R01609,N0813,N0814,0.191,Residential,1,30,Open,Low,Normal,0,1,0
R01610,N0813,N0863,0.228,Motorway,3,80,Open,Low,Normal,0,1,0
R01611,N0814,N0815,0.49,Tertiary,1,40,Open,Low,Normal,0,1,0
R01612,N0814,N0864,0.221,Tertiary,1,40,Open,Low,Normal,0,1,0
R01613,N0815,N0816,0.299,Residential,1,30,Open,Low,Normal,0,1,0
R01614,N0815,N0865,0.596,Emergency_Road,2,60,Open,Low,Normal,0,1,0
R01615,N0816,N0817,0.464,Residential,1,30,Open,Low,Normal,0,1,0
R01616,N0816,N0866,0.354,Motorway,3,80,Open,Low,Normal,0,1,0
R01617,N0817,N0818,0.477,Secondary,2,50,Open,Low,Normal,0,1,0
R01618,N0817,N0867,0.23,Industrial,2,40,Open,Low,Normal,0,1,0
R01619,N0818,N0819,0.338,Primary,2,60,Open,Low,Normal,0,1,0
R01620,N0818,N0868,0.289,Residential,1,30,Open,Low,Normal,0,1,0
R01621,N0819,N0820,0.187,Primary,2,60,Open,Low,Normal,0,1,0
R01622,N0819,N0869,0.515,Industrial,2,40,Open,Low,Normal,0,1,0
R01623,N0820,N0821,0.446,Residential,1,30,Open,Low,Normal,0,1,0
R01624,N0820,N0870,0.218,Industrial,2,40,Open,Low,Normal,0,1,0
R01625,N0821,N0822,0.255,Service,1,20,Open,Low,Normal,0,1,0
R01626,N0821,N0871,0.512,Service,1,20,Open,Low,Normal,0,1,0
R01627,N0822,N0823,0.519,Primary,2,60,Open,Low,Normal,0,1,0
R01628,N0822,N0872,0.223,Residential,1,30,Open,Low,Normal,0,1,0
R01629,N0823,N0824,0.44,Emergency_Road,2,60,Open,Low,Normal,0,1,0
R01630,N0823,N0873,0.544,Motorway,3,80,Open,Low,Normal,0,1,0
R01631,N0824,N0825,0.478,Emergency_Road,2,60,Open,Low,Normal,0,1,0
R01632,N0824,N0874,0.421,Primary,2,60,Open,Low,Normal,0,1,0
R01633,N0825,N0826,0.207,Emergency_Road,2,60,Open,Low,Normal,0,1,0
R01634,N0825,N0875,0.231,Residential,1,30,Open,Low,Normal,0,1,0
R01635,N0826,N0827,0.545,Emergency_Road,2,60,Open,Low,Normal,0,1,0
R01636,N0826,N0876,0.38,Service,1,20,Open,Low,Normal,0,1,0
R01637,N0827,N0828,0.347,Residential,1,30,Open,Low,Normal,0,1,0
R01638,N0827,N0877,0.225,Primary,2,60,Open,Low,Normal,0,1,0
R01639,N0828,N0829,0.28,Residential,1,30,Open,Low,Normal,0,1,0
R01640,N0828,N0878,0.542,Residential,1,30,Open,Low,Normal,0,1,0
R01641,N0829,N0830,0.609,Motorway,3,80,Open,Low,Normal,0,1,0
R01642,N0829,N0879,0.473,Emergency_Road,2,60,Open,Low,Normal,0,1,0
R01643,N0830,N0831,0.438,Tertiary,1,40,Open,Low,Normal,0,1,0
R01644,N0830,N0880,0.377,Secondary,2,50,Open,Low,Normal,0,1,0
R01645,N0831,N0832,0.494,Primary,2,60,Open,Low,Normal,0,1,0
R01646,N0831,N0881,0.339,Primary,2,60,Open,Low,Normal,0,1,0
R01647,N0832,N0833,0.578,Service,1,20,Open,Low,Normal,0,1,0
R01648,N0832,N0882,0.586,Secondary,2,50,Open,Low,Normal,0,1,0
R01649,N0833,N0834,0.617,Industrial,2,40,Open,Low,Normal,0,1,0
R01650,N0833,N0883,0.542,Tertiary,1,40,Open,Low,Normal,0,1,0
R01651,N0834,N0835,0.503,Secondary,2,50,Open,Low,Normal,0,1,0
R01652,N0834,N0884,0.273,Emergency_Road,2,60,Open,Low,Normal,0,1,0
R01653,N0835,N0836,0.274,Motorway,3,80,Open,Low,Normal,0,1,0
R01654,N0835,N0885,0.299,Residential,1,30,Open,Low,Normal,0,1,0
R01655,N0836,N0837,0.235,Industrial,2,40,Open,Low,Normal,0,1,0
R01656,N0836,N0886,0.3,Industrial,2,40,Open,Low,Normal,0,1,0
R01657,N0837,N0838,0.628,Service,1,20,Open,Low,Normal,0,1,0
R01658,N0837,N0887,0.313,Residential,1,30,Open,Low,Normal,0,1,0
R01659,N0838,N0839,0.196,Industrial,2,40,Open,Low,Normal,0,1,0
R01660,N0838,N0888,0.612,Industrial,2,40,Open,Low,Normal,0,1,0
R01661,N0839,N0840,0.346,Primary,2,60,Open,Low,Normal,0,1,0
R01662,N0839,N0889,0.543,Emergency_Road,2,60,Open,Low,Normal,0,1,0
R01663,N0840,N0841,0.47,Service,1,20,Open,Low,Normal,0,1,0
R01664,N0840,N0890,0.5,Tertiary,1,40,Open,Low,Normal,0,1,0
R01665,N0841,N0842,0.215,Residential,1,30,Open,Low,Normal,0,1,0
R01666,N0841,N0891,0.274,Motorway,3,80,Open,Low,Normal,0,1,0
R01667,N0842,N0843,0.469,Primary,2,60,Open,Low,Normal,0,1,0
R01668,N0842,N0892,0.639,Primary,2,60,Open,Low,Normal,0,1,0
R01669,N0843,N0844,0.358,Primary,2,60,Open,Low,Normal,0,1,0
R01670,N0843,N0893,0.34,Motorway,3,80,Open,Low,Normal,0,1,0
R01671,N0844,N0845,0.376,Residential,1,30,Open,Low,Normal,0,1,0
R01672,N0844,N0894,0.339,Motorway,3,80,Open,Low,Normal,0,1,0
R01673,N0845,N0846,0.54,Secondary,2,50,Open,Low,Normal,0,1,0
R01674,N0845,N0895,0.616,Tertiary,1,40,Open,Low,Normal,0,1,0
R01675,N0846,N0847,0.34,Industrial,2,40,Open,Low,Normal,0,1,0
R01676,N0846,N0896,0.378,Emergency_Road,2,60,Open,Low,Normal,0,1,0
R01677,N0847,N0848,0.425,Emergency_Road,2,60,Open,Low,Normal,0,1,0
R01678,N0847,N0897,0.358,Service,1,20,Open,Low,Normal,0,1,0
R01679,N0848,N0849,0.434,Secondary,2,50,Open,Low,Normal,0,1,0
R01680,N0848,N0898,0.189,Tertiary,1,40,Open,Low,Normal,0,1,0
R01681,N0849,N0850,0.261,Secondary,2,50,Open,Low,Normal,0,1,0
R01682,N0849,N0899,0.394,Primary,2,60,Open,Low,Normal,0,1,0
R01683,N0850,N0900,0.219,Secondary,2,50,Open,Low,Normal,0,1,0
R01684,N0851,N0852,0.551,Service,1,20,Open,Low,Normal,0,1,0
R01685,N0851,N0901,0.615,Service,1,20,Open,Low,Normal,0,1,0
R01686,N0852,N0853,0.216,Secondary,2,50,Open,Low,Normal,0,1,0
R01687,N0852,N0902,0.431,Service,1,20,Open,Low,Normal,0,1,0
R01688,N0853,N0854,0.534,Tertiary,1,40,Open,Low,Normal,0,1,0
R01689,N0853,N0903,0.186,Service,1,20,Open,Low,Normal,0,1,0
R01690,N0854,N0855,0.515,Industrial,2,40,Open,Low,Normal,0,1,0
R01691,N0854,N0904,0.431,Tertiary,1,40,Open,Low,Normal,0,1,0
R01692,N0855,N0856,0.38,Emergency_Road,2,60,Open,Low,Normal,0,1,0
R01693,N0855,N0905,0.525,Service,1,20,Open,Low,Normal,0,1,0
R01694,N0856,N0857,0.315,Secondary,2,50,Open,Low,Normal,0,1,0
R01695,N0856,N0906,0.561,Residential,1,30,Open,Low,Normal,0,1,0
R01696,N0857,N0858,0.587,Primary,2,60,Open,Low,Normal,0,1,0
R01697,N0857,N0907,0.488,Primary,2,60,Open,Low,Normal,0,1,0
R01698,N0858,N0859,0.332,Secondary,2,50,Open,Low,Normal,0,1,0
R01699,N0858,N0908,0.488,Service,1,20,Open,Low,Normal,0,1,0
R01700,N0859,N0860,0.378,Residential,1,30,Open,Low,Normal,0,1,0
R01701,N0859,N0909,0.497,Tertiary,1,40,Open,Low,Normal,0,1,0
R01702,N0860,N0861,0.568,Tertiary,1,40,Open,Low,Normal,0,1,0
R01703,N0860,N0910,0.227,Motorway,3,80,Open,Low,Normal,0,1,0
R01704,N0861,N0862,0.648,Service,1,20,Open,Low,Normal,0,1,0
R01705,N0861,N0911,0.214,Emergency_Road,2,60,Open,Low,Normal,0,1,0
R01706,N0862,N0863,0.35,Residential,1,30,Open,Low,Normal,0,1,0
R01707,N0862,N0912,0.277,Emergency_Road,2,60,Open,Low,Normal,0,1,0
R01708,N0863,N0864,0.285,Service,1,20,Open,Low,Normal,0,1,0
R01709,N0863,N0913,0.627,Motorway,3,80,Open,Low,Normal,0,1,0
R01710,N0864,N0865,0.571,Secondary,2,50,Open,Low,Normal,0,1,0
R01711,N0864,N0914,0.498,Primary,2,60,Open,Low,Normal,0,1,0
R01712,N0865,N0866,0.425,Tertiary,1,40,Open,Low,Normal,0,1,0
R01713,N0865,N0915,0.452,Service,1,20,Open,Low,Normal,0,1,0
R01714,N0866,N0867,0.638,Secondary,2,50,Open,Low,Normal,0,1,0
R01715,N0866,N0916,0.387,Service,1,20,Open,Low,Normal,0,1,0
R01716,N0867,N0868,0.463,Emergency_Road,2,60,Open,Low,Normal,0,1,0
R01717,N0867,N0917,0.467,Emergency_Road,2,60,Open,Low,Normal,0,1,0
R01718,N0868,N0869,0.55,Service,1,20,Open,Low,Normal,0,1,0
R01719,N0868,N0918,0.344,Tertiary,1,40,Open,Low,Normal,0,1,0
R01720,N0869,N0870,0.637,Emergency_Road,2,60,Open,Low,Normal,0,1,0
R01721,N0869,N0919,0.332,Tertiary,1,40,Open,Low,Normal,0,1,0
R01722,N0870,N0871,0.375,Service,1,20,Open,Low,Normal,0,1,0
R01723,N0870,N0920,0.422,Primary,2,60,Open,Low,Normal,0,1,0
R01724,N0871,N0872,0.425,Motorway,3,80,Open,Low,Normal,0,1,0
R01725,N0871,N0921,0.231,Service,1,20,Open,Low,Normal,0,1,0
R01726,N0872,N0873,0.266,Primary,2,60,Open,Low,Normal,0,1,0
R01727,N0872,N0922,0.538,Service,1,20,Open,Low,Normal,0,1,0
R01728,N0873,N0874,0.313,Service,1,20,Open,Low,Normal,0,1,0
R01729,N0873,N0923,0.532,Primary,2,60,Open,Low,Normal,0,1,0
R01730,N0874,N0875,0.423,Residential,1,30,Open,Low,Normal,0,1,0
R01731,N0874,N0924,0.303,Tertiary,1,40,Open,Low,Normal,0,1,0
R01732,N0875,N0876,0.237,Motorway,3,80,Open,Low,Normal,0,1,0
R01733,N0875,N0925,0.258,Secondary,2,50,Open,Low,Normal,0,1,0
R01734,N0876,N0877,0.279,Industrial,2,40,Open,Low,Normal,0,1,0
R01735,N0876,N0926,0.35,Service,1,20,Open,Low,Normal,0,1,0
R01736,N0877,N0878,0.18,Primary,2,60,Open,Low,Normal,0,1,0
R01737,N0877,N0927,0.192,Motorway,3,80,Open,Low,Normal,0,1,0
R01738,N0878,N0879,0.592,Emergency_Road,2,60,Open,Low,Normal,0,1,0
R01739,N0878,N0928,0.424,Service,1,20,Open,Low,Normal,0,1,0
R01740,N0879,N0880,0.508,Emergency_Road,2,60,Open,Low,Normal,0,1,0
R01741,N0879,N0929,0.509,Secondary,2,50,Open,Low,Normal,0,1,0
R01742,N0880,N0881,0.637,Service,1,20,Open,Low,Normal,0,1,0
R01743,N0880,N0930,0.204,Secondary,2,50,Open,Low,Normal,0,1,0
R01744,N0881,N0882,0.418,Primary,2,60,Open,Low,Normal,0,1,0
R01745,N0881,N0931,0.543,Industrial,2,40,Open,Low,Normal,0,1,0
R01746,N0882,N0883,0.383,Secondary,2,50,Open,Low,Normal,0,1,0
R01747,N0882,N0932,0.289,Industrial,2,40,Open,Low,Normal,0,1,0
R01748,N0883,N0884,0.289,Residential,1,30,Open,Low,Normal,0,1,0
R01749,N0883,N0933,0.542,Service,1,20,Open,Low,Normal,0,1,0
R01750,N0884,N0885,0.337,Service,1,20,Open,Low,Normal,0,1,0
R01751,N0884,N0934,0.334,Service,1,20,Open,Low,Normal,0,1,0
R01752,N0885,N0886,0.307,Tertiary,1,40,Open,Low,Normal,0,1,0
R01753,N0885,N0935,0.426,Residential,1,30,Open,Low,Normal,0,1,0
R01754,N0886,N0887,0.316,Service,1,20,Open,Low,Normal,0,1,0
R01755,N0886,N0936,0.322,Service,1,20,Open,Low,Normal,0,1,0
R01756,N0887,N0888,0.354,Primary,2,60,Open,Low,Normal,0,1,0
R01757,N0887,N0937,0.503,Motorway,3,80,Open,Low,Normal,0,1,0
R01758,N0888,N0889,0.205,Tertiary,1,40,Open,Low,Normal,0,1,0
R01759,N0888,N0938,0.6,Tertiary,1,40,Open,Low,Normal,0,1,0
R01760,N0889,N0890,0.591,Motorway,3,80,Open,Low,Normal,0,1,0
R01761,N0889,N0939,0.481,Emergency_Road,2,60,Open,Low,Normal,0,1,0
R01762,N0890,N0891,0.447,Motorway,3,80,Open,Low,Normal,0,1,0
R01763,N0890,N0940,0.206,Industrial,2,40,Open,Low,Normal,0,1,0
R01764,N0891,N0892,0.249,Service,1,20,Open,Low,Normal,0,1,0
R01765,N0891,N0941,0.64,Primary,2,60,Open,Low,Normal,0,1,0
R01766,N0892,N0893,0.594,Emergency_Road,2,60,Open,Low,Normal,0,1,0
R01767,N0892,N0942,0.627,Secondary,2,50,Open,Low,Normal,0,1,0
R01768,N0893,N0894,0.332,Primary,2,60,Open,Low,Normal,0,1,0
R01769,N0893,N0943,0.202,Residential,1,30,Open,Low,Normal,0,1,0
R01770,N0894,N0895,0.217,Service,1,20,Open,Low,Normal,0,1,0
R01771,N0894,N0944,0.19,Service,1,20,Open,Low,Normal,0,1,0
R01772,N0895,N0896,0.362,Industrial,2,40,Open,Low,Normal,0,1,0
R01773,N0895,N0945,0.289,Emergency_Road,2,60,Open,Low,Normal,0,1,0
R01774,N0896,N0897,0.552,Secondary,2,50,Open,Low,Normal,0,1,0
R01775,N0896,N0946,0.398,Motorway,3,80,Open,Low,Normal,0,1,0
R01776,N0897,N0898,0.311,Service,1,20,Open,Low,Normal,0,1,0
R01777,N0897,N0947,0.224,Service,1,20,Open,Low,Normal,0,1,0
R01778,N0898,N0899,0.187,Primary,2,60,Open,Low,Normal,0,1,0
R01779,N0898,N0948,0.633,Primary,2,60,Open,Low,Normal,0,1,0
R01780,N0899,N0900,0.424,Secondary,2,50,Open,Low,Normal,0,1,0
R01781,N0899,N0949,0.193,Residential,1,30,Open,Low,Normal,0,1,0
R01782,N0900,N0950,0.492,Motorway,3,80,Open,Low,Normal,0,1,0
R01783,N0901,N0902,0.589,Emergency_Road,2,60,Open,Low,Normal,0,1,0
R01784,N0901,N0951,0.277,Secondary,2,50,Open,Low,Normal,0,1,0
R01785,N0902,N0903,0.379,Service,1,20,Open,Low,Normal,0,1,0
R01786,N0902,N0952,0.488,Tertiary,1,40,Open,Low,Normal,0,1,0
R01787,N0903,N0904,0.615,Residential,1,30,Open,Low,Normal,0,1,0
R01788,N0903,N0953,0.415,Emergency_Road,2,60,Open,Low,Normal,0,1,0
R01789,N0904,N0905,0.428,Tertiary,1,40,Open,Low,Normal,0,1,0
R01790,N0904,N0954,0.561,Motorway,3,80,Open,Low,Normal,0,1,0
R01791,N0905,N0906,0.539,Motorway,3,80,Open,Low,Normal,0,1,0
R01792,N0905,N0955,0.33,Emergency_Road,2,60,Open,Low,Normal,0,1,0
R01793,N0906,N0907,0.256,Service,1,20,Open,Low,Normal,0,1,0
R01794,N0906,N0956,0.575,Industrial,2,40,Open,Low,Normal,0,1,0
R01795,N0907,N0908,0.635,Primary,2,60,Open,Low,Normal,0,1,0
R01796,N0907,N0957,0.454,Primary,2,60,Open,Low,Normal,0,1,0
R01797,N0908,N0909,0.539,Service,1,20,Open,Low,Normal,0,1,0
R01798,N0908,N0958,0.626,Industrial,2,40,Open,Low,Normal,0,1,0
R01799,N0909,N0910,0.407,Motorway,3,80,Open,Low,Normal,0,1,0
R01800,N0909,N0959,0.303,Primary,2,60,Open,Low,Normal,0,1,0
R01801,N0910,N0911,0.473,Tertiary,1,40,Open,Low,Normal,0,1,0
R01802,N0910,N0960,0.271,Emergency_Road,2,60,Open,Low,Normal,0,1,0
R01803,N0911,N0912,0.2,Industrial,2,40,Open,Low,Normal,0,1,0
R01804,N0911,N0961,0.289,Primary,2,60,Open,Low,Normal,0,1,0
R01805,N0912,N0913,0.482,Industrial,2,40,Open,Low,Normal,0,1,0
R01806,N0912,N0962,0.346,Tertiary,1,40,Open,Low,Normal,0,1,0
R01807,N0913,N0914,0.291,Motorway,3,80,Open,Low,Normal,0,1,0
R01808,N0913,N0963,0.415,Motorway,3,80,Open,Low,Normal,0,1,0
R01809,N0914,N0915,0.297,Motorway,3,80,Open,Low,Normal,0,1,0
R01810,N0914,N0964,0.426,Motorway,3,80,Open,Low,Normal,0,1,0
R01811,N0915,N0916,0.487,Primary,2,60,Open,Low,Normal,0,1,0
R01812,N0915,N0965,0.44,Secondary,2,50,Open,Low,Normal,0,1,0
R01813,N0916,N0917,0.568,Tertiary,1,40,Open,Low,Normal,0,1,0
R01814,N0916,N0966,0.503,Secondary,2,50,Open,Low,Normal,0,1,0
R01815,N0917,N0918,0.497,Primary,2,60,Open,Low,Normal,0,1,0
R01816,N0917,N0967,0.426,Motorway,3,80,Open,Low,Normal,0,1,0
R01817,N0918,N0919,0.266,Residential,1,30,Open,Low,Normal,0,1,0
R01818,N0918,N0968,0.306,Primary,2,60,Open,Low,Normal,0,1,0
R01819,N0919,N0920,0.484,Secondary,2,50,Open,Low,Normal,0,1,0
R01820,N0919,N0969,0.459,Residential,1,30,Open,Low,Normal,0,1,0
R01821,N0920,N0921,0.612,Industrial,2,40,Open,Low,Normal,0,1,0
R01822,N0920,N0970,0.184,Industrial,2,40,Open,Low,Normal,0,1,0
R01823,N0921,N0922,0.291,Emergency_Road,2,60,Open,Low,Normal,0,1,0
R01824,N0921,N0971,0.556,Service,1,20,Open,Low,Normal,0,1,0
R01825,N0922,N0923,0.615,Industrial,2,40,Open,Low,Normal,0,1,0
R01826,N0922,N0972,0.46,Motorway,3,80,Open,Low,Normal,0,1,0
R01827,N0923,N0924,0.193,Industrial,2,40,Open,Low,Normal,0,1,0
R01828,N0923,N0973,0.288,Industrial,2,40,Open,Low,Normal,0,1,0
R01829,N0924,N0925,0.274,Emergency_Road,2,60,Open,Low,Normal,0,1,0
R01830,N0924,N0974,0.465,Primary,2,60,Open,Low,Normal,0,1,0
R01831,N0925,N0926,0.388,Service,1,20,Open,Low,Normal,0,1,0
R01832,N0925,N0975,0.27,Secondary,2,50,Open,Low,Normal,0,1,0
R01833,N0926,N0927,0.21,Residential,1,30,Open,Low,Normal,0,1,0
R01834,N0926,N0976,0.201,Service,1,20,Open,Low,Normal,0,1,0
R01835,N0927,N0928,0.293,Motorway,3,80,Open,Low,Normal,0,1,0
R01836,N0927,N0977,0.369,Emergency_Road,2,60,Open,Low,Normal,0,1,0
R01837,N0928,N0929,0.513,Service,1,20,Open,Low,Normal,0,1,0
R01838,N0928,N0978,0.605,Emergency_Road,2,60,Open,Low,Normal,0,1,0
R01839,N0929,N0930,0.561,Motorway,3,80,Open,Low,Normal,0,1,0
R01840,N0929,N0979,0.356,Primary,2,60,Open,Low,Normal,0,1,0
R01841,N0930,N0931,0.585,Motorway,3,80,Open,Low,Normal,0,1,0
R01842,N0930,N0980,0.566,Secondary,2,50,Open,Low,Normal,0,1,0
R01843,N0931,N0932,0.622,Secondary,2,50,Open,Low,Normal,0,1,0
R01844,N0931,N0981,0.567,Residential,1,30,Open,Low,Normal,0,1,0
R01845,N0932,N0933,0.296,Industrial,2,40,Open,Low,Normal,0,1,0
R01846,N0932,N0982,0.371,Residential,1,30,Open,Low,Normal,0,1,0
R01847,N0933,N0934,0.203,Service,1,20,Open,Low,Normal,0,1,0
R01848,N0933,N0983,0.288,Emergency_Road,2,60,Open,Low,Normal,0,1,0
R01849,N0934,N0935,0.647,Primary,2,60,Open,Low,Normal,0,1,0
R01850,N0934,N0984,0.618,Residential,1,30,Open,Low,Normal,0,1,0
R01851,N0935,N0936,0.313,Service,1,20,Open,Low,Normal,0,1,0
R01852,N0935,N0985,0.362,Residential,1,30,Open,Low,Normal,0,1,0
R01853,N0936,N0937,0.609,Service,1,20,Open,Low,Normal,0,1,0
R01854,N0936,N0986,0.328,Secondary,2,50,Open,Low,Normal,0,1,0
R01855,N0937,N0938,0.429,Primary,2,60,Open,Low,Normal,0,1,0
R01856,N0937,N0987,0.392,Primary,2,60,Open,Low,Normal,0,1,0
R01857,N0938,N0939,0.525,Service,1,20,Open,Low,Normal,0,1,0
R01858,N0938,N0988,0.491,Industrial,2,40,Open,Low,Normal,0,1,0
R01859,N0939,N0940,0.46,Service,1,20,Open,Low,Normal,0,1,0
R01860,N0939,N0989,0.456,Industrial,2,40,Open,Low,Normal,0,1,0
R01861,N0940,N0941,0.584,Industrial,2,40,Open,Low,Normal,0,1,0
R01862,N0940,N0990,0.495,Primary,2,60,Open,Low,Normal,0,1,0
R01863,N0941,N0942,0.311,Emergency_Road,2,60,Open,Low,Normal,0,1,0
R01864,N0941,N0991,0.489,Secondary,2,50,Open,Low,Normal,0,1,0
R01865,N0942,N0943,0.384,Emergency_Road,2,60,Open,Low,Normal,0,1,0
R01866,N0942,N0992,0.2,Industrial,2,40,Open,Low,Normal,0,1,0
R01867,N0943,N0944,0.584,Motorway,3,80,Open,Low,Normal,0,1,0
R01868,N0943,N0993,0.315,Secondary,2,50,Open,Low,Normal,0,1,0
R01869,N0944,N0945,0.366,Service,1,20,Open,Low,Normal,0,1,0
R01870,N0944,N0994,0.492,Service,1,20,Open,Low,Normal,0,1,0
R01871,N0945,N0946,0.256,Motorway,3,80,Open,Low,Normal,0,1,0
R01872,N0945,N0995,0.201,Primary,2,60,Open,Low,Normal,0,1,0
R01873,N0946,N0947,0.216,Secondary,2,50,Open,Low,Normal,0,1,0
R01874,N0946,N0996,0.402,Secondary,2,50,Open,Low,Normal,0,1,0
R01875,N0947,N0948,0.555,Tertiary,1,40,Open,Low,Normal,0,1,0
R01876,N0947,N0997,0.518,Tertiary,1,40,Open,Low,Normal,0,1,0
R01877,N0948,N0949,0.401,Tertiary,1,40,Open,Low,Normal,0,1,0
R01878,N0948,N0998,0.238,Emergency_Road,2,60,Open,Low,Normal,0,1,0
R01879,N0949,N0950,0.625,Tertiary,1,40,Open,Low,Normal,0,1,0
R01880,N0949,N0999,0.246,Primary,2,60,Open,Low,Normal,0,1,0
R01881,N0950,N1000,0.214,Service,1,20,Open,Low,Normal,0,1,0
R01882,N0951,N0952,0.609,Industrial,2,40,Open,Low,Normal,0,1,0
R01883,N0951,N1001,0.638,Emergency_Road,2,60,Open,Low,Normal,0,1,0
R01884,N0952,N0953,0.2,Industrial,2,40,Open,Low,Normal,0,1,0
R01885,N0952,N1002,0.5,Emergency_Road,2,60,Open,Low,Normal,0,1,0
R01886,N0953,N0954,0.26,Secondary,2,50,Open,Low,Normal,0,1,0
R01887,N0953,N1003,0.459,Primary,2,60,Open,Low,Normal,0,1,0
R01888,N0954,N0955,0.291,Emergency_Road,2,60,Open,Low,Normal,0,1,0
R01889,N0954,N1004,0.635,Motorway,3,80,Open,Low,Normal,0,1,0
R01890,N0955,N0956,0.477,Service,1,20,Open,Low,Normal,0,1,0
R01891,N0955,N1005,0.23,Residential,1,30,Open,Low,Normal,0,1,0
R01892,N0956,N0957,0.258,Residential,1,30,Open,Low,Normal,0,1,0
R01893,N0956,N1006,0.246,Secondary,2,50,Open,Low,Normal,0,1,0
R01894,N0957,N0958,0.488,Secondary,2,50,Open,Low,Normal,0,1,0
R01895,N0957,N1007,0.382,Service,1,20,Open,Low,Normal,0,1,0
R01896,N0958,N0959,0.451,Primary,2,60,Open,Low,Normal,0,1,0
R01897,N0958,N1008,0.649,Residential,1,30,Open,Low,Normal,0,1,0
R01898,N0959,N0960,0.28,Tertiary,1,40,Open,Low,Normal,0,1,0
R01899,N0959,N1009,0.647,Motorway,3,80,Open,Low,Normal,0,1,0
R01900,N0960,N0961,0.184,Emergency_Road,2,60,Open,Low,Normal,0,1,0
R01901,N0960,N1010,0.421,Emergency_Road,2,60,Open,Low,Normal,0,1,0
R01902,N0961,N0962,0.271,Secondary,2,50,Open,Low,Normal,0,1,0
R01903,N0961,N1011,0.623,Industrial,2,40,Open,Low,Normal,0,1,0
R01904,N0962,N0963,0.326,Emergency_Road,2,60,Open,Low,Normal,0,1,0
R01905,N0962,N1012,0.565,Tertiary,1,40,Open,Low,Normal,0,1,0
R01906,N0963,N0964,0.632,Emergency_Road,2,60,Open,Low,Normal,0,1,0
R01907,N0963,N1013,0.552,Industrial,2,40,Open,Low,Normal,0,1,0
R01908,N0964,N0965,0.534,Secondary,2,50,Open,Low,Normal,0,1,0
R01909,N0964,N1014,0.304,Primary,2,60,Open,Low,Normal,0,1,0
R01910,N0965,N0966,0.565,Residential,1,30,Open,Low,Normal,0,1,0
R01911,N0965,N1015,0.248,Motorway,3,80,Open,Low,Normal,0,1,0
R01912,N0966,N0967,0.558,Primary,2,60,Open,Low,Normal,0,1,0
R01913,N0966,N1016,0.262,Emergency_Road,2,60,Open,Low,Normal,0,1,0
R01914,N0967,N0968,0.572,Industrial,2,40,Open,Low,Normal,0,1,0
R01915,N0967,N1017,0.578,Industrial,2,40,Open,Low,Normal,0,1,0
R01916,N0968,N0969,0.508,Secondary,2,50,Open,Low,Normal,0,1,0
R01917,N0968,N1018,0.569,Residential,1,30,Open,Low,Normal,0,1,0
R01918,N0969,N0970,0.518,Emergency_Road,2,60,Open,Low,Normal,0,1,0
R01919,N0969,N1019,0.224,Service,1,20,Open,Low,Normal,0,1,0
R01920,N0970,N0971,0.324,Primary,2,60,Open,Low,Normal,0,1,0
R01921,N0970,N1020,0.262,Primary,2,60,Open,Low,Normal,0,1,0
R01922,N0971,N0972,0.318,Tertiary,1,40,Open,Low,Normal,0,1,0
R01923,N0971,N1021,0.495,Motorway,3,80,Open,Low,Normal,0,1,0
R01924,N0972,N0973,0.43,Motorway,3,80,Open,Low,Normal,0,1,0
R01925,N0972,N1022,0.476,Emergency_Road,2,60,Open,Low,Normal,0,1,0
R01926,N0973,N0974,0.316,Primary,2,60,Open,Low,Normal,0,1,0
R01927,N0973,N1023,0.603,Service,1,20,Open,Low,Normal,0,1,0
R01928,N0974,N0975,0.541,Residential,1,30,Open,Low,Normal,0,1,0
R01929,N0974,N1024,0.506,Industrial,2,40,Open,Low,Normal,0,1,0
R01930,N0975,N0976,0.4,Motorway,3,80,Open,Low,Normal,0,1,0
R01931,N0975,N1025,0.314,Motorway,3,80,Open,Low,Normal,0,1,0
R01932,N0976,N0977,0.427,Industrial,2,40,Open,Low,Normal,0,1,0
R01933,N0976,N1026,0.292,Industrial,2,40,Open,Low,Normal,0,1,0
R01934,N0977,N0978,0.408,Tertiary,1,40,Open,Low,Normal,0,1,0
R01935,N0977,N1027,0.529,Motorway,3,80,Open,Low,Normal,0,1,0
R01936,N0978,N0979,0.244,Tertiary,1,40,Open,Low,Normal,0,1,0
R01937,N0978,N1028,0.5,Tertiary,1,40,Open,Low,Normal,0,1,0
R01938,N0979,N0980,0.473,Industrial,2,40,Open,Low,Normal,0,1,0
R01939,N0979,N1029,0.48,Emergency_Road,2,60,Open,Low,Normal,0,1,0
R01940,N0980,N0981,0.46,Primary,2,60,Open,Low,Normal,0,1,0
R01941,N0980,N1030,0.214,Tertiary,1,40,Open,Low,Normal,0,1,0
R01942,N0981,N0982,0.439,Residential,1,30,Open,Low,Normal,0,1,0
R01943,N0981,N1031,0.644,Secondary,2,50,Open,Low,Normal,0,1,0
R01944,N0982,N0983,0.301,Emergency_Road,2,60,Open,Low,Normal,0,1,0
R01945,N0982,N1032,0.381,Residential,1,30,Open,Low,Normal,0,1,0
R01946,N0983,N0984,0.215,Motorway,3,80,Open,Low,Normal,0,1,0
R01947,N0983,N1033,0.216,Industrial,2,40,Open,Low,Normal,0,1,0
R01948,N0984,N0985,0.397,Tertiary,1,40,Open,Low,Normal,0,1,0
R01949,N0984,N1034,0.478,Industrial,2,40,Open,Low,Normal,0,1,0
R01950,N0985,N0986,0.246,Secondary,2,50,Open,Low,Normal,0,1,0
R01951,N0985,N1035,0.272,Service,1,20,Open,Low,Normal,0,1,0
R01952,N0986,N0987,0.267,Primary,2,60,Open,Low,Normal,0,1,0
R01953,N0986,N1036,0.419,Motorway,3,80,Open,Low,Normal,0,1,0
R01954,N0987,N0988,0.575,Service,1,20,Open,Low,Normal,0,1,0
R01955,N0987,N1037,0.233,Secondary,2,50,Open,Low,Normal,0,1,0
R01956,N0988,N0989,0.617,Residential,1,30,Open,Low,Normal,0,1,0
R01957,N0988,N1038,0.497,Emergency_Road,2,60,Open,Low,Normal,0,1,0
R01958,N0989,N0990,0.614,Service,1,20,Open,Low,Normal,0,1,0
R01959,N0989,N1039,0.588,Motorway,3,80,Open,Low,Normal,0,1,0
R01960,N0990,N0991,0.598,Secondary,2,50,Open,Low,Normal,0,1,0
R01961,N0990,N1040,0.57,Residential,1,30,Open,Low,Normal,0,1,0
R01962,N0991,N0992,0.566,Motorway,3,80,Open,Low,Normal,0,1,0
R01963,N0991,N1041,0.39,Secondary,2,50,Open,Low,Normal,0,1,0
R01964,N0992,N0993,0.285,Tertiary,1,40,Open,Low,Normal,0,1,0
R01965,N0992,N1042,0.264,Secondary,2,50,Open,Low,Normal,0,1,0
R01966,N0993,N0994,0.187,Industrial,2,40,Open,Low,Normal,0,1,0
R01967,N0993,N1043,0.493,Emergency_Road,2,60,Open,Low,Normal,0,1,0
R01968,N0994,N0995,0.432,Service,1,20,Open,Low,Normal,0,1,0
R01969,N0994,N1044,0.496,Industrial,2,40,Open,Low,Normal,0,1,0
R01970,N0995,N0996,0.225,Residential,1,30,Open,Low,Normal,0,1,0
R01971,N0995,N1045,0.588,Service,1,20,Open,Low,Normal,0,1,0
R01972,N0996,N0997,0.296,Motorway,3,80,Open,Low,Normal,0,1,0
R01973,N0996,N1046,0.441,Secondary,2,50,Open,Low,Normal,0,1,0
R01974,N0997,N0998,0.452,Emergency_Road,2,60,Open,Low,Normal,0,1,0
R01975,N0997,N1047,0.607,Secondary,2,50,Open,Low,Normal,0,1,0
R01976,N0998,N0999,0.344,Primary,2,60,Open,Low,Normal,0,1,0
R01977,N0998,N1048,0.424,Motorway,3,80,Open,Low,Normal,0,1,0
R01978,N0999,N1000,0.475,Motorway,3,80,Open,Low,Normal,0,1,0
R01979,N0999,N1049,0.207,Secondary,2,50,Open,Low,Normal,0,1,0
R01980,N1000,N1050,0.477,Tertiary,1,40,Open,Low,Normal,0,1,0
R01981,N1001,N1002,0.424,Emergency_Road,2,60,Open,Low,Normal,0,1,0
R01982,N1001,N1051,0.498,Emergency_Road,2,60,Open,Low,Normal,0,1,0
R01983,N1002,N1003,0.21,Residential,1,30,Open,Low,Normal,0,1,0
R01984,N1002,N1052,0.231,Residential,1,30,Open,Low,Normal,0,1,0
R01985,N1003,N1004,0.583,Motorway,3,80,Open,Low,Normal,0,1,0
R01986,N1003,N1053,0.472,Industrial,2,40,Open,Low,Normal,0,1,0
R01987,N1004,N1005,0.539,Primary,2,60,Open,Low,Normal,0,1,0
R01988,N1004,N1054,0.5,Industrial,2,40,Open,Low,Normal,0,1,0
R01989,N1005,N1006,0.227,Motorway,3,80,Open,Low,Normal,0,1,0
R01990,N1005,N1055,0.401,Tertiary,1,40,Open,Low,Normal,0,1,0
R01991,N1006,N1007,0.58,Tertiary,1,40,Open,Low,Normal,0,1,0
R01992,N1006,N1056,0.262,Industrial,2,40,Open,Low,Normal,0,1,0
R01993,N1007,N1008,0.344,Emergency_Road,2,60,Open,Low,Normal,0,1,0
R01994,N1007,N1057,0.365,Tertiary,1,40,Open,Low,Normal,0,1,0
R01995,N1008,N1009,0.339,Service,1,20,Open,Low,Normal,0,1,0
R01996,N1008,N1058,0.505,Industrial,2,40,Open,Low,Normal,0,1,0
R01997,N1009,N1010,0.255,Primary,2,60,Open,Low,Normal,0,1,0
R01998,N1009,N1059,0.401,Emergency_Road,2,60,Open,Low,Normal,0,1,0
R01999,N1010,N1011,0.523,Industrial,2,40,Open,Low,Normal,0,1,0
R02000,N1010,N1060,0.391,Primary,2,60,Open,Low,Normal,0,1,0
R02001,N1011,N1012,0.553,Residential,1,30,Open,Low,Normal,0,1,0
R02002,N1011,N1061,0.401,Secondary,2,50,Open,Low,Normal,0,1,0
R02003,N1012,N1013,0.277,Motorway,3,80,Open,Low,Normal,0,1,0
R02004,N1012,N1062,0.45,Secondary,2,50,Open,Low,Normal,0,1,0
R02005,N1013,N1014,0.407,Motorway,3,80,Open,Low,Normal,0,1,0
R02006,N1013,N1063,0.416,Residential,1,30,Open,Low,Normal,0,1,0
R02007,N1014,N1015,0.54,Residential,1,30,Open,Low,Normal,0,1,0
R02008,N1014,N1064,0.324,Industrial,2,40,Open,Low,Normal,0,1,0
R02009,N1015,N1016,0.256,Secondary,2,50,Open,Low,Normal,0,1,0
R02010,N1015,N1065,0.558,Primary,2,60,Open,Low,Normal,0,1,0
R02011,N1016,N1017,0.452,Service,1,20,Open,Low,Normal,0,1,0
R02012,N1016,N1066,0.246,Service,1,20,Open,Low,Normal,0,1,0
R02013,N1017,N1018,0.597,Motorway,3,80,Open,Low,Normal,0,1,0
R02014,N1017,N1067,0.244,Motorway,3,80,Open,Low,Normal,0,1,0
R02015,N1018,N1019,0.581,Emergency_Road,2,60,Open,Low,Normal,0,1,0
R02016,N1018,N1068,0.452,Motorway,3,80,Open,Low,Normal,0,1,0
R02017,N1019,N1020,0.5,Residential,1,30,Open,Low,Normal,0,1,0
R02018,N1019,N1069,0.647,Service,1,20,Open,Low,Normal,0,1,0
R02019,N1020,N1021,0.629,Residential,1,30,Open,Low,Normal,0,1,0
R02020,N1020,N1070,0.596,Service,1,20,Open,Low,Normal,0,1,0
R02021,N1021,N1022,0.184,Motorway,3,80,Open,Low,Normal,0,1,0
R02022,N1021,N1071,0.572,Secondary,2,50,Open,Low,Normal,0,1,0
R02023,N1022,N1023,0.623,Motorway,3,80,Open,Low,Normal,0,1,0
R02024,N1022,N1072,0.32,Tertiary,1,40,Open,Low,Normal,0,1,0
R02025,N1023,N1024,0.259,Residential,1,30,Open,Low,Normal,0,1,0
R02026,N1023,N1073,0.411,Industrial,2,40,Open,Low,Normal,0,1,0
R02027,N1024,N1025,0.324,Emergency_Road,2,60,Open,Low,Normal,0,1,0
R02028,N1024,N1074,0.499,Secondary,2,50,Open,Low,Normal,0,1,0
R02029,N1025,N1026,0.26,Industrial,2,40,Open,Low,Normal,0,1,0
R02030,N1025,N1075,0.251,Secondary,2,50,Open,Low,Normal,0,1,0
R02031,N1026,N1027,0.186,Service,1,20,Open,Low,Normal,0,1,0
R02032,N1026,N1076,0.616,Residential,1,30,Open,Low,Normal,0,1,0
R02033,N1027,N1028,0.181,Service,1,20,Open,Low,Normal,0,1,0
R02034,N1027,N1077,0.552,Tertiary,1,40,Open,Low,Normal,0,1,0
R02035,N1028,N1029,0.335,Service,1,20,Open,Low,Normal,0,1,0
R02036,N1028,N1078,0.489,Residential,1,30,Open,Low,Normal,0,1,0
R02037,N1029,N1030,0.496,Emergency_Road,2,60,Open,Low,Normal,0,1,0
R02038,N1029,N1079,0.6,Secondary,2,50,Open,Low,Normal,0,1,0
R02039,N1030,N1031,0.383,Secondary,2,50,Open,Low,Normal,0,1,0
R02040,N1030,N1080,0.519,Emergency_Road,2,60,Open,Low,Normal,0,1,0
R02041,N1031,N1032,0.591,Tertiary,1,40,Open,Low,Normal,0,1,0
R02042,N1031,N1081,0.568,Tertiary,1,40,Open,Low,Normal,0,1,0
R02043,N1032,N1033,0.497,Motorway,3,80,Open,Low,Normal,0,1,0
R02044,N1032,N1082,0.33,Emergency_Road,2,60,Open,Low,Normal,0,1,0
R02045,N1033,N1034,0.627,Motorway,3,80,Open,Low,Normal,0,1,0
R02046,N1033,N1083,0.349,Tertiary,1,40,Open,Low,Normal,0,1,0
R02047,N1034,N1035,0.354,Secondary,2,50,Open,Low,Normal,0,1,0
R02048,N1034,N1084,0.377,Tertiary,1,40,Open,Low,Normal,0,1,0
R02049,N1035,N1036,0.408,Service,1,20,Open,Low,Normal,0,1,0
R02050,N1035,N1085,0.384,Primary,2,60,Open,Low,Normal,0,1,0
R02051,N1036,N1037,0.267,Primary,2,60,Open,Low,Normal,0,1,0
R02052,N1036,N1086,0.457,Secondary,2,50,Open,Low,Normal,0,1,0
R02053,N1037,N1038,0.647,Motorway,3,80,Open,Low,Normal,0,1,0
R02054,N1037,N1087,0.19,Primary,2,60,Open,Low,Normal,0,1,0
R02055,N1038,N1039,0.636,Primary,2,60,Open,Low,Normal,0,1,0
R02056,N1038,N1088,0.632,Residential,1,30,Open,Low,Normal,0,1,0
R02057,N1039,N1040,0.307,Tertiary,1,40,Open,Low,Normal,0,1,0
R02058,N1039,N1089,0.181,Primary,2,60,Open,Low,Normal,0,1,0
R02059,N1040,N1041,0.458,Service,1,20,Open,Low,Normal,0,1,0
R02060,N1040,N1090,0.526,Industrial,2,40,Open,Low,Normal,0,1,0
R02061,N1041,N1042,0.341,Residential,1,30,Open,Low,Normal,0,1,0
R02062,N1041,N1091,0.545,Tertiary,1,40,Open,Low,Normal,0,1,0
R02063,N1042,N1043,0.629,Industrial,2,40,Open,Low,Normal,0,1,0
R02064,N1042,N1092,0.504,Residential,1,30,Open,Low,Normal,0,1,0
R02065,N1043,N1044,0.361,Motorway,3,80,Open,Low,Normal,0,1,0
R02066,N1043,N1093,0.344,Residential,1,30,Open,Low,Normal,0,1,0
R02067,N1044,N1045,0.592,Tertiary,1,40,Open,Low,Normal,0,1,0
R02068,N1044,N1094,0.425,Primary,2,60,Open,Low,Normal,0,1,0
R02069,N1045,N1046,0.451,Emergency_Road,2,60,Open,Low,Normal,0,1,0
R02070,N1045,N1095,0.477,Tertiary,1,40,Open,Low,Normal,0,1,0
R02071,N1046,N1047,0.208,Emergency_Road,2,60,Open,Low,Normal,0,1,0
R02072,N1046,N1096,0.209,Emergency_Road,2,60,Open,Low,Normal,0,1,0
R02073,N1047,N1048,0.399,Residential,1,30,Open,Low,Normal,0,1,0
R02074,N1047,N1097,0.319,Residential,1,30,Open,Low,Normal,0,1,0
R02075,N1048,N1049,0.527,Industrial,2,40,Open,Low,Normal,0,1,0
R02076,N1048,N1098,0.484,Emergency_Road,2,60,Open,Low,Normal,0,1,0
R02077,N1049,N1050,0.512,Primary,2,60,Open,Low,Normal,0,1,0
R02078,N1049,N1099,0.367,Industrial,2,40,Open,Low,Normal,0,1,0
R02079,N1050,N1100,0.452,Emergency_Road,2,60,Open,Low,Normal,0,1,0
R02080,N1051,N1052,0.474,Secondary,2,50,Open,Low,Normal,0,1,0
R02081,N1051,N1101,0.304,Industrial,2,40,Open,Low,Normal,0,1,0
R02082,N1052,N1053,0.596,Primary,2,60,Open,Low,Normal,0,1,0
R02083,N1052,N1102,0.214,Primary,2,60,Open,Low,Normal,0,1,0
R02084,N1053,N1054,0.6,Motorway,3,80,Open,Low,Normal,0,1,0
R02085,N1053,N1103,0.425,Industrial,2,40,Open,Low,Normal,0,1,0
R02086,N1054,N1055,0.211,Secondary,2,50,Open,Low,Normal,0,1,0
R02087,N1054,N1104,0.298,Secondary,2,50,Open,Low,Normal,0,1,0
R02088,N1055,N1056,0.525,Motorway,3,80,Open,Low,Normal,0,1,0
R02089,N1055,N1105,0.624,Industrial,2,40,Open,Low,Normal,0,1,0
R02090,N1056,N1057,0.452,Primary,2,60,Open,Low,Normal,0,1,0
R02091,N1056,N1106,0.623,Residential,1,30,Open,Low,Normal,0,1,0
R02092,N1057,N1058,0.369,Primary,2,60,Open,Low,Normal,0,1,0
R02093,N1057,N1107,0.248,Tertiary,1,40,Open,Low,Normal,0,1,0
R02094,N1058,N1059,0.44,Motorway,3,80,Open,Low,Normal,0,1,0
R02095,N1058,N1108,0.408,Secondary,2,50,Open,Low,Normal,0,1,0
R02096,N1059,N1060,0.387,Residential,1,30,Open,Low,Normal,0,1,0
R02097,N1059,N1109,0.518,Industrial,2,40,Open,Low,Normal,0,1,0
R02098,N1060,N1061,0.225,Tertiary,1,40,Open,Low,Normal,0,1,0
R02099,N1060,N1110,0.506,Industrial,2,40,Open,Low,Normal,0,1,0
R02100,N1061,N1062,0.636,Residential,1,30,Open,Low,Normal,0,1,0
R02101,N1061,N1111,0.635,Service,1,20,Open,Low,Normal,0,1,0
R02102,N1062,N1063,0.284,Service,1,20,Open,Low,Normal,0,1,0
R02103,N1062,N1112,0.384,Tertiary,1,40,Open,Low,Normal,0,1,0
R02104,N1063,N1064,0.226,Service,1,20,Open,Low,Normal,0,1,0
R02105,N1063,N1113,0.332,Secondary,2,50,Open,Low,Normal,0,1,0
R02106,N1064,N1065,0.386,Service,1,20,Open,Low,Normal,0,1,0
R02107,N1064,N1114,0.302,Motorway,3,80,Open,Low,Normal,0,1,0
R02108,N1065,N1066,0.359,Residential,1,30,Open,Low,Normal,0,1,0
R02109,N1065,N1115,0.363,Secondary,2,50,Open,Low,Normal,0,1,0
R02110,N1066,N1067,0.419,Emergency_Road,2,60,Open,Low,Normal,0,1,0
R02111,N1066,N1116,0.504,Industrial,2,40,Open,Low,Normal,0,1,0
R02112,N1067,N1068,0.267,Emergency_Road,2,60,Open,Low,Normal,0,1,0
R02113,N1067,N1117,0.474,Emergency_Road,2,60,Open,Low,Normal,0,1,0
R02114,N1068,N1069,0.63,Industrial,2,40,Open,Low,Normal,0,1,0
R02115,N1068,N1118,0.639,Tertiary,1,40,Open,Low,Normal,0,1,0
R02116,N1069,N1070,0.403,Emergency_Road,2,60,Open,Low,Normal,0,1,0
R02117,N1069,N1119,0.434,Primary,2,60,Open,Low,Normal,0,1,0
R02118,N1070,N1071,0.538,Residential,1,30,Open,Low,Normal,0,1,0
R02119,N1070,N1120,0.351,Tertiary,1,40,Open,Low,Normal,0,1,0
R02120,N1071,N1072,0.34,Tertiary,1,40,Open,Low,Normal,0,1,0
R02121,N1071,N1121,0.615,Secondary,2,50,Open,Low,Normal,0,1,0
R02122,N1072,N1073,0.572,Primary,2,60,Open,Low,Normal,0,1,0
R02123,N1072,N1122,0.387,Emergency_Road,2,60,Open,Low,Normal,0,1,0
R02124,N1073,N1074,0.439,Primary,2,60,Open,Low,Normal,0,1,0
R02125,N1073,N1123,0.451,Motorway,3,80,Open,Low,Normal,0,1,0
R02126,N1074,N1075,0.207,Primary,2,60,Open,Low,Normal,0,1,0
R02127,N1074,N1124,0.497,Primary,2,60,Open,Low,Normal,0,1,0
R02128,N1075,N1076,0.412,Motorway,3,80,Open,Low,Normal,0,1,0
R02129,N1075,N1125,0.566,Primary,2,60,Open,Low,Normal,0,1,0
R02130,N1076,N1077,0.642,Service,1,20,Open,Low,Normal,0,1,0
R02131,N1076,N1126,0.193,Tertiary,1,40,Open,Low,Normal,0,1,0
R02132,N1077,N1078,0.425,Secondary,2,50,Open,Low,Normal,0,1,0
R02133,N1077,N1127,0.491,Tertiary,1,40,Open,Low,Normal,0,1,0
R02134,N1078,N1079,0.256,Tertiary,1,40,Open,Low,Normal,0,1,0
R02135,N1078,N1128,0.371,Motorway,3,80,Open,Low,Normal,0,1,0
R02136,N1079,N1080,0.44,Emergency_Road,2,60,Open,Low,Normal,0,1,0
R02137,N1079,N1129,0.507,Residential,1,30,Open,Low,Normal,0,1,0
R02138,N1080,N1081,0.214,Industrial,2,40,Open,Low,Normal,0,1,0
R02139,N1080,N1130,0.494,Tertiary,1,40,Open,Low,Normal,0,1,0
R02140,N1081,N1082,0.587,Motorway,3,80,Open,Low,Normal,0,1,0
R02141,N1081,N1131,0.251,Primary,2,60,Open,Low,Normal,0,1,0
R02142,N1082,N1083,0.222,Secondary,2,50,Open,Low,Normal,0,1,0
R02143,N1082,N1132,0.251,Secondary,2,50,Open,Low,Normal,0,1,0
R02144,N1083,N1084,0.574,Industrial,2,40,Open,Low,Normal,0,1,0
R02145,N1083,N1133,0.496,Motorway,3,80,Open,Low,Normal,0,1,0
R02146,N1084,N1085,0.459,Primary,2,60,Open,Low,Normal,0,1,0
R02147,N1084,N1134,0.253,Tertiary,1,40,Open,Low,Normal,0,1,0
R02148,N1085,N1086,0.301,Service,1,20,Open,Low,Normal,0,1,0
R02149,N1085,N1135,0.18,Motorway,3,80,Open,Low,Normal,0,1,0
R02150,N1086,N1087,0.463,Industrial,2,40,Open,Low,Normal,0,1,0
R02151,N1086,N1136,0.213,Secondary,2,50,Open,Low,Normal,0,1,0
R02152,N1087,N1088,0.53,Emergency_Road,2,60,Open,Low,Normal,0,1,0
R02153,N1087,N1137,0.251,Service,1,20,Open,Low,Normal,0,1,0
R02154,N1088,N1089,0.242,Industrial,2,40,Open,Low,Normal,0,1,0
R02155,N1088,N1138,0.39,Primary,2,60,Open,Low,Normal,0,1,0
R02156,N1089,N1090,0.258,Motorway,3,80,Open,Low,Normal,0,1,0
R02157,N1089,N1139,0.182,Tertiary,1,40,Open,Low,Normal,0,1,0
R02158,N1090,N1091,0.267,Primary,2,60,Open,Low,Normal,0,1,0
R02159,N1090,N1140,0.554,Motorway,3,80,Open,Low,Normal,0,1,0
R02160,N1091,N1092,0.425,Tertiary,1,40,Open,Low,Normal,0,1,0
R02161,N1091,N1141,0.361,Industrial,2,40,Open,Low,Normal,0,1,0
R02162,N1092,N1093,0.551,Emergency_Road,2,60,Open,Low,Normal,0,1,0
R02163,N1092,N1142,0.206,Residential,1,30,Open,Low,Normal,0,1,0
R02164,N1093,N1094,0.204,Tertiary,1,40,Open,Low,Normal,0,1,0
R02165,N1093,N1143,0.279,Tertiary,1,40,Open,Low,Normal,0,1,0
R02166,N1094,N1095,0.218,Tertiary,1,40,Open,Low,Normal,0,1,0
R02167,N1094,N1144,0.448,Industrial,2,40,Open,Low,Normal,0,1,0
R02168,N1095,N1096,0.461,Secondary,2,50,Open,Low,Normal,0,1,0
R02169,N1095,N1145,0.264,Secondary,2,50,Open,Low,Normal,0,1,0
R02170,N1096,N1097,0.294,Tertiary,1,40,Open,Low,Normal,0,1,0
R02171,N1096,N1146,0.423,Primary,2,60,Open,Low,Normal,0,1,0
R02172,N1097,N1098,0.409,Motorway,3,80,Open,Low,Normal,0,1,0
R02173,N1097,N1147,0.443,Industrial,2,40,Open,Low,Normal,0,1,0
R02174,N1098,N1099,0.611,Primary,2,60,Open,Low,Normal,0,1,0
R02175,N1098,N1148,0.573,Primary,2,60,Open,Low,Normal,0,1,0
R02176,N1099,N1100,0.459,Emergency_Road,2,60,Open,Low,Normal,0,1,0
R02177,N1099,N1149,0.244,Secondary,2,50,Open,Low,Normal,0,1,0
R02178,N1100,N1150,0.561,Emergency_Road,2,60,Open,Low,Normal,0,1,0
R02179,N1101,N1102,0.239,Primary,2,60,Open,Low,Normal,0,1,0
R02180,N1101,N1151,0.436,Motorway,3,80,Open,Low,Normal,0,1,0
R02181,N1102,N1103,0.635,Motorway,3,80,Open,Low,Normal,0,1,0
R02182,N1102,N1152,0.44,Industrial,2,40,Open,Low,Normal,0,1,0
R02183,N1103,N1104,0.448,Emergency_Road,2,60,Open,Low,Normal,0,1,0
R02184,N1103,N1153,0.261,Emergency_Road,2,60,Open,Low,Normal,0,1,0
R02185,N1104,N1105,0.191,Primary,2,60,Open,Low,Normal,0,1,0
R02186,N1104,N1154,0.223,Service,1,20,Open,Low,Normal,0,1,0
R02187,N1105,N1106,0.319,Industrial,2,40,Open,Low,Normal,0,1,0
R02188,N1105,N1155,0.413,Motorway,3,80,Open,Low,Normal,0,1,0
R02189,N1106,N1107,0.648,Motorway,3,80,Open,Low,Normal,0,1,0
R02190,N1106,N1156,0.248,Emergency_Road,2,60,Open,Low,Normal,0,1,0
R02191,N1107,N1108,0.357,Secondary,2,50,Open,Low,Normal,0,1,0
R02192,N1107,N1157,0.44,Industrial,2,40,Open,Low,Normal,0,1,0
R02193,N1108,N1109,0.525,Tertiary,1,40,Open,Low,Normal,0,1,0
R02194,N1108,N1158,0.247,Tertiary,1,40,Open,Low,Normal,0,1,0
R02195,N1109,N1110,0.356,Tertiary,1,40,Open,Low,Normal,0,1,0
R02196,N1109,N1159,0.542,Primary,2,60,Open,Low,Normal,0,1,0
R02197,N1110,N1111,0.505,Tertiary,1,40,Open,Low,Normal,0,1,0
R02198,N1110,N1160,0.243,Motorway,3,80,Open,Low,Normal,0,1,0
R02199,N1111,N1112,0.592,Service,1,20,Open,Low,Normal,0,1,0
R02200,N1111,N1161,0.255,Motorway,3,80,Open,Low,Normal,0,1,0
R02201,N1112,N1113,0.193,Emergency_Road,2,60,Open,Low,Normal,0,1,0
R02202,N1112,N1162,0.552,Secondary,2,50,Open,Low,Normal,0,1,0
R02203,N1113,N1114,0.602,Emergency_Road,2,60,Open,Low,Normal,0,1,0
R02204,N1113,N1163,0.594,Service,1,20,Open,Low,Normal,0,1,0
R02205,N1114,N1115,0.625,Tertiary,1,40,Open,Low,Normal,0,1,0
R02206,N1114,N1164,0.192,Motorway,3,80,Open,Low,Normal,0,1,0
R02207,N1115,N1116,0.608,Residential,1,30,Open,Low,Normal,0,1,0
R02208,N1115,N1165,0.63,Industrial,2,40,Open,Low,Normal,0,1,0
R02209,N1116,N1117,0.237,Tertiary,1,40,Open,Low,Normal,0,1,0
R02210,N1116,N1166,0.486,Service,1,20,Open,Low,Normal,0,1,0
R02211,N1117,N1118,0.185,Tertiary,1,40,Open,Low,Normal,0,1,0
R02212,N1117,N1167,0.5,Primary,2,60,Open,Low,Normal,0,1,0
R02213,N1118,N1119,0.192,Residential,1,30,Open,Low,Normal,0,1,0
R02214,N1118,N1168,0.522,Residential,1,30,Open,Low,Normal,0,1,0
R02215,N1119,N1120,0.331,Primary,2,60,Open,Low,Normal,0,1,0
R02216,N1119,N1169,0.347,Secondary,2,50,Open,Low,Normal,0,1,0
R02217,N1120,N1121,0.285,Industrial,2,40,Open,Low,Normal,0,1,0
R02218,N1120,N1170,0.55,Secondary,2,50,Open,Low,Normal,0,1,0
R02219,N1121,N1122,0.342,Motorway,3,80,Open,Low,Normal,0,1,0
R02220,N1121,N1171,0.527,Service,1,20,Open,Low,Normal,0,1,0
R02221,N1122,N1123,0.199,Tertiary,1,40,Open,Low,Normal,0,1,0
R02222,N1122,N1172,0.466,Residential,1,30,Open,Low,Normal,0,1,0
R02223,N1123,N1124,0.64,Primary,2,60,Open,Low,Normal,0,1,0
R02224,N1123,N1173,0.225,Industrial,2,40,Open,Low,Normal,0,1,0
R02225,N1124,N1125,0.518,Secondary,2,50,Open,Low,Normal,0,1,0
R02226,N1124,N1174,0.597,Service,1,20,Open,Low,Normal,0,1,0
R02227,N1125,N1126,0.56,Service,1,20,Open,Low,Normal,0,1,0
R02228,N1125,N1175,0.545,Secondary,2,50,Open,Low,Normal,0,1,0
R02229,N1126,N1127,0.508,Service,1,20,Open,Low,Normal,0,1,0
R02230,N1126,N1176,0.281,Secondary,2,50,Open,Low,Normal,0,1,0
R02231,N1127,N1128,0.57,Emergency_Road,2,60,Open,Low,Normal,0,1,0
R02232,N1127,N1177,0.573,Emergency_Road,2,60,Open,Low,Normal,0,1,0
R02233,N1128,N1129,0.623,Motorway,3,80,Open,Low,Normal,0,1,0
R02234,N1128,N1178,0.41,Tertiary,1,40,Open,Low,Normal,0,1,0
R02235,N1129,N1130,0.473,Motorway,3,80,Open,Low,Normal,0,1,0
R02236,N1129,N1179,0.472,Residential,1,30,Open,Low,Normal,0,1,0
R02237,N1130,N1131,0.416,Motorway,3,80,Open,Low,Normal,0,1,0
R02238,N1130,N1180,0.232,Secondary,2,50,Open,Low,Normal,0,1,0
R02239,N1131,N1132,0.425,Service,1,20,Open,Low,Normal,0,1,0
R02240,N1131,N1181,0.305,Motorway,3,80,Open,Low,Normal,0,1,0
R02241,N1132,N1133,0.506,Residential,1,30,Open,Low,Normal,0,1,0
R02242,N1132,N1182,0.644,Tertiary,1,40,Open,Low,Normal,0,1,0
R02243,N1133,N1134,0.604,Industrial,2,40,Open,Low,Normal,0,1,0
R02244,N1133,N1183,0.225,Secondary,2,50,Open,Low,Normal,0,1,0
R02245,N1134,N1135,0.534,Residential,1,30,Open,Low,Normal,0,1,0
R02246,N1134,N1184,0.257,Primary,2,60,Open,Low,Normal,0,1,0
R02247,N1135,N1136,0.318,Residential,1,30,Open,Low,Normal,0,1,0
R02248,N1135,N1185,0.268,Emergency_Road,2,60,Open,Low,Normal,0,1,0
R02249,N1136,N1137,0.481,Industrial,2,40,Open,Low,Normal,0,1,0
R02250,N1136,N1186,0.258,Industrial,2,40,Open,Low,Normal,0,1,0
R02251,N1137,N1138,0.627,Industrial,2,40,Open,Low,Normal,0,1,0
R02252,N1137,N1187,0.567,Secondary,2,50,Open,Low,Normal,0,1,0
R02253,N1138,N1139,0.48,Service,1,20,Open,Low,Normal,0,1,0
R02254,N1138,N1188,0.408,Residential,1,30,Open,Low,Normal,0,1,0
R02255,N1139,N1140,0.29,Tertiary,1,40,Open,Low,Normal,0,1,0
R02256,N1139,N1189,0.593,Secondary,2,50,Open,Low,Normal,0,1,0
R02257,N1140,N1141,0.325,Secondary,2,50,Open,Low,Normal,0,1,0
R02258,N1140,N1190,0.559,Primary,2,60,Open,Low,Normal,0,1,0
R02259,N1141,N1142,0.6,Emergency_Road,2,60,Open,Low,Normal,0,1,0
R02260,N1141,N1191,0.247,Secondary,2,50,Open,Low,Normal,0,1,0
R02261,N1142,N1143,0.252,Service,1,20,Open,Low,Normal,0,1,0
R02262,N1142,N1192,0.222,Motorway,3,80,Open,Low,Normal,0,1,0
R02263,N1143,N1144,0.362,Tertiary,1,40,Open,Low,Normal,0,1,0
R02264,N1143,N1193,0.493,Tertiary,1,40,Open,Low,Normal,0,1,0
R02265,N1144,N1145,0.415,Industrial,2,40,Open,Low,Normal,0,1,0
R02266,N1144,N1194,0.618,Industrial,2,40,Open,Low,Normal,0,1,0
R02267,N1145,N1146,0.337,Residential,1,30,Open,Low,Normal,0,1,0
R02268,N1145,N1195,0.28,Industrial,2,40,Open,Low,Normal,0,1,0
R02269,N1146,N1147,0.533,Emergency_Road,2,60,Open,Low,Normal,0,1,0
R02270,N1146,N1196,0.394,Emergency_Road,2,60,Open,Low,Normal,0,1,0
R02271,N1147,N1148,0.529,Service,1,20,Open,Low,Normal,0,1,0
R02272,N1147,N1197,0.431,Tertiary,1,40,Open,Low,Normal,0,1,0
R02273,N1148,N1149,0.205,Tertiary,1,40,Open,Low,Normal,0,1,0
R02274,N1148,N1198,0.593,Industrial,2,40,Open,Low,Normal,0,1,0
R02275,N1149,N1150,0.63,Motorway,3,80,Open,Low,Normal,0,1,0
R02276,N1149,N1199,0.289,Residential,1,30,Open,Low,Normal,0,1,0
R02277,N1150,N1200,0.567,Industrial,2,40,Open,Low,Normal,0,1,0
R02278,N1151,N1152,0.213,Primary,2,60,Open,Low,Normal,0,1,0
R02279,N1151,N1201,0.408,Secondary,2,50,Open,Low,Normal,0,1,0
R02280,N1152,N1153,0.303,Residential,1,30,Open,Low,Normal,0,1,0
R02281,N1152,N1202,0.332,Residential,1,30,Open,Low,Normal,0,1,0
R02282,N1153,N1154,0.537,Residential,1,30,Open,Low,Normal,0,1,0
R02283,N1153,N1203,0.564,Tertiary,1,40,Open,Low,Normal,0,1,0
R02284,N1154,N1155,0.321,Industrial,2,40,Open,Low,Normal,0,1,0
R02285,N1154,N1204,0.457,Motorway,3,80,Open,Low,Normal,0,1,0
R02286,N1155,N1156,0.416,Secondary,2,50,Open,Low,Normal,0,1,0
R02287,N1155,N1205,0.545,Primary,2,60,Open,Low,Normal,0,1,0
R02288,N1156,N1157,0.347,Industrial,2,40,Open,Low,Normal,0,1,0
R02289,N1156,N1206,0.354,Motorway,3,80,Open,Low,Normal,0,1,0
R02290,N1157,N1158,0.536,Secondary,2,50,Open,Low,Normal,0,1,0
R02291,N1157,N1207,0.288,Emergency_Road,2,60,Open,Low,Normal,0,1,0
R02292,N1158,N1159,0.439,Residential,1,30,Open,Low,Normal,0,1,0
R02293,N1158,N1208,0.451,Residential,1,30,Open,Low,Normal,0,1,0
R02294,N1159,N1160,0.499,Primary,2,60,Open,Low,Normal,0,1,0
R02295,N1159,N1209,0.406,Industrial,2,40,Open,Low,Normal,0,1,0
R02296,N1160,N1161,0.186,Secondary,2,50,Open,Low,Normal,0,1,0
R02297,N1160,N1210,0.39,Residential,1,30,Open,Low,Normal,0,1,0
R02298,N1161,N1162,0.347,Service,1,20,Open,Low,Normal,0,1,0
R02299,N1161,N1211,0.61,Tertiary,1,40,Open,Low,Normal,0,1,0
R02300,N1162,N1163,0.643,Industrial,2,40,Open,Low,Normal,0,1,0
R02301,N1162,N1212,0.304,Tertiary,1,40,Open,Low,Normal,0,1,0
R02302,N1163,N1164,0.286,Secondary,2,50,Open,Low,Normal,0,1,0
R02303,N1163,N1213,0.6,Motorway,3,80,Open,Low,Normal,0,1,0
R02304,N1164,N1165,0.24,Emergency_Road,2,60,Open,Low,Normal,0,1,0
R02305,N1164,N1214,0.481,Motorway,3,80,Open,Low,Normal,0,1,0
R02306,N1165,N1166,0.236,Primary,2,60,Open,Low,Normal,0,1,0
R02307,N1165,N1215,0.18,Emergency_Road,2,60,Open,Low,Normal,0,1,0
R02308,N1166,N1167,0.343,Service,1,20,Open,Low,Normal,0,1,0
R02309,N1166,N1216,0.486,Industrial,2,40,Open,Low,Normal,0,1,0
R02310,N1167,N1168,0.556,Tertiary,1,40,Open,Low,Normal,0,1,0
R02311,N1167,N1217,0.405,Industrial,2,40,Open,Low,Normal,0,1,0
R02312,N1168,N1169,0.503,Primary,2,60,Open,Low,Normal,0,1,0
R02313,N1168,N1218,0.245,Industrial,2,40,Open,Low,Normal,0,1,0
R02314,N1169,N1170,0.523,Service,1,20,Open,Low,Normal,0,1,0
R02315,N1169,N1219,0.301,Industrial,2,40,Open,Low,Normal,0,1,0
R02316,N1170,N1171,0.254,Secondary,2,50,Open,Low,Normal,0,1,0
R02317,N1170,N1220,0.403,Emergency_Road,2,60,Open,Low,Normal,0,1,0
R02318,N1171,N1172,0.61,Residential,1,30,Open,Low,Normal,0,1,0
R02319,N1171,N1221,0.577,Motorway,3,80,Open,Low,Normal,0,1,0
R02320,N1172,N1173,0.477,Motorway,3,80,Open,Low,Normal,0,1,0
R02321,N1172,N1222,0.238,Industrial,2,40,Open,Low,Normal,0,1,0
R02322,N1173,N1174,0.471,Secondary,2,50,Open,Low,Normal,0,1,0
R02323,N1173,N1223,0.545,Motorway,3,80,Open,Low,Normal,0,1,0
R02324,N1174,N1175,0.42,Secondary,2,50,Open,Low,Normal,0,1,0
R02325,N1174,N1224,0.194,Tertiary,1,40,Open,Low,Normal,0,1,0
R02326,N1175,N1176,0.337,Service,1,20,Open,Low,Normal,0,1,0
R02327,N1175,N1225,0.333,Emergency_Road,2,60,Open,Low,Normal,0,1,0
R02328,N1176,N1177,0.42,Motorway,3,80,Open,Low,Normal,0,1,0
R02329,N1176,N1226,0.495,Tertiary,1,40,Open,Low,Normal,0,1,0
R02330,N1177,N1178,0.605,Service,1,20,Open,Low,Normal,0,1,0
R02331,N1177,N1227,0.606,Industrial,2,40,Open,Low,Normal,0,1,0
R02332,N1178,N1179,0.384,Tertiary,1,40,Open,Low,Normal,0,1,0
R02333,N1178,N1228,0.346,Industrial,2,40,Open,Low,Normal,0,1,0
R02334,N1179,N1180,0.526,Motorway,3,80,Open,Low,Normal,0,1,0
R02335,N1179,N1229,0.227,Residential,1,30,Open,Low,Normal,0,1,0
R02336,N1180,N1181,0.213,Primary,2,60,Open,Low,Normal,0,1,0
R02337,N1180,N1230,0.469,Residential,1,30,Open,Low,Normal,0,1,0
R02338,N1181,N1182,0.54,Primary,2,60,Open,Low,Normal,0,1,0
R02339,N1181,N1231,0.317,Residential,1,30,Open,Low,Normal,0,1,0
R02340,N1182,N1183,0.6,Primary,2,60,Open,Low,Normal,0,1,0
R02341,N1182,N1232,0.593,Service,1,20,Open,Low,Normal,0,1,0
R02342,N1183,N1184,0.325,Secondary,2,50,Open,Low,Normal,0,1,0
R02343,N1183,N1233,0.354,Service,1,20,Open,Low,Normal,0,1,0
R02344,N1184,N1185,0.536,Secondary,2,50,Open,Low,Normal,0,1,0
R02345,N1184,N1234,0.254,Secondary,2,50,Open,Low,Normal,0,1,0
R02346,N1185,N1186,0.574,Industrial,2,40,Open,Low,Normal,0,1,0
R02347,N1185,N1235,0.601,Tertiary,1,40,Open,Low,Normal,0,1,0
R02348,N1186,N1187,0.579,Residential,1,30,Open,Low,Normal,0,1,0
R02349,N1186,N1236,0.581,Residential,1,30,Open,Low,Normal,0,1,0
R02350,N1187,N1188,0.256,Secondary,2,50,Open,Low,Normal,0,1,0
R02351,N1187,N1237,0.618,Residential,1,30,Open,Low,Normal,0,1,0
R02352,N1188,N1189,0.412,Residential,1,30,Open,Low,Normal,0,1,0
R02353,N1188,N1238,0.631,Tertiary,1,40,Open,Low,Normal,0,1,0
R02354,N1189,N1190,0.305,Motorway,3,80,Open,Low,Normal,0,1,0
R02355,N1189,N1239,0.209,Motorway,3,80,Open,Low,Normal,0,1,0
R02356,N1190,N1191,0.254,Motorway,3,80,Open,Low,Normal,0,1,0
R02357,N1190,N1240,0.512,Service,1,20,Open,Low,Normal,0,1,0
R02358,N1191,N1192,0.185,Service,1,20,Open,Low,Normal,0,1,0
R02359,N1191,N1241,0.46,Tertiary,1,40,Open,Low,Normal,0,1,0
R02360,N1192,N1193,0.521,Secondary,2,50,Open,Low,Normal,0,1,0
R02361,N1192,N1242,0.274,Motorway,3,80,Open,Low,Normal,0,1,0
R02362,N1193,N1194,0.499,Secondary,2,50,Open,Low,Normal,0,1,0
R02363,N1193,N1243,0.518,Primary,2,60,Open,Low,Normal,0,1,0
R02364,N1194,N1195,0.27,Residential,1,30,Open,Low,Normal,0,1,0
R02365,N1194,N1244,0.6,Service,1,20,Open,Low,Normal,0,1,0
R02366,N1195,N1196,0.371,Industrial,2,40,Open,Low,Normal,0,1,0
R02367,N1195,N1245,0.252,Tertiary,1,40,Open,Low,Normal,0,1,0
R02368,N1196,N1197,0.37,Motorway,3,80,Open,Low,Normal,0,1,0
R02369,N1196,N1246,0.519,Tertiary,1,40,Open,Low,Normal,0,1,0
R02370,N1197,N1198,0.446,Industrial,2,40,Open,Low,Normal,0,1,0
R02371,N1197,N1247,0.455,Motorway,3,80,Open,Low,Normal,0,1,0
R02372,N1198,N1199,0.532,Primary,2,60,Open,Low,Normal,0,1,0
R02373,N1198,N1248,0.27,Secondary,2,50,Open,Low,Normal,0,1,0
R02374,N1199,N1200,0.309,Service,1,20,Open,Low,Normal,0,1,0
R02375,N1199,N1249,0.644,Service,1,20,Open,Low,Normal,0,1,0
R02376,N1200,N1250,0.201,Service,1,20,Open,Low,Normal,0,1,0
R02377,N1201,N1202,0.532,Emergency_Road,2,60,Open,Low,Normal,0,1,0
R02378,N1201,N1251,0.518,Industrial,2,40,Open,Low,Normal,0,1,0
R02379,N1202,N1203,0.53,Motorway,3,80,Open,Low,Normal,0,1,0
R02380,N1202,N1252,0.342,Residential,1,30,Open,Low,Normal,0,1,0
R02381,N1203,N1204,0.252,Secondary,2,50,Open,Low,Normal,0,1,0
R02382,N1203,N1253,0.301,Service,1,20,Open,Low,Normal,0,1,0
R02383,N1204,N1205,0.233,Emergency_Road,2,60,Open,Low,Normal,0,1,0
R02384,N1204,N1254,0.186,Industrial,2,40,Open,Low,Normal,0,1,0
R02385,N1205,N1206,0.407,Secondary,2,50,Open,Low,Normal,0,1,0
R02386,N1205,N1255,0.343,Service,1,20,Open,Low,Normal,0,1,0
R02387,N1206,N1207,0.531,Industrial,2,40,Open,Low,Normal,0,1,0
R02388,N1206,N1256,0.421,Industrial,2,40,Open,Low,Normal,0,1,0
R02389,N1207,N1208,0.317,Industrial,2,40,Open,Low,Normal,0,1,0
R02390,N1207,N1257,0.552,Secondary,2,50,Open,Low,Normal,0,1,0
R02391,N1208,N1209,0.211,Service,1,20,Open,Low,Normal,0,1,0
R02392,N1208,N1258,0.635,Primary,2,60,Open,Low,Normal,0,1,0
R02393,N1209,N1210,0.244,Motorway,3,80,Open,Low,Normal,0,1,0
R02394,N1209,N1259,0.445,Industrial,2,40,Open,Low,Normal,0,1,0
R02395,N1210,N1211,0.617,Tertiary,1,40,Open,Low,Normal,0,1,0
R02396,N1210,N1260,0.296,Primary,2,60,Open,Low,Normal,0,1,0
R02397,N1211,N1212,0.286,Motorway,3,80,Open,Low,Normal,0,1,0
R02398,N1211,N1261,0.439,Residential,1,30,Open,Low,Normal,0,1,0
R02399,N1212,N1213,0.281,Primary,2,60,Open,Low,Normal,0,1,0
R02400,N1212,N1262,0.384,Service,1,20,Open,Low,Normal,0,1,0
R02401,N1213,N1214,0.543,Primary,2,60,Open,Low,Normal,0,1,0
R02402,N1213,N1263,0.646,Tertiary,1,40,Open,Low,Normal,0,1,0
R02403,N1214,N1215,0.451,Residential,1,30,Open,Low,Normal,0,1,0
R02404,N1214,N1264,0.197,Tertiary,1,40,Open,Low,Normal,0,1,0
R02405,N1215,N1216,0.365,Tertiary,1,40,Open,Low,Normal,0,1,0
R02406,N1215,N1265,0.24,Secondary,2,50,Open,Low,Normal,0,1,0
R02407,N1216,N1217,0.213,Residential,1,30,Open,Low,Normal,0,1,0
R02408,N1216,N1266,0.568,Residential,1,30,Open,Low,Normal,0,1,0
R02409,N1217,N1218,0.408,Residential,1,30,Open,Low,Normal,0,1,0
R02410,N1217,N1267,0.305,Industrial,2,40,Open,Low,Normal,0,1,0
R02411,N1218,N1219,0.257,Residential,1,30,Open,Low,Normal,0,1,0
R02412,N1218,N1268,0.418,Industrial,2,40,Open,Low,Normal,0,1,0
R02413,N1219,N1220,0.457,Emergency_Road,2,60,Open,Low,Normal,0,1,0
R02414,N1219,N1269,0.561,Emergency_Road,2,60,Open,Low,Normal,0,1,0
R02415,N1220,N1221,0.185,Secondary,2,50,Open,Low,Normal,0,1,0
R02416,N1220,N1270,0.475,Industrial,2,40,Open,Low,Normal,0,1,0
R02417,N1221,N1222,0.266,Motorway,3,80,Open,Low,Normal,0,1,0
R02418,N1221,N1271,0.623,Tertiary,1,40,Open,Low,Normal,0,1,0
R02419,N1222,N1223,0.192,Primary,2,60,Open,Low,Normal,0,1,0
R02420,N1222,N1272,0.489,Motorway,3,80,Open,Low,Normal,0,1,0
R02421,N1223,N1224,0.489,Emergency_Road,2,60,Open,Low,Normal,0,1,0
R02422,N1223,N1273,0.559,Motorway,3,80,Open,Low,Normal,0,1,0
R02423,N1224,N1225,0.519,Residential,1,30,Open,Low,Normal,0,1,0
R02424,N1224,N1274,0.287,Secondary,2,50,Open,Low,Normal,0,1,0
R02425,N1225,N1226,0.283,Motorway,3,80,Open,Low,Normal,0,1,0
R02426,N1225,N1275,0.454,Emergency_Road,2,60,Open,Low,Normal,0,1,0
R02427,N1226,N1227,0.34,Residential,1,30,Open,Low,Normal,0,1,0
R02428,N1226,N1276,0.235,Emergency_Road,2,60,Open,Low,Normal,0,1,0
R02429,N1227,N1228,0.244,Primary,2,60,Open,Low,Normal,0,1,0
R02430,N1227,N1277,0.615,Residential,1,30,Open,Low,Normal,0,1,0
R02431,N1228,N1229,0.479,Residential,1,30,Open,Low,Normal,0,1,0
R02432,N1228,N1278,0.41,Residential,1,30,Open,Low,Normal,0,1,0
R02433,N1229,N1230,0.184,Primary,2,60,Open,Low,Normal,0,1,0
R02434,N1229,N1279,0.506,Secondary,2,50,Open,Low,Normal,0,1,0
R02435,N1230,N1231,0.342,Secondary,2,50,Open,Low,Normal,0,1,0
R02436,N1230,N1280,0.249,Motorway,3,80,Open,Low,Normal,0,1,0
R02437,N1231,N1232,0.289,Industrial,2,40,Open,Low,Normal,0,1,0
R02438,N1231,N1281,0.244,Emergency_Road,2,60,Open,Low,Normal,0,1,0
R02439,N1232,N1233,0.561,Industrial,2,40,Open,Low,Normal,0,1,0
R02440,N1232,N1282,0.362,Secondary,2,50,Open,Low,Normal,0,1,0
R02441,N1233,N1234,0.585,Tertiary,1,40,Open,Low,Normal,0,1,0
R02442,N1233,N1283,0.367,Residential,1,30,Open,Low,Normal,0,1,0
R02443,N1234,N1235,0.645,Secondary,2,50,Open,Low,Normal,0,1,0
R02444,N1234,N1284,0.338,Secondary,2,50,Open,Low,Normal,0,1,0
R02445,N1235,N1236,0.375,Residential,1,30,Open,Low,Normal,0,1,0
R02446,N1235,N1285,0.513,Emergency_Road,2,60,Open,Low,Normal,0,1,0
R02447,N1236,N1237,0.358,Secondary,2,50,Open,Low,Normal,0,1,0
R02448,N1236,N1286,0.535,Residential,1,30,Open,Low,Normal,0,1,0
R02449,N1237,N1238,0.446,Emergency_Road,2,60,Open,Low,Normal,0,1,0
R02450,N1237,N1287,0.455,Residential,1,30,Open,Low,Normal,0,1,0
R02451,N1238,N1239,0.574,Emergency_Road,2,60,Open,Low,Normal,0,1,0
R02452,N1238,N1288,0.534,Motorway,3,80,Open,Low,Normal,0,1,0
R02453,N1239,N1240,0.599,Service,1,20,Open,Low,Normal,0,1,0
R02454,N1239,N1289,0.252,Industrial,2,40,Open,Low,Normal,0,1,0
R02455,N1240,N1241,0.621,Emergency_Road,2,60,Open,Low,Normal,0,1,0
R02456,N1240,N1290,0.619,Secondary,2,50,Open,Low,Normal,0,1,0
R02457,N1241,N1242,0.297,Residential,1,30,Open,Low,Normal,0,1,0
R02458,N1241,N1291,0.38,Industrial,2,40,Open,Low,Normal,0,1,0
R02459,N1242,N1243,0.191,Residential,1,30,Open,Low,Normal,0,1,0
R02460,N1242,N1292,0.432,Residential,1,30,Open,Low,Normal,0,1,0
R02461,N1243,N1244,0.618,Industrial,2,40,Open,Low,Normal,0,1,0
R02462,N1243,N1293,0.361,Industrial,2,40,Open,Low,Normal,0,1,0
R02463,N1244,N1245,0.2,Tertiary,1,40,Open,Low,Normal,0,1,0
R02464,N1244,N1294,0.233,Residential,1,30,Open,Low,Normal,0,1,0
R02465,N1245,N1246,0.527,Tertiary,1,40,Open,Low,Normal,0,1,0
R02466,N1245,N1295,0.489,Primary,2,60,Open,Low,Normal,0,1,0
R02467,N1246,N1247,0.244,Tertiary,1,40,Open,Low,Normal,0,1,0
R02468,N1246,N1296,0.246,Tertiary,1,40,Open,Low,Normal,0,1,0
R02469,N1247,N1248,0.203,Service,1,20,Open,Low,Normal,0,1,0
R02470,N1247,N1297,0.519,Emergency_Road,2,60,Open,Low,Normal,0,1,0
R02471,N1248,N1249,0.278,Service,1,20,Open,Low,Normal,0,1,0
R02472,N1248,N1298,0.56,Secondary,2,50,Open,Low,Normal,0,1,0
R02473,N1249,N1250,0.434,Emergency_Road,2,60,Open,Low,Normal,0,1,0
R02474,N1249,N1299,0.51,Service,1,20,Open,Low,Normal,0,1,0
R02475,N1250,N1300,0.258,Tertiary,1,40,Open,Low,Normal,0,1,0
R02476,N1251,N1252,0.262,Service,1,20,Open,Low,Normal,0,1,0
R02477,N1251,N1301,0.186,Primary,2,60,Open,Low,Normal,0,1,0
R02478,N1252,N1253,0.207,Motorway,3,80,Open,Low,Normal,0,1,0
R02479,N1252,N1302,0.576,Motorway,3,80,Open,Low,Normal,0,1,0
R02480,N1253,N1254,0.382,Secondary,2,50,Open,Low,Normal,0,1,0
R02481,N1253,N1303,0.585,Industrial,2,40,Open,Low,Normal,0,1,0
R02482,N1254,N1255,0.461,Service,1,20,Open,Low,Normal,0,1,0
R02483,N1254,N1304,0.274,Secondary,2,50,Open,Low,Normal,0,1,0
R02484,N1255,N1256,0.301,Residential,1,30,Open,Low,Normal,0,1,0
R02485,N1255,N1305,0.593,Motorway,3,80,Open,Low,Normal,0,1,0
R02486,N1256,N1257,0.427,Industrial,2,40,Open,Low,Normal,0,1,0
R02487,N1256,N1306,0.289,Primary,2,60,Open,Low,Normal,0,1,0
R02488,N1257,N1258,0.425,Tertiary,1,40,Open,Low,Normal,0,1,0
R02489,N1257,N1307,0.645,Secondary,2,50,Open,Low,Normal,0,1,0
R02490,N1258,N1259,0.295,Residential,1,30,Open,Low,Normal,0,1,0
R02491,N1258,N1308,0.534,Residential,1,30,Open,Low,Normal,0,1,0
R02492,N1259,N1260,0.253,Motorway,3,80,Open,Low,Normal,0,1,0
R02493,N1259,N1309,0.428,Primary,2,60,Open,Low,Normal,0,1,0
R02494,N1260,N1261,0.457,Residential,1,30,Open,Low,Normal,0,1,0
R02495,N1260,N1310,0.415,Residential,1,30,Open,Low,Normal,0,1,0
R02496,N1261,N1262,0.222,Secondary,2,50,Open,Low,Normal,0,1,0
R02497,N1261,N1311,0.487,Service,1,20,Open,Low,Normal,0,1,0
R02498,N1262,N1263,0.29,Primary,2,60,Open,Low,Normal,0,1,0
R02499,N1262,N1312,0.428,Primary,2,60,Open,Low,Normal,0,1,0
R02500,N1263,N1264,0.312,Secondary,2,50,Open,Low,Normal,0,1,0
R02501,N1263,N1313,0.382,Motorway,3,80,Open,Low,Normal,0,1,0
R02502,N1264,N1265,0.21,Secondary,2,50,Open,Low,Normal,0,1,0
R02503,N1264,N1314,0.306,Secondary,2,50,Open,Low,Normal,0,1,0
R02504,N1265,N1266,0.583,Secondary,2,50,Open,Low,Normal,0,1,0
R02505,N1265,N1315,0.632,Primary,2,60,Open,Low,Normal,0,1,0
R02506,N1266,N1267,0.474,Tertiary,1,40,Open,Low,Normal,0,1,0
R02507,N1266,N1316,0.568,Emergency_Road,2,60,Open,Low,Normal,0,1,0
R02508,N1267,N1268,0.515,Primary,2,60,Open,Low,Normal,0,1,0
R02509,N1267,N1317,0.212,Secondary,2,50,Open,Low,Normal,0,1,0
R02510,N1268,N1269,0.586,Industrial,2,40,Open,Low,Normal,0,1,0
R02511,N1268,N1318,0.242,Secondary,2,50,Open,Low,Normal,0,1,0
R02512,N1269,N1270,0.578,Primary,2,60,Open,Low,Normal,0,1,0
R02513,N1269,N1319,0.314,Secondary,2,50,Open,Low,Normal,0,1,0
R02514,N1270,N1271,0.353,Secondary,2,50,Open,Low,Normal,0,1,0
R02515,N1270,N1320,0.401,Motorway,3,80,Open,Low,Normal,0,1,0
R02516,N1271,N1272,0.447,Tertiary,1,40,Open,Low,Normal,0,1,0
R02517,N1271,N1321,0.21,Service,1,20,Open,Low,Normal,0,1,0
R02518,N1272,N1273,0.323,Tertiary,1,40,Open,Low,Normal,0,1,0
R02519,N1272,N1322,0.636,Primary,2,60,Open,Low,Normal,0,1,0
R02520,N1273,N1274,0.207,Industrial,2,40,Open,Low,Normal,0,1,0
R02521,N1273,N1323,0.47,Motorway,3,80,Open,Low,Normal,0,1,0
R02522,N1274,N1275,0.439,Primary,2,60,Open,Low,Normal,0,1,0
R02523,N1274,N1324,0.351,Emergency_Road,2,60,Open,Low,Normal,0,1,0
R02524,N1275,N1276,0.341,Primary,2,60,Open,Low,Normal,0,1,0
R02525,N1275,N1325,0.322,Service,1,20,Open,Low,Normal,0,1,0
R02526,N1276,N1277,0.199,Tertiary,1,40,Open,Low,Normal,0,1,0
R02527,N1276,N1326,0.217,Residential,1,30,Open,Low,Normal,0,1,0
R02528,N1277,N1278,0.494,Residential,1,30,Open,Low,Normal,0,1,0
R02529,N1277,N1327,0.608,Emergency_Road,2,60,Open,Low,Normal,0,1,0
R02530,N1278,N1279,0.23,Emergency_Road,2,60,Open,Low,Normal,0,1,0
R02531,N1278,N1328,0.542,Service,1,20,Open,Low,Normal,0,1,0
R02532,N1279,N1280,0.556,Service,1,20,Open,Low,Normal,0,1,0
R02533,N1279,N1329,0.626,Service,1,20,Open,Low,Normal,0,1,0
R02534,N1280,N1281,0.305,Emergency_Road,2,60,Open,Low,Normal,0,1,0
R02535,N1280,N1330,0.633,Tertiary,1,40,Open,Low,Normal,0,1,0
R02536,N1281,N1282,0.641,Emergency_Road,2,60,Open,Low,Normal,0,1,0
R02537,N1281,N1331,0.496,Primary,2,60,Open,Low,Normal,0,1,0
R02538,N1282,N1283,0.36,Secondary,2,50,Open,Low,Normal,0,1,0
R02539,N1282,N1332,0.274,Emergency_Road,2,60,Open,Low,Normal,0,1,0
R02540,N1283,N1284,0.378,Industrial,2,40,Open,Low,Normal,0,1,0
R02541,N1283,N1333,0.573,Primary,2,60,Open,Low,Normal,0,1,0
R02542,N1284,N1285,0.242,Emergency_Road,2,60,Open,Low,Normal,0,1,0
R02543,N1284,N1334,0.406,Secondary,2,50,Open,Low,Normal,0,1,0
R02544,N1285,N1286,0.219,Secondary,2,50,Open,Low,Normal,0,1,0
R02545,N1285,N1335,0.333,Emergency_Road,2,60,Open,Low,Normal,0,1,0
R02546,N1286,N1287,0.603,Primary,2,60,Open,Low,Normal,0,1,0
R02547,N1286,N1336,0.388,Residential,1,30,Open,Low,Normal,0,1,0
R02548,N1287,N1288,0.183,Industrial,2,40,Open,Low,Normal,0,1,0
R02549,N1287,N1337,0.245,Secondary,2,50,Open,Low,Normal,0,1,0
R02550,N1288,N1289,0.319,Industrial,2,40,Open,Low,Normal,0,1,0
R02551,N1288,N1338,0.445,Tertiary,1,40,Open,Low,Normal,0,1,0
R02552,N1289,N1290,0.298,Motorway,3,80,Open,Low,Normal,0,1,0
R02553,N1289,N1339,0.217,Tertiary,1,40,Open,Low,Normal,0,1,0
R02554,N1290,N1291,0.325,Industrial,2,40,Open,Low,Normal,0,1,0
R02555,N1290,N1340,0.639,Industrial,2,40,Open,Low,Normal,0,1,0
R02556,N1291,N1292,0.533,Emergency_Road,2,60,Open,Low,Normal,0,1,0
R02557,N1291,N1341,0.185,Primary,2,60,Open,Low,Normal,0,1,0
R02558,N1292,N1293,0.473,Motorway,3,80,Open,Low,Normal,0,1,0
R02559,N1292,N1342,0.517,Residential,1,30,Open,Low,Normal,0,1,0
R02560,N1293,N1294,0.509,Primary,2,60,Open,Low,Normal,0,1,0
R02561,N1293,N1343,0.633,Emergency_Road,2,60,Open,Low,Normal,0,1,0
R02562,N1294,N1295,0.515,Secondary,2,50,Open,Low,Normal,0,1,0
R02563,N1294,N1344,0.316,Primary,2,60,Open,Low,Normal,0,1,0
R02564,N1295,N1296,0.315,Tertiary,1,40,Open,Low,Normal,0,1,0
R02565,N1295,N1345,0.316,Primary,2,60,Open,Low,Normal,0,1,0
R02566,N1296,N1297,0.591,Emergency_Road,2,60,Open,Low,Normal,0,1,0
R02567,N1296,N1346,0.218,Motorway,3,80,Open,Low,Normal,0,1,0
R02568,N1297,N1298,0.353,Service,1,20,Open,Low,Normal,0,1,0
R02569,N1297,N1347,0.641,Motorway,3,80,Open,Low,Normal,0,1,0
R02570,N1298,N1299,0.393,Tertiary,1,40,Open,Low,Normal,0,1,0
R02571,N1298,N1348,0.607,Primary,2,60,Open,Low,Normal,0,1,0
R02572,N1299,N1300,0.32,Industrial,2,40,Open,Low,Normal,0,1,0
R02573,N1299,N1349,0.457,Primary,2,60,Open,Low,Normal,0,1,0
R02574,N1300,N1350,0.509,Primary,2,60,Open,Low,Normal,0,1,0
R02575,N1301,N1302,0.52,Residential,1,30,Open,Low,Normal,0,1,0
R02576,N1301,N1351,0.407,Tertiary,1,40,Open,Low,Normal,0,1,0
R02577,N1302,N1303,0.361,Emergency_Road,2,60,Open,Low,Normal,0,1,0
R02578,N1302,N1352,0.307,Service,1,20,Open,Low,Normal,0,1,0
R02579,N1303,N1304,0.185,Tertiary,1,40,Open,Low,Normal,0,1,0
R02580,N1303,N1353,0.444,Emergency_Road,2,60,Open,Low,Normal,0,1,0
R02581,N1304,N1305,0.578,Residential,1,30,Open,Low,Normal,0,1,0
R02582,N1304,N1354,0.302,Industrial,2,40,Open,Low,Normal,0,1,0
R02583,N1305,N1306,0.333,Primary,2,60,Open,Low,Normal,0,1,0
R02584,N1305,N1355,0.497,Industrial,2,40,Open,Low,Normal,0,1,0
R02585,N1306,N1307,0.58,Service,1,20,Open,Low,Normal,0,1,0
R02586,N1306,N1356,0.266,Service,1,20,Open,Low,Normal,0,1,0
R02587,N1307,N1308,0.338,Residential,1,30,Open,Low,Normal,0,1,0
R02588,N1307,N1357,0.625,Motorway,3,80,Open,Low,Normal,0,1,0
R02589,N1308,N1309,0.402,Residential,1,30,Open,Low,Normal,0,1,0
R02590,N1308,N1358,0.196,Secondary,2,50,Open,Low,Normal,0,1,0
R02591,N1309,N1310,0.248,Service,1,20,Open,Low,Normal,0,1,0
R02592,N1309,N1359,0.456,Emergency_Road,2,60,Open,Low,Normal,0,1,0
R02593,N1310,N1311,0.496,Secondary,2,50,Open,Low,Normal,0,1,0
R02594,N1310,N1360,0.226,Secondary,2,50,Open,Low,Normal,0,1,0
R02595,N1311,N1312,0.334,Primary,2,60,Open,Low,Normal,0,1,0
R02596,N1311,N1361,0.517,Service,1,20,Open,Low,Normal,0,1,0
R02597,N1312,N1313,0.597,Emergency_Road,2,60,Open,Low,Normal,0,1,0
R02598,N1312,N1362,0.407,Primary,2,60,Open,Low,Normal,0,1,0
R02599,N1313,N1314,0.371,Industrial,2,40,Open,Low,Normal,0,1,0
R02600,N1313,N1363,0.21,Service,1,20,Open,Low,Normal,0,1,0
R02601,N1314,N1315,0.509,Industrial,2,40,Open,Low,Normal,0,1,0
R02602,N1314,N1364,0.438,Primary,2,60,Open,Low,Normal,0,1,0
R02603,N1315,N1316,0.248,Tertiary,1,40,Open,Low,Normal,0,1,0
R02604,N1315,N1365,0.455,Residential,1,30,Open,Low,Normal,0,1,0
R02605,N1316,N1317,0.535,Primary,2,60,Open,Low,Normal,0,1,0
R02606,N1316,N1366,0.422,Emergency_Road,2,60,Open,Low,Normal,0,1,0
R02607,N1317,N1318,0.65,Industrial,2,40,Open,Low,Normal,0,1,0
R02608,N1317,N1367,0.543,Service,1,20,Open,Low,Normal,0,1,0
R02609,N1318,N1319,0.342,Motorway,3,80,Open,Low,Normal,0,1,0
R02610,N1318,N1368,0.403,Motorway,3,80,Open,Low,Normal,0,1,0
R02611,N1319,N1320,0.372,Residential,1,30,Open,Low,Normal,0,1,0
R02612,N1319,N1369,0.629,Industrial,2,40,Open,Low,Normal,0,1,0
R02613,N1320,N1321,0.496,Industrial,2,40,Open,Low,Normal,0,1,0
R02614,N1320,N1370,0.488,Industrial,2,40,Open,Low,Normal,0,1,0
R02615,N1321,N1322,0.577,Motorway,3,80,Open,Low,Normal,0,1,0
R02616,N1321,N1371,0.297,Service,1,20,Open,Low,Normal,0,1,0
R02617,N1322,N1323,0.556,Secondary,2,50,Open,Low,Normal,0,1,0
R02618,N1322,N1372,0.322,Service,1,20,Open,Low,Normal,0,1,0
R02619,N1323,N1324,0.307,Industrial,2,40,Open,Low,Normal,0,1,0
R02620,N1323,N1373,0.55,Primary,2,60,Open,Low,Normal,0,1,0
R02621,N1324,N1325,0.559,Motorway,3,80,Open,Low,Normal,0,1,0
R02622,N1324,N1374,0.363,Motorway,3,80,Open,Low,Normal,0,1,0
R02623,N1325,N1326,0.638,Secondary,2,50,Open,Low,Normal,0,1,0
R02624,N1325,N1375,0.304,Secondary,2,50,Open,Low,Normal,0,1,0
R02625,N1326,N1327,0.627,Tertiary,1,40,Open,Low,Normal,0,1,0
R02626,N1326,N1376,0.45,Service,1,20,Open,Low,Normal,0,1,0
R02627,N1327,N1328,0.534,Emergency_Road,2,60,Open,Low,Normal,0,1,0
R02628,N1327,N1377,0.621,Emergency_Road,2,60,Open,Low,Normal,0,1,0
R02629,N1328,N1329,0.364,Emergency_Road,2,60,Open,Low,Normal,0,1,0
R02630,N1328,N1378,0.608,Residential,1,30,Open,Low,Normal,0,1,0
R02631,N1329,N1330,0.545,Tertiary,1,40,Open,Low,Normal,0,1,0
R02632,N1329,N1379,0.476,Service,1,20,Open,Low,Normal,0,1,0
R02633,N1330,N1331,0.585,Secondary,2,50,Open,Low,Normal,0,1,0
R02634,N1330,N1380,0.624,Primary,2,60,Open,Low,Normal,0,1,0
R02635,N1331,N1332,0.519,Service,1,20,Open,Low,Normal,0,1,0
R02636,N1331,N1381,0.228,Secondary,2,50,Open,Low,Normal,0,1,0
R02637,N1332,N1333,0.455,Industrial,2,40,Open,Low,Normal,0,1,0
R02638,N1332,N1382,0.275,Emergency_Road,2,60,Open,Low,Normal,0,1,0
R02639,N1333,N1334,0.589,Service,1,20,Open,Low,Normal,0,1,0
R02640,N1333,N1383,0.622,Emergency_Road,2,60,Open,Low,Normal,0,1,0
R02641,N1334,N1335,0.321,Primary,2,60,Open,Low,Normal,0,1,0
R02642,N1334,N1384,0.447,Emergency_Road,2,60,Open,Low,Normal,0,1,0
R02643,N1335,N1336,0.507,Service,1,20,Open,Low,Normal,0,1,0
R02644,N1335,N1385,0.335,Primary,2,60,Open,Low,Normal,0,1,0
R02645,N1336,N1337,0.587,Residential,1,30,Open,Low,Normal,0,1,0
R02646,N1336,N1386,0.555,Tertiary,1,40,Open,Low,Normal,0,1,0
R02647,N1337,N1338,0.583,Motorway,3,80,Open,Low,Normal,0,1,0
R02648,N1337,N1387,0.495,Primary,2,60,Open,Low,Normal,0,1,0
R02649,N1338,N1339,0.248,Residential,1,30,Open,Low,Normal,0,1,0
R02650,N1338,N1388,0.336,Industrial,2,40,Open,Low,Normal,0,1,0
R02651,N1339,N1340,0.486,Industrial,2,40,Open,Low,Normal,0,1,0
R02652,N1339,N1389,0.346,Service,1,20,Open,Low,Normal,0,1,0
R02653,N1340,N1341,0.466,Emergency_Road,2,60,Open,Low,Normal,0,1,0
R02654,N1340,N1390,0.4,Primary,2,60,Open,Low,Normal,0,1,0
R02655,N1341,N1342,0.515,Motorway,3,80,Open,Low,Normal,0,1,0
R02656,N1341,N1391,0.373,Service,1,20,Open,Low,Normal,0,1,0
R02657,N1342,N1343,0.55,Emergency_Road,2,60,Open,Low,Normal,0,1,0
R02658,N1342,N1392,0.585,Service,1,20,Open,Low,Normal,0,1,0
R02659,N1343,N1344,0.626,Primary,2,60,Open,Low,Normal,0,1,0
R02660,N1343,N1393,0.32,Primary,2,60,Open,Low,Normal,0,1,0
R02661,N1344,N1345,0.413,Secondary,2,50,Open,Low,Normal,0,1,0
R02662,N1344,N1394,0.583,Residential,1,30,Open,Low,Normal,0,1,0
R02663,N1345,N1346,0.311,Industrial,2,40,Open,Low,Normal,0,1,0
R02664,N1345,N1395,0.373,Tertiary,1,40,Open,Low,Normal,0,1,0
R02665,N1346,N1347,0.289,Motorway,3,80,Open,Low,Normal,0,1,0
R02666,N1346,N1396,0.244,Primary,2,60,Open,Low,Normal,0,1,0
R02667,N1347,N1348,0.635,Primary,2,60,Open,Low,Normal,0,1,0
R02668,N1347,N1397,0.19,Tertiary,1,40,Open,Low,Normal,0,1,0
R02669,N1348,N1349,0.46,Industrial,2,40,Open,Low,Normal,0,1,0
R02670,N1348,N1398,0.42,Residential,1,30,Open,Low,Normal,0,1,0
R02671,N1349,N1350,0.274,Motorway,3,80,Open,Low,Normal,0,1,0
R02672,N1349,N1399,0.391,Residential,1,30,Open,Low,Normal,0,1,0
R02673,N1350,N1400,0.268,Industrial,2,40,Open,Low,Normal,0,1,0
R02674,N1351,N1352,0.583,Emergency_Road,2,60,Open,Low,Normal,0,1,0
R02675,N1351,N1401,0.467,Primary,2,60,Open,Low,Normal,0,1,0
R02676,N1352,N1353,0.207,Primary,2,60,Open,Low,Normal,0,1,0
R02677,N1352,N1402,0.582,Service,1,20,Open,Low,Normal,0,1,0
R02678,N1353,N1354,0.247,Tertiary,1,40,Open,Low,Normal,0,1,0
R02679,N1353,N1403,0.513,Residential,1,30,Open,Low,Normal,0,1,0
R02680,N1354,N1355,0.289,Industrial,2,40,Open,Low,Normal,0,1,0
R02681,N1354,N1404,0.192,Secondary,2,50,Open,Low,Normal,0,1,0
R02682,N1355,N1356,0.427,Tertiary,1,40,Open,Low,Normal,0,1,0
R02683,N1355,N1405,0.517,Motorway,3,80,Open,Low,Normal,0,1,0
R02684,N1356,N1357,0.232,Motorway,3,80,Open,Low,Normal,0,1,0
R02685,N1356,N1406,0.405,Secondary,2,50,Open,Low,Normal,0,1,0
R02686,N1357,N1358,0.226,Service,1,20,Open,Low,Normal,0,1,0
R02687,N1357,N1407,0.392,Secondary,2,50,Open,Low,Normal,0,1,0
R02688,N1358,N1359,0.255,Secondary,2,50,Open,Low,Normal,0,1,0
R02689,N1358,N1408,0.364,Residential,1,30,Open,Low,Normal,0,1,0
R02690,N1359,N1360,0.254,Primary,2,60,Open,Low,Normal,0,1,0
R02691,N1359,N1409,0.325,Secondary,2,50,Open,Low,Normal,0,1,0
R02692,N1360,N1361,0.622,Motorway,3,80,Open,Low,Normal,0,1,0
R02693,N1360,N1410,0.551,Primary,2,60,Open,Low,Normal,0,1,0
R02694,N1361,N1362,0.627,Tertiary,1,40,Open,Low,Normal,0,1,0
R02695,N1361,N1411,0.415,Emergency_Road,2,60,Open,Low,Normal,0,1,0
R02696,N1362,N1363,0.303,Industrial,2,40,Open,Low,Normal,0,1,0
R02697,N1362,N1412,0.425,Tertiary,1,40,Open,Low,Normal,0,1,0
R02698,N1363,N1364,0.347,Secondary,2,50,Open,Low,Normal,0,1,0
R02699,N1363,N1413,0.531,Primary,2,60,Open,Low,Normal,0,1,0
R02700,N1364,N1365,0.368,Tertiary,1,40,Open,Low,Normal,0,1,0
R02701,N1364,N1414,0.326,Industrial,2,40,Open,Low,Normal,0,1,0
R02702,N1365,N1366,0.432,Primary,2,60,Open,Low,Normal,0,1,0
R02703,N1365,N1415,0.62,Tertiary,1,40,Open,Low,Normal,0,1,0
R02704,N1366,N1367,0.573,Primary,2,60,Open,Low,Normal,0,1,0
R02705,N1366,N1416,0.328,Secondary,2,50,Open,Low,Normal,0,1,0
R02706,N1367,N1368,0.224,Industrial,2,40,Open,Low,Normal,0,1,0
R02707,N1367,N1417,0.359,Industrial,2,40,Open,Low,Normal,0,1,0
R02708,N1368,N1369,0.258,Emergency_Road,2,60,Open,Low,Normal,0,1,0
R02709,N1368,N1418,0.582,Tertiary,1,40,Open,Low,Normal,0,1,0
R02710,N1369,N1370,0.497,Tertiary,1,40,Open,Low,Normal,0,1,0
R02711,N1369,N1419,0.457,Residential,1,30,Open,Low,Normal,0,1,0
R02712,N1370,N1371,0.237,Primary,2,60,Open,Low,Normal,0,1,0
R02713,N1370,N1420,0.564,Secondary,2,50,Open,Low,Normal,0,1,0
R02714,N1371,N1372,0.206,Industrial,2,40,Open,Low,Normal,0,1,0
R02715,N1371,N1421,0.325,Secondary,2,50,Open,Low,Normal,0,1,0
R02716,N1372,N1373,0.642,Motorway,3,80,Open,Low,Normal,0,1,0
R02717,N1372,N1422,0.203,Tertiary,1,40,Open,Low,Normal,0,1,0
R02718,N1373,N1374,0.236,Residential,1,30,Open,Low,Normal,0,1,0
R02719,N1373,N1423,0.42,Industrial,2,40,Open,Low,Normal,0,1,0
R02720,N1374,N1375,0.458,Primary,2,60,Open,Low,Normal,0,1,0
R02721,N1374,N1424,0.6,Primary,2,60,Open,Low,Normal,0,1,0
R02722,N1375,N1376,0.597,Industrial,2,40,Open,Low,Normal,0,1,0
R02723,N1375,N1425,0.374,Residential,1,30,Open,Low,Normal,0,1,0
R02724,N1376,N1377,0.587,Secondary,2,50,Open,Low,Normal,0,1,0
R02725,N1376,N1426,0.338,Industrial,2,40,Open,Low,Normal,0,1,0
R02726,N1377,N1378,0.623,Industrial,2,40,Open,Low,Normal,0,1,0
R02727,N1377,N1427,0.231,Motorway,3,80,Open,Low,Normal,0,1,0
R02728,N1378,N1379,0.201,Primary,2,60,Open,Low,Normal,0,1,0
R02729,N1378,N1428,0.428,Secondary,2,50,Open,Low,Normal,0,1,0
R02730,N1379,N1380,0.194,Emergency_Road,2,60,Open,Low,Normal,0,1,0
R02731,N1379,N1429,0.275,Industrial,2,40,Open,Low,Normal,0,1,0
R02732,N1380,N1381,0.555,Motorway,3,80,Open,Low,Normal,0,1,0
R02733,N1380,N1430,0.428,Industrial,2,40,Open,Low,Normal,0,1,0
R02734,N1381,N1382,0.255,Tertiary,1,40,Open,Low,Normal,0,1,0
R02735,N1381,N1431,0.322,Industrial,2,40,Open,Low,Normal,0,1,0
R02736,N1382,N1383,0.647,Secondary,2,50,Open,Low,Normal,0,1,0
R02737,N1382,N1432,0.562,Motorway,3,80,Open,Low,Normal,0,1,0
R02738,N1383,N1384,0.429,Service,1,20,Open,Low,Normal,0,1,0
R02739,N1383,N1433,0.378,Primary,2,60,Open,Low,Normal,0,1,0
R02740,N1384,N1385,0.388,Industrial,2,40,Open,Low,Normal,0,1,0
R02741,N1384,N1434,0.572,Service,1,20,Open,Low,Normal,0,1,0
R02742,N1385,N1386,0.443,Motorway,3,80,Open,Low,Normal,0,1,0
R02743,N1385,N1435,0.317,Service,1,20,Open,Low,Normal,0,1,0
R02744,N1386,N1387,0.213,Secondary,2,50,Open,Low,Normal,0,1,0
R02745,N1386,N1436,0.437,Secondary,2,50,Open,Low,Normal,0,1,0
R02746,N1387,N1388,0.404,Service,1,20,Open,Low,Normal,0,1,0
R02747,N1387,N1437,0.298,Primary,2,60,Open,Low,Normal,0,1,0
R02748,N1388,N1389,0.562,Secondary,2,50,Open,Low,Normal,0,1,0
R02749,N1388,N1438,0.426,Emergency_Road,2,60,Open,Low,Normal,0,1,0
R02750,N1389,N1390,0.627,Primary,2,60,Open,Low,Normal,0,1,0
R02751,N1389,N1439,0.552,Primary,2,60,Open,Low,Normal,0,1,0
R02752,N1390,N1391,0.385,Industrial,2,40,Open,Low,Normal,0,1,0
R02753,N1390,N1440,0.552,Emergency_Road,2,60,Open,Low,Normal,0,1,0
R02754,N1391,N1392,0.58,Secondary,2,50,Open,Low,Normal,0,1,0
R02755,N1391,N1441,0.25,Residential,1,30,Open,Low,Normal,0,1,0
R02756,N1392,N1393,0.197,Secondary,2,50,Open,Low,Normal,0,1,0
R02757,N1392,N1442,0.387,Service,1,20,Open,Low,Normal,0,1,0
R02758,N1393,N1394,0.457,Primary,2,60,Open,Low,Normal,0,1,0
R02759,N1393,N1443,0.448,Tertiary,1,40,Open,Low,Normal,0,1,0
R02760,N1394,N1395,0.494,Motorway,3,80,Open,Low,Normal,0,1,0
R02761,N1394,N1444,0.619,Motorway,3,80,Open,Low,Normal,0,1,0
R02762,N1395,N1396,0.594,Service,1,20,Open,Low,Normal,0,1,0
R02763,N1395,N1445,0.577,Residential,1,30,Open,Low,Normal,0,1,0
R02764,N1396,N1397,0.447,Industrial,2,40,Open,Low,Normal,0,1,0
R02765,N1396,N1446,0.298,Service,1,20,Open,Low,Normal,0,1,0
R02766,N1397,N1398,0.306,Industrial,2,40,Open,Low,Normal,0,1,0
R02767,N1397,N1447,0.626,Emergency_Road,2,60,Open,Low,Normal,0,1,0
R02768,N1398,N1399,0.251,Motorway,3,80,Open,Low,Normal,0,1,0
R02769,N1398,N1448,0.504,Industrial,2,40,Open,Low,Normal,0,1,0
R02770,N1399,N1400,0.273,Residential,1,30,Open,Low,Normal,0,1,0
R02771,N1399,N1449,0.405,Residential,1,30,Open,Low,Normal,0,1,0
R02772,N1400,N1450,0.293,Emergency_Road,2,60,Open,Low,Normal,0,1,0
R02773,N1401,N1402,0.501,Residential,1,30,Open,Low,Normal,0,1,0
R02774,N1401,N1451,0.187,Motorway,3,80,Open,Low,Normal,0,1,0
R02775,N1402,N1403,0.623,Motorway,3,80,Open,Low,Normal,0,1,0
R02776,N1402,N1452,0.56,Tertiary,1,40,Open,Low,Normal,0,1,0
R02777,N1403,N1404,0.613,Emergency_Road,2,60,Open,Low,Normal,0,1,0
R02778,N1403,N1453,0.552,Primary,2,60,Open,Low,Normal,0,1,0
R02779,N1404,N1405,0.585,Tertiary,1,40,Open,Low,Normal,0,1,0
R02780,N1404,N1454,0.194,Primary,2,60,Open,Low,Normal,0,1,0
R02781,N1405,N1406,0.357,Service,1,20,Open,Low,Normal,0,1,0
R02782,N1405,N1455,0.599,Primary,2,60,Open,Low,Normal,0,1,0
R02783,N1406,N1407,0.574,Residential,1,30,Open,Low,Normal,0,1,0
R02784,N1406,N1456,0.38,Secondary,2,50,Open,Low,Normal,0,1,0
R02785,N1407,N1408,0.31,Emergency_Road,2,60,Open,Low,Normal,0,1,0
R02786,N1407,N1457,0.57,Motorway,3,80,Open,Low,Normal,0,1,0
R02787,N1408,N1409,0.22,Residential,1,30,Open,Low,Normal,0,1,0
R02788,N1408,N1458,0.522,Motorway,3,80,Open,Low,Normal,0,1,0
R02789,N1409,N1410,0.343,Secondary,2,50,Open,Low,Normal,0,1,0
R02790,N1409,N1459,0.259,Service,1,20,Open,Low,Normal,0,1,0
R02791,N1410,N1411,0.631,Residential,1,30,Open,Low,Normal,0,1,0
R02792,N1410,N1460,0.362,Emergency_Road,2,60,Open,Low,Normal,0,1,0
R02793,N1411,N1412,0.646,Motorway,3,80,Open,Low,Normal,0,1,0
R02794,N1411,N1461,0.575,Secondary,2,50,Open,Low,Normal,0,1,0
R02795,N1412,N1413,0.444,Primary,2,60,Open,Low,Normal,0,1,0
R02796,N1412,N1462,0.199,Service,1,20,Open,Low,Normal,0,1,0
R02797,N1413,N1414,0.184,Primary,2,60,Open,Low,Normal,0,1,0
R02798,N1413,N1463,0.407,Emergency_Road,2,60,Open,Low,Normal,0,1,0
R02799,N1414,N1415,0.376,Tertiary,1,40,Open,Low,Normal,0,1,0
R02800,N1414,N1464,0.367,Industrial,2,40,Open,Low,Normal,0,1,0
R02801,N1415,N1416,0.354,Tertiary,1,40,Open,Low,Normal,0,1,0
R02802,N1415,N1465,0.339,Residential,1,30,Open,Low,Normal,0,1,0
R02803,N1416,N1417,0.567,Service,1,20,Open,Low,Normal,0,1,0
R02804,N1416,N1466,0.21,Motorway,3,80,Open,Low,Normal,0,1,0
R02805,N1417,N1418,0.592,Tertiary,1,40,Open,Low,Normal,0,1,0
R02806,N1417,N1467,0.441,Tertiary,1,40,Open,Low,Normal,0,1,0
R02807,N1418,N1419,0.205,Secondary,2,50,Open,Low,Normal,0,1,0
R02808,N1418,N1468,0.539,Primary,2,60,Open,Low,Normal,0,1,0
R02809,N1419,N1420,0.593,Tertiary,1,40,Open,Low,Normal,0,1,0
R02810,N1419,N1469,0.486,Primary,2,60,Open,Low,Normal,0,1,0
R02811,N1420,N1421,0.423,Secondary,2,50,Open,Low,Normal,0,1,0
R02812,N1420,N1470,0.262,Residential,1,30,Open,Low,Normal,0,1,0
R02813,N1421,N1422,0.422,Motorway,3,80,Open,Low,Normal,0,1,0
R02814,N1421,N1471,0.543,Secondary,2,50,Open,Low,Normal,0,1,0
R02815,N1422,N1423,0.468,Emergency_Road,2,60,Open,Low,Normal,0,1,0
R02816,N1422,N1472,0.259,Residential,1,30,Open,Low,Normal,0,1,0
R02817,N1423,N1424,0.309,Residential,1,30,Open,Low,Normal,0,1,0
R02818,N1423,N1473,0.367,Service,1,20,Open,Low,Normal,0,1,0
R02819,N1424,N1425,0.457,Industrial,2,40,Open,Low,Normal,0,1,0
R02820,N1424,N1474,0.558,Emergency_Road,2,60,Open,Low,Normal,0,1,0
R02821,N1425,N1426,0.616,Primary,2,60,Open,Low,Normal,0,1,0
R02822,N1425,N1475,0.503,Tertiary,1,40,Open,Low,Normal,0,1,0
R02823,N1426,N1427,0.393,Tertiary,1,40,Open,Low,Normal,0,1,0
R02824,N1426,N1476,0.268,Industrial,2,40,Open,Low,Normal,0,1,0
R02825,N1427,N1428,0.198,Primary,2,60,Open,Low,Normal,0,1,0
R02826,N1427,N1477,0.619,Emergency_Road,2,60,Open,Low,Normal,0,1,0
R02827,N1428,N1429,0.602,Primary,2,60,Open,Low,Normal,0,1,0
R02828,N1428,N1478,0.202,Motorway,3,80,Open,Low,Normal,0,1,0
R02829,N1429,N1430,0.562,Primary,2,60,Open,Low,Normal,0,1,0
R02830,N1429,N1479,0.41,Primary,2,60,Open,Low,Normal,0,1,0
R02831,N1430,N1431,0.429,Emergency_Road,2,60,Open,Low,Normal,0,1,0
R02832,N1430,N1480,0.491,Service,1,20,Open,Low,Normal,0,1,0
R02833,N1431,N1432,0.531,Tertiary,1,40,Open,Low,Normal,0,1,0
R02834,N1431,N1481,0.23,Emergency_Road,2,60,Open,Low,Normal,0,1,0
R02835,N1432,N1433,0.197,Secondary,2,50,Open,Low,Normal,0,1,0
R02836,N1432,N1482,0.243,Industrial,2,40,Open,Low,Normal,0,1,0
R02837,N1433,N1434,0.458,Service,1,20,Open,Low,Normal,0,1,0
R02838,N1433,N1483,0.383,Motorway,3,80,Open,Low,Normal,0,1,0
R02839,N1434,N1435,0.636,Emergency_Road,2,60,Open,Low,Normal,0,1,0
R02840,N1434,N1484,0.198,Emergency_Road,2,60,Open,Low,Normal,0,1,0
R02841,N1435,N1436,0.412,Residential,1,30,Open,Low,Normal,0,1,0
R02842,N1435,N1485,0.602,Primary,2,60,Open,Low,Normal,0,1,0
R02843,N1436,N1437,0.367,Secondary,2,50,Open,Low,Normal,0,1,0
R02844,N1436,N1486,0.382,Secondary,2,50,Open,Low,Normal,0,1,0
R02845,N1437,N1438,0.259,Motorway,3,80,Open,Low,Normal,0,1,0
R02846,N1437,N1487,0.271,Industrial,2,40,Open,Low,Normal,0,1,0
R02847,N1438,N1439,0.549,Secondary,2,50,Open,Low,Normal,0,1,0
R02848,N1438,N1488,0.405,Tertiary,1,40,Open,Low,Normal,0,1,0
R02849,N1439,N1440,0.581,Industrial,2,40,Open,Low,Normal,0,1,0
R02850,N1439,N1489,0.486,Tertiary,1,40,Open,Low,Normal,0,1,0
R02851,N1440,N1441,0.236,Primary,2,60,Open,Low,Normal,0,1,0
R02852,N1440,N1490,0.536,Secondary,2,50,Open,Low,Normal,0,1,0
R02853,N1441,N1442,0.294,Industrial,2,40,Open,Low,Normal,0,1,0
R02854,N1441,N1491,0.314,Industrial,2,40,Open,Low,Normal,0,1,0
R02855,N1442,N1443,0.512,Motorway,3,80,Open,Low,Normal,0,1,0
R02856,N1442,N1492,0.199,Service,1,20,Open,Low,Normal,0,1,0
R02857,N1443,N1444,0.504,Service,1,20,Open,Low,Normal,0,1,0
R02858,N1443,N1493,0.489,Residential,1,30,Open,Low,Normal,0,1,0
R02859,N1444,N1445,0.381,Emergency_Road,2,60,Open,Low,Normal,0,1,0
R02860,N1444,N1494,0.521,Primary,2,60,Open,Low,Normal,0,1,0
R02861,N1445,N1446,0.569,Tertiary,1,40,Open,Low,Normal,0,1,0
R02862,N1445,N1495,0.452,Primary,2,60,Open,Low,Normal,0,1,0
R02863,N1446,N1447,0.422,Secondary,2,50,Open,Low,Normal,0,1,0
R02864,N1446,N1496,0.276,Secondary,2,50,Open,Low,Normal,0,1,0
R02865,N1447,N1448,0.396,Secondary,2,50,Open,Low,Normal,0,1,0
R02866,N1447,N1497,0.298,Emergency_Road,2,60,Open,Low,Normal,0,1,0
R02867,N1448,N1449,0.59,Residential,1,30,Open,Low,Normal,0,1,0
R02868,N1448,N1498,0.406,Service,1,20,Open,Low,Normal,0,1,0
R02869,N1449,N1450,0.476,Emergency_Road,2,60,Open,Low,Normal,0,1,0
R02870,N1449,N1499,0.432,Industrial,2,40,Open,Low,Normal,0,1,0
R02871,N1450,N1500,0.498,Secondary,2,50,Open,Low,Normal,0,1,0
R02872,N1451,N1452,0.649,Motorway,3,80,Open,Low,Normal,0,1,0
R02873,N1451,N1501,0.539,Motorway,3,80,Open,Low,Normal,0,1,0
R02874,N1452,N1453,0.406,Motorway,3,80,Open,Low,Normal,0,1,0
R02875,N1452,N1502,0.47,Secondary,2,50,Open,Low,Normal,0,1,0
R02876,N1453,N1454,0.274,Residential,1,30,Open,Low,Normal,0,1,0
R02877,N1453,N1503,0.348,Secondary,2,50,Open,Low,Normal,0,1,0
R02878,N1454,N1455,0.225,Secondary,2,50,Open,Low,Normal,0,1,0
R02879,N1454,N1504,0.266,Industrial,2,40,Open,Low,Normal,0,1,0
R02880,N1455,N1456,0.361,Primary,2,60,Open,Low,Normal,0,1,0
R02881,N1455,N1505,0.63,Residential,1,30,Open,Low,Normal,0,1,0
R02882,N1456,N1457,0.315,Residential,1,30,Open,Low,Normal,0,1,0
R02883,N1456,N1506,0.581,Industrial,2,40,Open,Low,Normal,0,1,0
R02884,N1457,N1458,0.475,Motorway,3,80,Open,Low,Normal,0,1,0
R02885,N1457,N1507,0.257,Industrial,2,40,Open,Low,Normal,0,1,0
R02886,N1458,N1459,0.364,Primary,2,60,Open,Low,Normal,0,1,0
R02887,N1458,N1508,0.274,Residential,1,30,Open,Low,Normal,0,1,0
R02888,N1459,N1460,0.281,Secondary,2,50,Open,Low,Normal,0,1,0
R02889,N1459,N1509,0.556,Tertiary,1,40,Open,Low,Normal,0,1,0
R02890,N1460,N1461,0.249,Emergency_Road,2,60,Open,Low,Normal,0,1,0
R02891,N1460,N1510,0.639,Motorway,3,80,Open,Low,Normal,0,1,0
R02892,N1461,N1462,0.305,Industrial,2,40,Open,Low,Normal,0,1,0
R02893,N1461,N1511,0.186,Residential,1,30,Open,Low,Normal,0,1,0
R02894,N1462,N1463,0.391,Industrial,2,40,Open,Low,Normal,0,1,0
R02895,N1462,N1512,0.456,Secondary,2,50,Open,Low,Normal,0,1,0
R02896,N1463,N1464,0.491,Secondary,2,50,Open,Low,Normal,0,1,0
R02897,N1463,N1513,0.296,Motorway,3,80,Open,Low,Normal,0,1,0
R02898,N1464,N1465,0.603,Primary,2,60,Open,Low,Normal,0,1,0
R02899,N1464,N1514,0.42,Secondary,2,50,Open,Low,Normal,0,1,0
R02900,N1465,N1466,0.448,Tertiary,1,40,Open,Low,Normal,0,1,0
R02901,N1465,N1515,0.629,Tertiary,1,40,Open,Low,Normal,0,1,0
R02902,N1466,N1467,0.647,Industrial,2,40,Open,Low,Normal,0,1,0
R02903,N1466,N1516,0.569,Tertiary,1,40,Open,Low,Normal,0,1,0
R02904,N1467,N1468,0.531,Residential,1,30,Open,Low,Normal,0,1,0
R02905,N1467,N1517,0.648,Secondary,2,50,Open,Low,Normal,0,1,0
R02906,N1468,N1469,0.533,Secondary,2,50,Open,Low,Normal,0,1,0
R02907,N1468,N1518,0.476,Emergency_Road,2,60,Open,Low,Normal,0,1,0
R02908,N1469,N1470,0.551,Tertiary,1,40,Open,Low,Normal,0,1,0
R02909,N1469,N1519,0.359,Tertiary,1,40,Open,Low,Normal,0,1,0
R02910,N1470,N1471,0.301,Secondary,2,50,Open,Low,Normal,0,1,0
R02911,N1470,N1520,0.614,Industrial,2,40,Open,Low,Normal,0,1,0
R02912,N1471,N1472,0.257,Secondary,2,50,Open,Low,Normal,0,1,0
R02913,N1471,N1521,0.229,Primary,2,60,Open,Low,Normal,0,1,0
R02914,N1472,N1473,0.631,Industrial,2,40,Open,Low,Normal,0,1,0
R02915,N1472,N1522,0.228,Residential,1,30,Open,Low,Normal,0,1,0
R02916,N1473,N1474,0.538,Secondary,2,50,Open,Low,Normal,0,1,0
R02917,N1473,N1523,0.531,Industrial,2,40,Open,Low,Normal,0,1,0
R02918,N1474,N1475,0.248,Tertiary,1,40,Open,Low,Normal,0,1,0
R02919,N1474,N1524,0.401,Service,1,20,Open,Low,Normal,0,1,0
R02920,N1475,N1476,0.604,Secondary,2,50,Open,Low,Normal,0,1,0
R02921,N1475,N1525,0.471,Secondary,2,50,Open,Low,Normal,0,1,0
R02922,N1476,N1477,0.369,Primary,2,60,Open,Low,Normal,0,1,0
R02923,N1476,N1526,0.36,Industrial,2,40,Open,Low,Normal,0,1,0
R02924,N1477,N1478,0.196,Motorway,3,80,Open,Low,Normal,0,1,0
R02925,N1477,N1527,0.206,Residential,1,30,Open,Low,Normal,0,1,0
R02926,N1478,N1479,0.521,Tertiary,1,40,Open,Low,Normal,0,1,0
R02927,N1478,N1528,0.511,Tertiary,1,40,Open,Low,Normal,0,1,0
R02928,N1479,N1480,0.338,Emergency_Road,2,60,Open,Low,Normal,0,1,0
R02929,N1479,N1529,0.208,Primary,2,60,Open,Low,Normal,0,1,0
R02930,N1480,N1481,0.301,Secondary,2,50,Open,Low,Normal,0,1,0
R02931,N1480,N1530,0.453,Industrial,2,40,Open,Low,Normal,0,1,0
R02932,N1481,N1482,0.57,Emergency_Road,2,60,Open,Low,Normal,0,1,0
R02933,N1481,N1531,0.368,Tertiary,1,40,Open,Low,Normal,0,1,0
R02934,N1482,N1483,0.287,Service,1,20,Open,Low,Normal,0,1,0
R02935,N1482,N1532,0.184,Residential,1,30,Open,Low,Normal,0,1,0
R02936,N1483,N1484,0.506,Primary,2,60,Open,Low,Normal,0,1,0
R02937,N1483,N1533,0.216,Tertiary,1,40,Open,Low,Normal,0,1,0
R02938,N1484,N1485,0.322,Service,1,20,Open,Low,Normal,0,1,0
R02939,N1484,N1534,0.181,Service,1,20,Open,Low,Normal,0,1,0
R02940,N1485,N1486,0.487,Motorway,3,80,Open,Low,Normal,0,1,0
R02941,N1485,N1535,0.187,Residential,1,30,Open,Low,Normal,0,1,0
R02942,N1486,N1487,0.605,Service,1,20,Open,Low,Normal,0,1,0
R02943,N1486,N1536,0.203,Service,1,20,Open,Low,Normal,0,1,0
R02944,N1487,N1488,0.337,Industrial,2,40,Open,Low,Normal,0,1,0
R02945,N1487,N1537,0.272,Motorway,3,80,Open,Low,Normal,0,1,0
R02946,N1488,N1489,0.457,Residential,1,30,Open,Low,Normal,0,1,0
R02947,N1488,N1538,0.447,Emergency_Road,2,60,Open,Low,Normal,0,1,0
R02948,N1489,N1490,0.452,Emergency_Road,2,60,Open,Low,Normal,0,1,0
R02949,N1489,N1539,0.41,Emergency_Road,2,60,Open,Low,Normal,0,1,0
R02950,N1490,N1491,0.465,Service,1,20,Open,Low,Normal,0,1,0
R02951,N1490,N1540,0.259,Primary,2,60,Open,Low,Normal,0,1,0
R02952,N1491,N1492,0.363,Emergency_Road,2,60,Open,Low,Normal,0,1,0
R02953,N1491,N1541,0.341,Industrial,2,40,Open,Low,Normal,0,1,0
R02954,N1492,N1493,0.601,Primary,2,60,Open,Low,Normal,0,1,0
R02955,N1492,N1542,0.641,Motorway,3,80,Open,Low,Normal,0,1,0
R02956,N1493,N1494,0.484,Tertiary,1,40,Open,Low,Normal,0,1,0
R02957,N1493,N1543,0.244,Motorway,3,80,Open,Low,Normal,0,1,0
R02958,N1494,N1495,0.551,Industrial,2,40,Open,Low,Normal,0,1,0
R02959,N1494,N1544,0.361,Emergency_Road,2,60,Open,Low,Normal,0,1,0
R02960,N1495,N1496,0.336,Emergency_Road,2,60,Open,Low,Normal,0,1,0
R02961,N1495,N1545,0.298,Emergency_Road,2,60,Open,Low,Normal,0,1,0
R02962,N1496,N1497,0.326,Tertiary,1,40,Open,Low,Normal,0,1,0
R02963,N1496,N1546,0.184,Primary,2,60,Open,Low,Normal,0,1,0
R02964,N1497,N1498,0.272,Emergency_Road,2,60,Open,Low,Normal,0,1,0
R02965,N1497,N1547,0.392,Residential,1,30,Open,Low,Normal,0,1,0
R02966,N1498,N1499,0.385,Motorway,3,80,Open,Low,Normal,0,1,0
R02967,N1498,N1548,0.282,Industrial,2,40,Open,Low,Normal,0,1,0
R02968,N1499,N1500,0.437,Residential,1,30,Open,Low,Normal,0,1,0
R02969,N1499,N1549,0.235,Motorway,3,80,Open,Low,Normal,0,1,0
R02970,N1500,N1550,0.377,Motorway,3,80,Open,Low,Normal,0,1,0
R02971,N1501,N1502,0.302,Industrial,2,40,Open,Low,Normal,0,1,0
R02972,N1501,N1551,0.233,Service,1,20,Open,Low,Normal,0,1,0
R02973,N1502,N1503,0.206,Tertiary,1,40,Open,Low,Normal,0,1,0
R02974,N1502,N1552,0.298,Tertiary,1,40,Open,Low,Normal,0,1,0
R02975,N1503,N1504,0.547,Emergency_Road,2,60,Open,Low,Normal,0,1,0
R02976,N1503,N1553,0.487,Motorway,3,80,Open,Low,Normal,0,1,0
R02977,N1504,N1505,0.521,Residential,1,30,Open,Low,Normal,0,1,0
R02978,N1504,N1554,0.507,Tertiary,1,40,Open,Low,Normal,0,1,0
R02979,N1505,N1506,0.195,Emergency_Road,2,60,Open,Low,Normal,0,1,0
R02980,N1505,N1555,0.449,Motorway,3,80,Open,Low,Normal,0,1,0
R02981,N1506,N1507,0.508,Tertiary,1,40,Open,Low,Normal,0,1,0
R02982,N1506,N1556,0.458,Secondary,2,50,Open,Low,Normal,0,1,0
R02983,N1507,N1508,0.366,Secondary,2,50,Open,Low,Normal,0,1,0
R02984,N1507,N1557,0.492,Emergency_Road,2,60,Open,Low,Normal,0,1,0
R02985,N1508,N1509,0.218,Primary,2,60,Open,Low,Normal,0,1,0
R02986,N1508,N1558,0.478,Emergency_Road,2,60,Open,Low,Normal,0,1,0
R02987,N1509,N1510,0.387,Industrial,2,40,Open,Low,Normal,0,1,0
R02988,N1509,N1559,0.207,Service,1,20,Open,Low,Normal,0,1,0
R02989,N1510,N1511,0.242,Tertiary,1,40,Open,Low,Normal,0,1,0
R02990,N1510,N1560,0.446,Secondary,2,50,Open,Low,Normal,0,1,0
R02991,N1511,N1512,0.351,Primary,2,60,Open,Low,Normal,0,1,0
R02992,N1511,N1561,0.318,Secondary,2,50,Open,Low,Normal,0,1,0
R02993,N1512,N1513,0.477,Industrial,2,40,Open,Low,Normal,0,1,0
R02994,N1512,N1562,0.34,Residential,1,30,Open,Low,Normal,0,1,0
R02995,N1513,N1514,0.297,Primary,2,60,Open,Low,Normal,0,1,0
R02996,N1513,N1563,0.218,Primary,2,60,Open,Low,Normal,0,1,0
R02997,N1514,N1515,0.637,Secondary,2,50,Open,Low,Normal,0,1,0
R02998,N1514,N1564,0.425,Residential,1,30,Open,Low,Normal,0,1,0
R02999,N1515,N1516,0.471,Residential,1,30,Open,Low,Normal,0,1,0
R03000,N1515,N1565,0.47,Tertiary,1,40,Open,Low,Normal,0,1,0
R03001,N1516,N1517,0.382,Secondary,2,50,Open,Low,Normal,0,1,0
R03002,N1516,N1566,0.246,Industrial,2,40,Open,Low,Normal,0,1,0
R03003,N1517,N1518,0.292,Emergency_Road,2,60,Open,Low,Normal,0,1,0
R03004,N1517,N1567,0.382,Residential,1,30,Open,Low,Normal,0,1,0
R03005,N1518,N1519,0.184,Emergency_Road,2,60,Open,Low,Normal,0,1,0
R03006,N1518,N1568,0.459,Emergency_Road,2,60,Open,Low,Normal,0,1,0
R03007,N1519,N1520,0.244,Tertiary,1,40,Open,Low,Normal,0,1,0
R03008,N1519,N1569,0.345,Emergency_Road,2,60,Open,Low,Normal,0,1,0
R03009,N1520,N1521,0.183,Secondary,2,50,Open,Low,Normal,0,1,0
R03010,N1520,N1570,0.397,Motorway,3,80,Open,Low,Normal,0,1,0
R03011,N1521,N1522,0.597,Secondary,2,50,Open,Low,Normal,0,1,0
R03012,N1521,N1571,0.501,Emergency_Road,2,60,Open,Low,Normal,0,1,0
R03013,N1522,N1523,0.558,Primary,2,60,Open,Low,Normal,0,1,0
R03014,N1522,N1572,0.512,Industrial,2,40,Open,Low,Normal,0,1,0
R03015,N1523,N1524,0.621,Secondary,2,50,Open,Low,Normal,0,1,0
R03016,N1523,N1573,0.276,Emergency_Road,2,60,Open,Low,Normal,0,1,0
R03017,N1524,N1525,0.432,Primary,2,60,Open,Low,Normal,0,1,0
R03018,N1524,N1574,0.464,Service,1,20,Open,Low,Normal,0,1,0
R03019,N1525,N1526,0.593,Industrial,2,40,Open,Low,Normal,0,1,0
R03020,N1525,N1575,0.641,Primary,2,60,Open,Low,Normal,0,1,0
R03021,N1526,N1527,0.606,Industrial,2,40,Open,Low,Normal,0,1,0
R03022,N1526,N1576,0.337,Tertiary,1,40,Open,Low,Normal,0,1,0
R03023,N1527,N1528,0.486,Secondary,2,50,Open,Low,Normal,0,1,0
R03024,N1527,N1577,0.226,Emergency_Road,2,60,Open,Low,Normal,0,1,0
R03025,N1528,N1529,0.453,Secondary,2,50,Open,Low,Normal,0,1,0
R03026,N1528,N1578,0.315,Emergency_Road,2,60,Open,Low,Normal,0,1,0
R03027,N1529,N1530,0.404,Emergency_Road,2,60,Open,Low,Normal,0,1,0
R03028,N1529,N1579,0.375,Residential,1,30,Open,Low,Normal,0,1,0
R03029,N1530,N1531,0.432,Residential,1,30,Open,Low,Normal,0,1,0
R03030,N1530,N1580,0.306,Secondary,2,50,Open,Low,Normal,0,1,0
R03031,N1531,N1532,0.549,Secondary,2,50,Open,Low,Normal,0,1,0
R03032,N1531,N1581,0.452,Service,1,20,Open,Low,Normal,0,1,0
R03033,N1532,N1533,0.314,Residential,1,30,Open,Low,Normal,0,1,0
R03034,N1532,N1582,0.625,Secondary,2,50,Open,Low,Normal,0,1,0
R03035,N1533,N1534,0.513,Service,1,20,Open,Low,Normal,0,1,0
R03036,N1533,N1583,0.501,Motorway,3,80,Open,Low,Normal,0,1,0
R03037,N1534,N1535,0.304,Primary,2,60,Open,Low,Normal,0,1,0
R03038,N1534,N1584,0.306,Residential,1,30,Open,Low,Normal,0,1,0
R03039,N1535,N1536,0.481,Motorway,3,80,Open,Low,Normal,0,1,0
R03040,N1535,N1585,0.471,Primary,2,60,Open,Low,Normal,0,1,0
R03041,N1536,N1537,0.206,Motorway,3,80,Open,Low,Normal,0,1,0
R03042,N1536,N1586,0.463,Emergency_Road,2,60,Open,Low,Normal,0,1,0
R03043,N1537,N1538,0.565,Motorway,3,80,Open,Low,Normal,0,1,0
R03044,N1537,N1587,0.456,Primary,2,60,Open,Low,Normal,0,1,0
R03045,N1538,N1539,0.312,Primary,2,60,Open,Low,Normal,0,1,0
R03046,N1538,N1588,0.362,Industrial,2,40,Open,Low,Normal,0,1,0
R03047,N1539,N1540,0.612,Motorway,3,80,Open,Low,Normal,0,1,0
R03048,N1539,N1589,0.181,Motorway,3,80,Open,Low,Normal,0,1,0
R03049,N1540,N1541,0.458,Motorway,3,80,Open,Low,Normal,0,1,0
R03050,N1540,N1590,0.302,Industrial,2,40,Open,Low,Normal,0,1,0
R03051,N1541,N1542,0.288,Emergency_Road,2,60,Open,Low,Normal,0,1,0
R03052,N1541,N1591,0.213,Primary,2,60,Open,Low,Normal,0,1,0
R03053,N1542,N1543,0.345,Tertiary,1,40,Open,Low,Normal,0,1,0
R03054,N1542,N1592,0.421,Emergency_Road,2,60,Open,Low,Normal,0,1,0
R03055,N1543,N1544,0.216,Secondary,2,50,Open,Low,Normal,0,1,0
R03056,N1543,N1593,0.354,Motorway,3,80,Open,Low,Normal,0,1,0
R03057,N1544,N1545,0.346,Tertiary,1,40,Open,Low,Normal,0,1,0
R03058,N1544,N1594,0.465,Secondary,2,50,Open,Low,Normal,0,1,0
R03059,N1545,N1546,0.528,Secondary,2,50,Open,Low,Normal,0,1,0
R03060,N1545,N1595,0.392,Tertiary,1,40,Open,Low,Normal,0,1,0
R03061,N1546,N1547,0.195,Service,1,20,Open,Low,Normal,0,1,0
R03062,N1546,N1596,0.412,Tertiary,1,40,Open,Low,Normal,0,1,0
R03063,N1547,N1548,0.384,Industrial,2,40,Open,Low,Normal,0,1,0
R03064,N1547,N1597,0.533,Residential,1,30,Open,Low,Normal,0,1,0
R03065,N1548,N1549,0.284,Tertiary,1,40,Open,Low,Normal,0,1,0
R03066,N1548,N1598,0.554,Service,1,20,Open,Low,Normal,0,1,0
R03067,N1549,N1550,0.593,Service,1,20,Open,Low,Normal,0,1,0
R03068,N1549,N1599,0.271,Motorway,3,80,Open,Low,Normal,0,1,0
R03069,N1550,N1600,0.584,Industrial,2,40,Open,Low,Normal,0,1,0
R03070,N1551,N1552,0.461,Emergency_Road,2,60,Open,Low,Normal,0,1,0
R03071,N1551,N1601,0.318,Emergency_Road,2,60,Open,Low,Normal,0,1,0
R03072,N1552,N1553,0.479,Residential,1,30,Open,Low,Normal,0,1,0
R03073,N1552,N1602,0.454,Industrial,2,40,Open,Low,Normal,0,1,0
R03074,N1553,N1554,0.344,Primary,2,60,Open,Low,Normal,0,1,0
R03075,N1553,N1603,0.321,Residential,1,30,Open,Low,Normal,0,1,0
R03076,N1554,N1555,0.635,Secondary,2,50,Open,Low,Normal,0,1,0
R03077,N1554,N1604,0.602,Service,1,20,Open,Low,Normal,0,1,0
R03078,N1555,N1556,0.557,Motorway,3,80,Open,Low,Normal,0,1,0
R03079,N1555,N1605,0.215,Secondary,2,50,Open,Low,Normal,0,1,0
R03080,N1556,N1557,0.568,Motorway,3,80,Open,Low,Normal,0,1,0
R03081,N1556,N1606,0.635,Motorway,3,80,Open,Low,Normal,0,1,0
R03082,N1557,N1558,0.304,Secondary,2,50,Open,Low,Normal,0,1,0
R03083,N1557,N1607,0.618,Residential,1,30,Open,Low,Normal,0,1,0
R03084,N1558,N1559,0.489,Industrial,2,40,Open,Low,Normal,0,1,0
R03085,N1558,N1608,0.263,Tertiary,1,40,Open,Low,Normal,0,1,0
R03086,N1559,N1560,0.213,Service,1,20,Open,Low,Normal,0,1,0
R03087,N1559,N1609,0.362,Emergency_Road,2,60,Open,Low,Normal,0,1,0
R03088,N1560,N1561,0.307,Motorway,3,80,Open,Low,Normal,0,1,0
R03089,N1560,N1610,0.561,Residential,1,30,Open,Low,Normal,0,1,0
R03090,N1561,N1562,0.312,Emergency_Road,2,60,Open,Low,Normal,0,1,0
R03091,N1561,N1611,0.488,Secondary,2,50,Open,Low,Normal,0,1,0
R03092,N1562,N1563,0.269,Residential,1,30,Open,Low,Normal,0,1,0
R03093,N1562,N1612,0.326,Service,1,20,Open,Low,Normal,0,1,0
R03094,N1563,N1564,0.22,Tertiary,1,40,Open,Low,Normal,0,1,0
R03095,N1563,N1613,0.402,Emergency_Road,2,60,Open,Low,Normal,0,1,0
R03096,N1564,N1565,0.478,Emergency_Road,2,60,Open,Low,Normal,0,1,0
R03097,N1564,N1614,0.325,Industrial,2,40,Open,Low,Normal,0,1,0
R03098,N1565,N1566,0.5,Motorway,3,80,Open,Low,Normal,0,1,0
R03099,N1565,N1615,0.552,Primary,2,60,Open,Low,Normal,0,1,0
R03100,N1566,N1567,0.242,Motorway,3,80,Open,Low,Normal,0,1,0
R03101,N1566,N1616,0.645,Industrial,2,40,Open,Low,Normal,0,1,0
R03102,N1567,N1568,0.578,Secondary,2,50,Open,Low,Normal,0,1,0
R03103,N1567,N1617,0.488,Primary,2,60,Open,Low,Normal,0,1,0
R03104,N1568,N1569,0.526,Emergency_Road,2,60,Open,Low,Normal,0,1,0
R03105,N1568,N1618,0.551,Emergency_Road,2,60,Open,Low,Normal,0,1,0
R03106,N1569,N1570,0.345,Residential,1,30,Open,Low,Normal,0,1,0
R03107,N1569,N1619,0.601,Industrial,2,40,Open,Low,Normal,0,1,0
R03108,N1570,N1571,0.264,Emergency_Road,2,60,Open,Low,Normal,0,1,0
R03109,N1570,N1620,0.32,Primary,2,60,Open,Low,Normal,0,1,0
R03110,N1571,N1572,0.449,Service,1,20,Open,Low,Normal,0,1,0
R03111,N1571,N1621,0.529,Motorway,3,80,Open,Low,Normal,0,1,0
R03112,N1572,N1573,0.446,Industrial,2,40,Open,Low,Normal,0,1,0
R03113,N1572,N1622,0.182,Secondary,2,50,Open,Low,Normal,0,1,0
R03114,N1573,N1574,0.61,Motorway,3,80,Open,Low,Normal,0,1,0
R03115,N1573,N1623,0.519,Secondary,2,50,Open,Low,Normal,0,1,0
R03116,N1574,N1575,0.251,Service,1,20,Open,Low,Normal,0,1,0
R03117,N1574,N1624,0.626,Primary,2,60,Open,Low,Normal,0,1,0
R03118,N1575,N1576,0.516,Primary,2,60,Open,Low,Normal,0,1,0
R03119,N1575,N1625,0.255,Motorway,3,80,Open,Low,Normal,0,1,0
R03120,N1576,N1577,0.228,Emergency_Road,2,60,Open,Low,Normal,0,1,0
R03121,N1576,N1626,0.266,Service,1,20,Open,Low,Normal,0,1,0
R03122,N1577,N1578,0.428,Tertiary,1,40,Open,Low,Normal,0,1,0
R03123,N1577,N1627,0.488,Residential,1,30,Open,Low,Normal,0,1,0
R03124,N1578,N1579,0.398,Industrial,2,40,Open,Low,Normal,0,1,0
R03125,N1578,N1628,0.59,Emergency_Road,2,60,Open,Low,Normal,0,1,0
R03126,N1579,N1580,0.575,Tertiary,1,40,Open,Low,Normal,0,1,0
R03127,N1579,N1629,0.365,Motorway,3,80,Open,Low,Normal,0,1,0
R03128,N1580,N1581,0.534,Emergency_Road,2,60,Open,Low,Normal,0,1,0
R03129,N1580,N1630,0.421,Secondary,2,50,Open,Low,Normal,0,1,0
R03130,N1581,N1582,0.631,Emergency_Road,2,60,Open,Low,Normal,0,1,0
R03131,N1581,N1631,0.579,Tertiary,1,40,Open,Low,Normal,0,1,0
R03132,N1582,N1583,0.185,Secondary,2,50,Open,Low,Normal,0,1,0
R03133,N1582,N1632,0.607,Emergency_Road,2,60,Open,Low,Normal,0,1,0
R03134,N1583,N1584,0.553,Service,1,20,Open,Low,Normal,0,1,0
R03135,N1583,N1633,0.327,Industrial,2,40,Open,Low,Normal,0,1,0
R03136,N1584,N1585,0.254,Motorway,3,80,Open,Low,Normal,0,1,0
R03137,N1584,N1634,0.28,Service,1,20,Open,Low,Normal,0,1,0
R03138,N1585,N1586,0.226,Primary,2,60,Open,Low,Normal,0,1,0
R03139,N1585,N1635,0.189,Motorway,3,80,Open,Low,Normal,0,1,0
R03140,N1586,N1587,0.294,Tertiary,1,40,Open,Low,Normal,0,1,0
R03141,N1586,N1636,0.261,Primary,2,60,Open,Low,Normal,0,1,0
R03142,N1587,N1588,0.641,Industrial,2,40,Open,Low,Normal,0,1,0
R03143,N1587,N1637,0.386,Emergency_Road,2,60,Open,Low,Normal,0,1,0
R03144,N1588,N1589,0.545,Motorway,3,80,Open,Low,Normal,0,1,0
R03145,N1588,N1638,0.65,Tertiary,1,40,Open,Low,Normal,0,1,0
R03146,N1589,N1590,0.397,Primary,2,60,Open,Low,Normal,0,1,0
R03147,N1589,N1639,0.287,Service,1,20,Open,Low,Normal,0,1,0
R03148,N1590,N1591,0.552,Primary,2,60,Open,Low,Normal,0,1,0
R03149,N1590,N1640,0.529,Secondary,2,50,Open,Low,Normal,0,1,0
R03150,N1591,N1592,0.643,Emergency_Road,2,60,Open,Low,Normal,0,1,0
R03151,N1591,N1641,0.395,Industrial,2,40,Open,Low,Normal,0,1,0
R03152,N1592,N1593,0.183,Secondary,2,50,Open,Low,Normal,0,1,0
R03153,N1592,N1642,0.359,Service,1,20,Open,Low,Normal,0,1,0
R03154,N1593,N1594,0.567,Tertiary,1,40,Open,Low,Normal,0,1,0
R03155,N1593,N1643,0.611,Tertiary,1,40,Open,Low,Normal,0,1,0
R03156,N1594,N1595,0.587,Primary,2,60,Open,Low,Normal,0,1,0
R03157,N1594,N1644,0.434,Residential,1,30,Open,Low,Normal,0,1,0
R03158,N1595,N1596,0.606,Secondary,2,50,Open,Low,Normal,0,1,0
R03159,N1595,N1645,0.499,Emergency_Road,2,60,Open,Low,Normal,0,1,0
R03160,N1596,N1597,0.558,Tertiary,1,40,Open,Low,Normal,0,1,0
R03161,N1596,N1646,0.232,Residential,1,30,Open,Low,Normal,0,1,0
R03162,N1597,N1598,0.6,Emergency_Road,2,60,Open,Low,Normal,0,1,0
R03163,N1597,N1647,0.261,Motorway,3,80,Open,Low,Normal,0,1,0
R03164,N1598,N1599,0.65,Primary,2,60,Open,Low,Normal,0,1,0
R03165,N1598,N1648,0.478,Service,1,20,Open,Low,Normal,0,1,0
R03166,N1599,N1600,0.41,Tertiary,1,40,Open,Low,Normal,0,1,0
R03167,N1599,N1649,0.276,Secondary,2,50,Open,Low,Normal,0,1,0
R03168,N1600,N1650,0.327,Service,1,20,Open,Low,Normal,0,1,0
R03169,N1601,N1602,0.355,Primary,2,60,Open,Low,Normal,0,1,0
R03170,N1601,N1651,0.356,Secondary,2,50,Open,Low,Normal,0,1,0
R03171,N1602,N1603,0.485,Tertiary,1,40,Open,Low,Normal,0,1,0
R03172,N1602,N1652,0.576,Primary,2,60,Open,Low,Normal,0,1,0
R03173,N1603,N1604,0.187,Secondary,2,50,Open,Low,Normal,0,1,0
R03174,N1603,N1653,0.407,Tertiary,1,40,Open,Low,Normal,0,1,0
R03175,N1604,N1605,0.26,Tertiary,1,40,Open,Low,Normal,0,1,0
R03176,N1604,N1654,0.38,Service,1,20,Open,Low,Normal,0,1,0
R03177,N1605,N1606,0.475,Industrial,2,40,Open,Low,Normal,0,1,0
R03178,N1605,N1655,0.605,Service,1,20,Open,Low,Normal,0,1,0
R03179,N1606,N1607,0.59,Emergency_Road,2,60,Open,Low,Normal,0,1,0
R03180,N1606,N1656,0.615,Industrial,2,40,Open,Low,Normal,0,1,0
R03181,N1607,N1608,0.274,Tertiary,1,40,Open,Low,Normal,0,1,0
R03182,N1607,N1657,0.242,Primary,2,60,Open,Low,Normal,0,1,0
R03183,N1608,N1609,0.193,Service,1,20,Open,Low,Normal,0,1,0
R03184,N1608,N1658,0.414,Industrial,2,40,Open,Low,Normal,0,1,0
R03185,N1609,N1610,0.298,Residential,1,30,Open,Low,Normal,0,1,0
R03186,N1609,N1659,0.622,Tertiary,1,40,Open,Low,Normal,0,1,0
R03187,N1610,N1611,0.422,Motorway,3,80,Open,Low,Normal,0,1,0
R03188,N1610,N1660,0.21,Residential,1,30,Open,Low,Normal,0,1,0
R03189,N1611,N1612,0.31,Industrial,2,40,Open,Low,Normal,0,1,0
R03190,N1611,N1661,0.599,Motorway,3,80,Open,Low,Normal,0,1,0
R03191,N1612,N1613,0.424,Motorway,3,80,Open,Low,Normal,0,1,0
R03192,N1612,N1662,0.347,Motorway,3,80,Open,Low,Normal,0,1,0
R03193,N1613,N1614,0.436,Primary,2,60,Open,Low,Normal,0,1,0
R03194,N1613,N1663,0.216,Motorway,3,80,Open,Low,Normal,0,1,0
R03195,N1614,N1615,0.623,Emergency_Road,2,60,Open,Low,Normal,0,1,0
R03196,N1614,N1664,0.193,Primary,2,60,Open,Low,Normal,0,1,0
R03197,N1615,N1616,0.23,Primary,2,60,Open,Low,Normal,0,1,0
R03198,N1615,N1665,0.202,Residential,1,30,Open,Low,Normal,0,1,0
R03199,N1616,N1617,0.572,Residential,1,30,Open,Low,Normal,0,1,0
R03200,N1616,N1666,0.231,Emergency_Road,2,60,Open,Low,Normal,0,1,0
R03201,N1617,N1618,0.46,Industrial,2,40,Open,Low,Normal,0,1,0
R03202,N1617,N1667,0.605,Motorway,3,80,Open,Low,Normal,0,1,0
R03203,N1618,N1619,0.36,Motorway,3,80,Open,Low,Normal,0,1,0
R03204,N1618,N1668,0.208,Motorway,3,80,Open,Low,Normal,0,1,0
R03205,N1619,N1620,0.395,Secondary,2,50,Open,Low,Normal,0,1,0
R03206,N1619,N1669,0.263,Secondary,2,50,Open,Low,Normal,0,1,0
R03207,N1620,N1621,0.257,Service,1,20,Open,Low,Normal,0,1,0
R03208,N1620,N1670,0.365,Tertiary,1,40,Open,Low,Normal,0,1,0
R03209,N1621,N1622,0.559,Emergency_Road,2,60,Open,Low,Normal,0,1,0
R03210,N1621,N1671,0.603,Residential,1,30,Open,Low,Normal,0,1,0
R03211,N1622,N1623,0.498,Industrial,2,40,Open,Low,Normal,0,1,0
R03212,N1622,N1672,0.253,Service,1,20,Open,Low,Normal,0,1,0
R03213,N1623,N1624,0.637,Industrial,2,40,Open,Low,Normal,0,1,0
R03214,N1623,N1673,0.3,Industrial,2,40,Open,Low,Normal,0,1,0
R03215,N1624,N1625,0.185,Primary,2,60,Open,Low,Normal,0,1,0
R03216,N1624,N1674,0.517,Service,1,20,Open,Low,Normal,0,1,0
R03217,N1625,N1626,0.326,Motorway,3,80,Open,Low,Normal,0,1,0
R03218,N1625,N1675,0.607,Secondary,2,50,Open,Low,Normal,0,1,0
R03219,N1626,N1627,0.292,Emergency_Road,2,60,Open,Low,Normal,0,1,0
R03220,N1626,N1676,0.282,Emergency_Road,2,60,Open,Low,Normal,0,1,0
R03221,N1627,N1628,0.642,Motorway,3,80,Open,Low,Normal,0,1,0
R03222,N1627,N1677,0.547,Tertiary,1,40,Open,Low,Normal,0,1,0
R03223,N1628,N1629,0.353,Industrial,2,40,Open,Low,Normal,0,1,0
R03224,N1628,N1678,0.219,Tertiary,1,40,Open,Low,Normal,0,1,0
R03225,N1629,N1630,0.599,Motorway,3,80,Open,Low,Normal,0,1,0
R03226,N1629,N1679,0.523,Emergency_Road,2,60,Open,Low,Normal,0,1,0
R03227,N1630,N1631,0.355,Motorway,3,80,Open,Low,Normal,0,1,0
R03228,N1630,N1680,0.418,Motorway,3,80,Open,Low,Normal,0,1,0
R03229,N1631,N1632,0.34,Secondary,2,50,Open,Low,Normal,0,1,0
R03230,N1631,N1681,0.395,Primary,2,60,Open,Low,Normal,0,1,0
R03231,N1632,N1633,0.257,Service,1,20,Open,Low,Normal,0,1,0
R03232,N1632,N1682,0.628,Secondary,2,50,Open,Low,Normal,0,1,0
R03233,N1633,N1634,0.458,Motorway,3,80,Open,Low,Normal,0,1,0
R03234,N1633,N1683,0.405,Emergency_Road,2,60,Open,Low,Normal,0,1,0
R03235,N1634,N1635,0.509,Emergency_Road,2,60,Open,Low,Normal,0,1,0
R03236,N1634,N1684,0.467,Residential,1,30,Open,Low,Normal,0,1,0
R03237,N1635,N1636,0.411,Industrial,2,40,Open,Low,Normal,0,1,0
R03238,N1635,N1685,0.197,Industrial,2,40,Open,Low,Normal,0,1,0
R03239,N1636,N1637,0.581,Secondary,2,50,Open,Low,Normal,0,1,0
R03240,N1636,N1686,0.207,Industrial,2,40,Open,Low,Normal,0,1,0
R03241,N1637,N1638,0.414,Secondary,2,50,Open,Low,Normal,0,1,0
R03242,N1637,N1687,0.561,Industrial,2,40,Open,Low,Normal,0,1,0
R03243,N1638,N1639,0.215,Tertiary,1,40,Open,Low,Normal,0,1,0
R03244,N1638,N1688,0.583,Service,1,20,Open,Low,Normal,0,1,0
R03245,N1639,N1640,0.456,Primary,2,60,Open,Low,Normal,0,1,0
R03246,N1639,N1689,0.2,Secondary,2,50,Open,Low,Normal,0,1,0
R03247,N1640,N1641,0.381,Primary,2,60,Open,Low,Normal,0,1,0
R03248,N1640,N1690,0.37,Emergency_Road,2,60,Open,Low,Normal,0,1,0
R03249,N1641,N1642,0.488,Industrial,2,40,Open,Low,Normal,0,1,0
R03250,N1641,N1691,0.185,Tertiary,1,40,Open,Low,Normal,0,1,0
R03251,N1642,N1643,0.244,Tertiary,1,40,Open,Low,Normal,0,1,0
R03252,N1642,N1692,0.49,Service,1,20,Open,Low,Normal,0,1,0
R03253,N1643,N1644,0.632,Industrial,2,40,Open,Low,Normal,0,1,0
R03254,N1643,N1693,0.227,Service,1,20,Open,Low,Normal,0,1,0
R03255,N1644,N1645,0.189,Secondary,2,50,Open,Low,Normal,0,1,0
R03256,N1644,N1694,0.363,Tertiary,1,40,Open,Low,Normal,0,1,0
R03257,N1645,N1646,0.507,Emergency_Road,2,60,Open,Low,Normal,0,1,0
R03258,N1645,N1695,0.437,Tertiary,1,40,Open,Low,Normal,0,1,0
R03259,N1646,N1647,0.514,Primary,2,60,Open,Low,Normal,0,1,0
R03260,N1646,N1696,0.617,Secondary,2,50,Open,Low,Normal,0,1,0
R03261,N1647,N1648,0.514,Tertiary,1,40,Open,Low,Normal,0,1,0
R03262,N1647,N1697,0.387,Industrial,2,40,Open,Low,Normal,0,1,0
R03263,N1648,N1649,0.209,Residential,1,30,Open,Low,Normal,0,1,0
R03264,N1648,N1698,0.503,Motorway,3,80,Open,Low,Normal,0,1,0
R03265,N1649,N1650,0.392,Emergency_Road,2,60,Open,Low,Normal,0,1,0
R03266,N1649,N1699,0.26,Industrial,2,40,Open,Low,Normal,0,1,0
R03267,N1650,N1700,0.332,Secondary,2,50,Open,Low,Normal,0,1,0
R03268,N1651,N1652,0.322,Service,1,20,Open,Low,Normal,0,1,0
R03269,N1651,N1701,0.394,Service,1,20,Open,Low,Normal,0,1,0
R03270,N1652,N1653,0.478,Tertiary,1,40,Open,Low,Normal,0,1,0
R03271,N1652,N1702,0.422,Motorway,3,80,Open,Low,Normal,0,1,0
R03272,N1653,N1654,0.186,Primary,2,60,Open,Low,Normal,0,1,0
R03273,N1653,N1703,0.223,Tertiary,1,40,Open,Low,Normal,0,1,0
R03274,N1654,N1655,0.623,Secondary,2,50,Open,Low,Normal,0,1,0
R03275,N1654,N1704,0.51,Industrial,2,40,Open,Low,Normal,0,1,0
R03276,N1655,N1656,0.507,Primary,2,60,Open,Low,Normal,0,1,0
R03277,N1655,N1705,0.279,Service,1,20,Open,Low,Normal,0,1,0
R03278,N1656,N1657,0.571,Emergency_Road,2,60,Open,Low,Normal,0,1,0
R03279,N1656,N1706,0.31,Industrial,2,40,Open,Low,Normal,0,1,0
R03280,N1657,N1658,0.501,Tertiary,1,40,Open,Low,Normal,0,1,0
R03281,N1657,N1707,0.246,Primary,2,60,Open,Low,Normal,0,1,0
R03282,N1658,N1659,0.36,Residential,1,30,Open,Low,Normal,0,1,0
R03283,N1658,N1708,0.572,Primary,2,60,Open,Low,Normal,0,1,0
R03284,N1659,N1660,0.507,Tertiary,1,40,Open,Low,Normal,0,1,0
R03285,N1659,N1709,0.234,Motorway,3,80,Open,Low,Normal,0,1,0
R03286,N1660,N1661,0.59,Primary,2,60,Open,Low,Normal,0,1,0
R03287,N1660,N1710,0.558,Industrial,2,40,Open,Low,Normal,0,1,0
R03288,N1661,N1662,0.282,Service,1,20,Open,Low,Normal,0,1,0
R03289,N1661,N1711,0.594,Secondary,2,50,Open,Low,Normal,0,1,0
R03290,N1662,N1663,0.367,Emergency_Road,2,60,Open,Low,Normal,0,1,0
R03291,N1662,N1712,0.414,Secondary,2,50,Open,Low,Normal,0,1,0
R03292,N1663,N1664,0.56,Tertiary,1,40,Open,Low,Normal,0,1,0
R03293,N1663,N1713,0.397,Service,1,20,Open,Low,Normal,0,1,0
R03294,N1664,N1665,0.557,Motorway,3,80,Open,Low,Normal,0,1,0
R03295,N1664,N1714,0.321,Primary,2,60,Open,Low,Normal,0,1,0
R03296,N1665,N1666,0.288,Industrial,2,40,Open,Low,Normal,0,1,0
R03297,N1665,N1715,0.201,Motorway,3,80,Open,Low,Normal,0,1,0
R03298,N1666,N1667,0.596,Tertiary,1,40,Open,Low,Normal,0,1,0
R03299,N1666,N1716,0.518,Secondary,2,50,Open,Low,Normal,0,1,0
R03300,N1667,N1668,0.376,Residential,1,30,Open,Low,Normal,0,1,0
R03301,N1667,N1717,0.357,Primary,2,60,Open,Low,Normal,0,1,0
R03302,N1668,N1669,0.567,Service,1,20,Open,Low,Normal,0,1,0
R03303,N1668,N1718,0.388,Industrial,2,40,Open,Low,Normal,0,1,0
R03304,N1669,N1670,0.592,Industrial,2,40,Open,Low,Normal,0,1,0
R03305,N1669,N1719,0.471,Service,1,20,Open,Low,Normal,0,1,0
R03306,N1670,N1671,0.243,Tertiary,1,40,Open,Low,Normal,0,1,0
R03307,N1670,N1720,0.584,Secondary,2,50,Open,Low,Normal,0,1,0
R03308,N1671,N1672,0.586,Secondary,2,50,Open,Low,Normal,0,1,0
R03309,N1671,N1721,0.538,Residential,1,30,Open,Low,Normal,0,1,0
R03310,N1672,N1673,0.545,Industrial,2,40,Open,Low,Normal,0,1,0
R03311,N1672,N1722,0.329,Motorway,3,80,Open,Low,Normal,0,1,0
R03312,N1673,N1674,0.24,Industrial,2,40,Open,Low,Normal,0,1,0
R03313,N1673,N1723,0.217,Tertiary,1,40,Open,Low,Normal,0,1,0
R03314,N1674,N1675,0.223,Motorway,3,80,Open,Low,Normal,0,1,0
R03315,N1674,N1724,0.403,Motorway,3,80,Open,Low,Normal,0,1,0
R03316,N1675,N1676,0.264,Industrial,2,40,Open,Low,Normal,0,1,0
R03317,N1675,N1725,0.239,Emergency_Road,2,60,Open,Low,Normal,0,1,0
R03318,N1676,N1677,0.54,Secondary,2,50,Open,Low,Normal,0,1,0
R03319,N1676,N1726,0.493,Secondary,2,50,Open,Low,Normal,0,1,0
R03320,N1677,N1678,0.292,Industrial,2,40,Open,Low,Normal,0,1,0
R03321,N1677,N1727,0.244,Motorway,3,80,Open,Low,Normal,0,1,0
R03322,N1678,N1679,0.608,Residential,1,30,Open,Low,Normal,0,1,0
R03323,N1678,N1728,0.374,Motorway,3,80,Open,Low,Normal,0,1,0
R03324,N1679,N1680,0.518,Secondary,2,50,Open,Low,Normal,0,1,0
R03325,N1679,N1729,0.373,Industrial,2,40,Open,Low,Normal,0,1,0
R03326,N1680,N1681,0.484,Emergency_Road,2,60,Open,Low,Normal,0,1,0
R03327,N1680,N1730,0.241,Residential,1,30,Open,Low,Normal,0,1,0
R03328,N1681,N1682,0.629,Residential,1,30,Open,Low,Normal,0,1,0
R03329,N1681,N1731,0.287,Secondary,2,50,Open,Low,Normal,0,1,0
R03330,N1682,N1683,0.636,Industrial,2,40,Open,Low,Normal,0,1,0
R03331,N1682,N1732,0.376,Secondary,2,50,Open,Low,Normal,0,1,0
R03332,N1683,N1684,0.586,Primary,2,60,Open,Low,Normal,0,1,0
R03333,N1683,N1733,0.29,Motorway,3,80,Open,Low,Normal,0,1,0
R03334,N1684,N1685,0.382,Residential,1,30,Open,Low,Normal,0,1,0
R03335,N1684,N1734,0.317,Emergency_Road,2,60,Open,Low,Normal,0,1,0
R03336,N1685,N1686,0.427,Motorway,3,80,Open,Low,Normal,0,1,0
R03337,N1685,N1735,0.535,Residential,1,30,Open,Low,Normal,0,1,0
R03338,N1686,N1687,0.569,Residential,1,30,Open,Low,Normal,0,1,0
R03339,N1686,N1736,0.214,Tertiary,1,40,Open,Low,Normal,0,1,0
R03340,N1687,N1688,0.251,Primary,2,60,Open,Low,Normal,0,1,0
R03341,N1687,N1737,0.522,Primary,2,60,Open,Low,Normal,0,1,0
R03342,N1688,N1689,0.383,Residential,1,30,Open,Low,Normal,0,1,0
R03343,N1688,N1738,0.364,Tertiary,1,40,Open,Low,Normal,0,1,0
R03344,N1689,N1690,0.268,Emergency_Road,2,60,Open,Low,Normal,0,1,0
R03345,N1689,N1739,0.625,Motorway,3,80,Open,Low,Normal,0,1,0
R03346,N1690,N1691,0.199,Residential,1,30,Open,Low,Normal,0,1,0
R03347,N1690,N1740,0.38,Residential,1,30,Open,Low,Normal,0,1,0
R03348,N1691,N1692,0.584,Service,1,20,Open,Low,Normal,0,1,0
R03349,N1691,N1741,0.205,Service,1,20,Open,Low,Normal,0,1,0
R03350,N1692,N1693,0.363,Residential,1,30,Open,Low,Normal,0,1,0
R03351,N1692,N1742,0.313,Tertiary,1,40,Open,Low,Normal,0,1,0
R03352,N1693,N1694,0.646,Industrial,2,40,Open,Low,Normal,0,1,0
R03353,N1693,N1743,0.594,Tertiary,1,40,Open,Low,Normal,0,1,0
R03354,N1694,N1695,0.234,Tertiary,1,40,Open,Low,Normal,0,1,0
R03355,N1694,N1744,0.273,Emergency_Road,2,60,Open,Low,Normal,0,1,0
R03356,N1695,N1696,0.55,Motorway,3,80,Open,Low,Normal,0,1,0
R03357,N1695,N1745,0.33,Industrial,2,40,Open,Low,Normal,0,1,0
R03358,N1696,N1697,0.602,Residential,1,30,Open,Low,Normal,0,1,0
R03359,N1696,N1746,0.227,Residential,1,30,Open,Low,Normal,0,1,0
R03360,N1697,N1698,0.49,Secondary,2,50,Open,Low,Normal,0,1,0
R03361,N1697,N1747,0.389,Secondary,2,50,Open,Low,Normal,0,1,0
R03362,N1698,N1699,0.536,Motorway,3,80,Open,Low,Normal,0,1,0
R03363,N1698,N1748,0.277,Residential,1,30,Open,Low,Normal,0,1,0
R03364,N1699,N1700,0.499,Motorway,3,80,Open,Low,Normal,0,1,0
R03365,N1699,N1749,0.47,Motorway,3,80,Open,Low,Normal,0,1,0
R03366,N1700,N1750,0.279,Industrial,2,40,Open,Low,Normal,0,1,0
R03367,N1701,N1702,0.497,Motorway,3,80,Open,Low,Normal,0,1,0
R03368,N1701,N1751,0.614,Residential,1,30,Open,Low,Normal,0,1,0
R03369,N1702,N1703,0.528,Tertiary,1,40,Open,Low,Normal,0,1,0
R03370,N1702,N1752,0.451,Primary,2,60,Open,Low,Normal,0,1,0
R03371,N1703,N1704,0.343,Motorway,3,80,Open,Low,Normal,0,1,0
R03372,N1703,N1753,0.481,Industrial,2,40,Open,Low,Normal,0,1,0
R03373,N1704,N1705,0.552,Tertiary,1,40,Open,Low,Normal,0,1,0
R03374,N1704,N1754,0.633,Service,1,20,Open,Low,Normal,0,1,0
R03375,N1705,N1706,0.525,Primary,2,60,Open,Low,Normal,0,1,0
R03376,N1705,N1755,0.504,Primary,2,60,Open,Low,Normal,0,1,0
R03377,N1706,N1707,0.314,Industrial,2,40,Open,Low,Normal,0,1,0
R03378,N1706,N1756,0.474,Motorway,3,80,Open,Low,Normal,0,1,0
R03379,N1707,N1708,0.64,Residential,1,30,Open,Low,Normal,0,1,0
R03380,N1707,N1757,0.402,Motorway,3,80,Open,Low,Normal,0,1,0
R03381,N1708,N1709,0.312,Primary,2,60,Open,Low,Normal,0,1,0
R03382,N1708,N1758,0.407,Service,1,20,Open,Low,Normal,0,1,0
R03383,N1709,N1710,0.501,Service,1,20,Open,Low,Normal,0,1,0
R03384,N1709,N1759,0.503,Motorway,3,80,Open,Low,Normal,0,1,0
R03385,N1710,N1711,0.352,Motorway,3,80,Open,Low,Normal,0,1,0
R03386,N1710,N1760,0.631,Residential,1,30,Open,Low,Normal,0,1,0
R03387,N1711,N1712,0.524,Industrial,2,40,Open,Low,Normal,0,1,0
R03388,N1711,N1761,0.406,Emergency_Road,2,60,Open,Low,Normal,0,1,0
R03389,N1712,N1713,0.366,Service,1,20,Open,Low,Normal,0,1,0
R03390,N1712,N1762,0.534,Industrial,2,40,Open,Low,Normal,0,1,0
R03391,N1713,N1714,0.629,Emergency_Road,2,60,Open,Low,Normal,0,1,0
R03392,N1713,N1763,0.558,Service,1,20,Open,Low,Normal,0,1,0
R03393,N1714,N1715,0.382,Residential,1,30,Open,Low,Normal,0,1,0
R03394,N1714,N1764,0.336,Service,1,20,Open,Low,Normal,0,1,0
R03395,N1715,N1716,0.234,Service,1,20,Open,Low,Normal,0,1,0
R03396,N1715,N1765,0.552,Industrial,2,40,Open,Low,Normal,0,1,0
R03397,N1716,N1717,0.564,Primary,2,60,Open,Low,Normal,0,1,0
R03398,N1716,N1766,0.213,Primary,2,60,Open,Low,Normal,0,1,0
R03399,N1717,N1718,0.59,Service,1,20,Open,Low,Normal,0,1,0
R03400,N1717,N1767,0.622,Motorway,3,80,Open,Low,Normal,0,1,0
R03401,N1718,N1719,0.283,Tertiary,1,40,Open,Low,Normal,0,1,0
R03402,N1718,N1768,0.219,Motorway,3,80,Open,Low,Normal,0,1,0
R03403,N1719,N1720,0.192,Secondary,2,50,Open,Low,Normal,0,1,0
R03404,N1719,N1769,0.416,Motorway,3,80,Open,Low,Normal,0,1,0
R03405,N1720,N1721,0.514,Secondary,2,50,Open,Low,Normal,0,1,0
R03406,N1720,N1770,0.37,Secondary,2,50,Open,Low,Normal,0,1,0
R03407,N1721,N1722,0.468,Primary,2,60,Open,Low,Normal,0,1,0
R03408,N1721,N1771,0.422,Tertiary,1,40,Open,Low,Normal,0,1,0
R03409,N1722,N1723,0.278,Emergency_Road,2,60,Open,Low,Normal,0,1,0
R03410,N1722,N1772,0.332,Motorway,3,80,Open,Low,Normal,0,1,0
R03411,N1723,N1724,0.325,Emergency_Road,2,60,Open,Low,Normal,0,1,0
R03412,N1723,N1773,0.554,Service,1,20,Open,Low,Normal,0,1,0
R03413,N1724,N1725,0.34,Emergency_Road,2,60,Open,Low,Normal,0,1,0
R03414,N1724,N1774,0.332,Residential,1,30,Open,Low,Normal,0,1,0
R03415,N1725,N1726,0.356,Primary,2,60,Open,Low,Normal,0,1,0
R03416,N1725,N1775,0.48,Primary,2,60,Open,Low,Normal,0,1,0
R03417,N1726,N1727,0.498,Industrial,2,40,Open,Low,Normal,0,1,0
R03418,N1726,N1776,0.4,Motorway,3,80,Open,Low,Normal,0,1,0
R03419,N1727,N1728,0.374,Tertiary,1,40,Open,Low,Normal,0,1,0
R03420,N1727,N1777,0.581,Tertiary,1,40,Open,Low,Normal,0,1,0
R03421,N1728,N1729,0.644,Tertiary,1,40,Open,Low,Normal,0,1,0
R03422,N1728,N1778,0.451,Motorway,3,80,Open,Low,Normal,0,1,0
R03423,N1729,N1730,0.225,Tertiary,1,40,Open,Low,Normal,0,1,0
R03424,N1729,N1779,0.291,Industrial,2,40,Open,Low,Normal,0,1,0
R03425,N1730,N1731,0.323,Tertiary,1,40,Open,Low,Normal,0,1,0
R03426,N1730,N1780,0.225,Residential,1,30,Open,Low,Normal,0,1,0
R03427,N1731,N1732,0.598,Residential,1,30,Open,Low,Normal,0,1,0
R03428,N1731,N1781,0.515,Residential,1,30,Open,Low,Normal,0,1,0
R03429,N1732,N1733,0.631,Secondary,2,50,Open,Low,Normal,0,1,0
R03430,N1732,N1782,0.487,Service,1,20,Open,Low,Normal,0,1,0
R03431,N1733,N1734,0.261,Tertiary,1,40,Open,Low,Normal,0,1,0
R03432,N1733,N1783,0.261,Primary,2,60,Open,Low,Normal,0,1,0
R03433,N1734,N1735,0.392,Tertiary,1,40,Open,Low,Normal,0,1,0
R03434,N1734,N1784,0.595,Primary,2,60,Open,Low,Normal,0,1,0
R03435,N1735,N1736,0.337,Secondary,2,50,Open,Low,Normal,0,1,0
R03436,N1735,N1785,0.38,Motorway,3,80,Open,Low,Normal,0,1,0
R03437,N1736,N1737,0.645,Secondary,2,50,Open,Low,Normal,0,1,0
R03438,N1736,N1786,0.439,Motorway,3,80,Open,Low,Normal,0,1,0
R03439,N1737,N1738,0.551,Primary,2,60,Open,Low,Normal,0,1,0
R03440,N1737,N1787,0.645,Residential,1,30,Open,Low,Normal,0,1,0
R03441,N1738,N1739,0.386,Industrial,2,40,Open,Low,Normal,0,1,0
R03442,N1738,N1788,0.587,Motorway,3,80,Open,Low,Normal,0,1,0
R03443,N1739,N1740,0.54,Motorway,3,80,Open,Low,Normal,0,1,0
R03444,N1739,N1789,0.337,Service,1,20,Open,Low,Normal,0,1,0
R03445,N1740,N1741,0.4,Secondary,2,50,Open,Low,Normal,0,1,0
R03446,N1740,N1790,0.221,Motorway,3,80,Open,Low,Normal,0,1,0
R03447,N1741,N1742,0.639,Emergency_Road,2,60,Open,Low,Normal,0,1,0
R03448,N1741,N1791,0.212,Industrial,2,40,Open,Low,Normal,0,1,0
R03449,N1742,N1743,0.588,Secondary,2,50,Open,Low,Normal,0,1,0
R03450,N1742,N1792,0.46,Secondary,2,50,Open,Low,Normal,0,1,0
R03451,N1743,N1744,0.458,Service,1,20,Open,Low,Normal,0,1,0
R03452,N1743,N1793,0.602,Tertiary,1,40,Open,Low,Normal,0,1,0
R03453,N1744,N1745,0.205,Service,1,20,Open,Low,Normal,0,1,0
R03454,N1744,N1794,0.541,Secondary,2,50,Open,Low,Normal,0,1,0
R03455,N1745,N1746,0.244,Tertiary,1,40,Open,Low,Normal,0,1,0
R03456,N1745,N1795,0.469,Motorway,3,80,Open,Low,Normal,0,1,0
R03457,N1746,N1747,0.268,Service,1,20,Open,Low,Normal,0,1,0
R03458,N1746,N1796,0.588,Primary,2,60,Open,Low,Normal,0,1,0
R03459,N1747,N1748,0.472,Residential,1,30,Open,Low,Normal,0,1,0
R03460,N1747,N1797,0.225,Tertiary,1,40,Open,Low,Normal,0,1,0
R03461,N1748,N1749,0.3,Service,1,20,Open,Low,Normal,0,1,0
R03462,N1748,N1798,0.342,Motorway,3,80,Open,Low,Normal,0,1,0
R03463,N1749,N1750,0.617,Primary,2,60,Open,Low,Normal,0,1,0
R03464,N1749,N1799,0.486,Residential,1,30,Open,Low,Normal,0,1,0
R03465,N1750,N1800,0.255,Residential,1,30,Open,Low,Normal,0,1,0
R03466,N1751,N1752,0.513,Service,1,20,Open,Low,Normal,0,1,0
R03467,N1751,N1801,0.227,Motorway,3,80,Open,Low,Normal,0,1,0
R03468,N1752,N1753,0.314,Secondary,2,50,Open,Low,Normal,0,1,0
R03469,N1752,N1802,0.592,Primary,2,60,Open,Low,Normal,0,1,0
R03470,N1753,N1754,0.64,Service,1,20,Open,Low,Normal,0,1,0
R03471,N1753,N1803,0.222,Tertiary,1,40,Open,Low,Normal,0,1,0
R03472,N1754,N1755,0.43,Tertiary,1,40,Open,Low,Normal,0,1,0
R03473,N1754,N1804,0.301,Secondary,2,50,Open,Low,Normal,0,1,0
R03474,N1755,N1756,0.228,Residential,1,30,Open,Low,Normal,0,1,0
R03475,N1755,N1805,0.227,Primary,2,60,Open,Low,Normal,0,1,0
R03476,N1756,N1757,0.64,Emergency_Road,2,60,Open,Low,Normal,0,1,0
R03477,N1756,N1806,0.638,Primary,2,60,Open,Low,Normal,0,1,0
R03478,N1757,N1758,0.186,Emergency_Road,2,60,Open,Low,Normal,0,1,0
R03479,N1757,N1807,0.607,Residential,1,30,Open,Low,Normal,0,1,0
R03480,N1758,N1759,0.405,Tertiary,1,40,Open,Low,Normal,0,1,0
R03481,N1758,N1808,0.547,Secondary,2,50,Open,Low,Normal,0,1,0
R03482,N1759,N1760,0.483,Residential,1,30,Open,Low,Normal,0,1,0
R03483,N1759,N1809,0.331,Motorway,3,80,Open,Low,Normal,0,1,0
R03484,N1760,N1761,0.524,Service,1,20,Open,Low,Normal,0,1,0
R03485,N1760,N1810,0.291,Secondary,2,50,Open,Low,Normal,0,1,0
R03486,N1761,N1762,0.627,Industrial,2,40,Open,Low,Normal,0,1,0
R03487,N1761,N1811,0.209,Tertiary,1,40,Open,Low,Normal,0,1,0
R03488,N1762,N1763,0.579,Secondary,2,50,Open,Low,Normal,0,1,0
R03489,N1762,N1812,0.49,Tertiary,1,40,Open,Low,Normal,0,1,0
R03490,N1763,N1764,0.503,Primary,2,60,Open,Low,Normal,0,1,0
R03491,N1763,N1813,0.561,Residential,1,30,Open,Low,Normal,0,1,0
R03492,N1764,N1765,0.442,Service,1,20,Open,Low,Normal,0,1,0
R03493,N1764,N1814,0.252,Secondary,2,50,Open,Low,Normal,0,1,0
R03494,N1765,N1766,0.349,Service,1,20,Open,Low,Normal,0,1,0
R03495,N1765,N1815,0.417,Motorway,3,80,Open,Low,Normal,0,1,0
R03496,N1766,N1767,0.531,Service,1,20,Open,Low,Normal,0,1,0
R03497,N1766,N1816,0.449,Service,1,20,Open,Low,Normal,0,1,0
R03498,N1767,N1768,0.496,Service,1,20,Open,Low,Normal,0,1,0
R03499,N1767,N1817,0.438,Tertiary,1,40,Open,Low,Normal,0,1,0
R03500,N1768,N1769,0.412,Emergency_Road,2,60,Open,Low,Normal,0,1,0
R03501,N1768,N1818,0.465,Service,1,20,Open,Low,Normal,0,1,0
R03502,N1769,N1770,0.346,Service,1,20,Open,Low,Normal,0,1,0
R03503,N1769,N1819,0.187,Secondary,2,50,Open,Low,Normal,0,1,0
R03504,N1770,N1771,0.517,Motorway,3,80,Open,Low,Normal,0,1,0
R03505,N1770,N1820,0.23,Primary,2,60,Open,Low,Normal,0,1,0
R03506,N1771,N1772,0.553,Motorway,3,80,Open,Low,Normal,0,1,0
R03507,N1771,N1821,0.231,Service,1,20,Open,Low,Normal,0,1,0
R03508,N1772,N1773,0.5,Industrial,2,40,Open,Low,Normal,0,1,0
R03509,N1772,N1822,0.194,Primary,2,60,Open,Low,Normal,0,1,0
R03510,N1773,N1774,0.277,Residential,1,30,Open,Low,Normal,0,1,0
R03511,N1773,N1823,0.23,Primary,2,60,Open,Low,Normal,0,1,0
R03512,N1774,N1775,0.442,Primary,2,60,Open,Low,Normal,0,1,0
R03513,N1774,N1824,0.644,Tertiary,1,40,Open,Low,Normal,0,1,0
R03514,N1775,N1776,0.278,Emergency_Road,2,60,Open,Low,Normal,0,1,0
R03515,N1775,N1825,0.648,Primary,2,60,Open,Low,Normal,0,1,0
R03516,N1776,N1777,0.571,Residential,1,30,Open,Low,Normal,0,1,0
R03517,N1776,N1826,0.422,Industrial,2,40,Open,Low,Normal,0,1,0
R03518,N1777,N1778,0.437,Secondary,2,50,Open,Low,Normal,0,1,0
R03519,N1777,N1827,0.572,Emergency_Road,2,60,Open,Low,Normal,0,1,0
R03520,N1778,N1779,0.214,Residential,1,30,Open,Low,Normal,0,1,0
R03521,N1778,N1828,0.604,Tertiary,1,40,Open,Low,Normal,0,1,0
R03522,N1779,N1780,0.271,Motorway,3,80,Open,Low,Normal,0,1,0
R03523,N1779,N1829,0.205,Residential,1,30,Open,Low,Normal,0,1,0
R03524,N1780,N1781,0.324,Service,1,20,Open,Low,Normal,0,1,0
R03525,N1780,N1830,0.612,Secondary,2,50,Open,Low,Normal,0,1,0
R03526,N1781,N1782,0.573,Industrial,2,40,Open,Low,Normal,0,1,0
R03527,N1781,N1831,0.56,Tertiary,1,40,Open,Low,Normal,0,1,0
R03528,N1782,N1783,0.636,Tertiary,1,40,Open,Low,Normal,0,1,0
R03529,N1782,N1832,0.315,Industrial,2,40,Open,Low,Normal,0,1,0
R03530,N1783,N1784,0.462,Industrial,2,40,Open,Low,Normal,0,1,0
R03531,N1783,N1833,0.452,Service,1,20,Open,Low,Normal,0,1,0
R03532,N1784,N1785,0.25,Motorway,3,80,Open,Low,Normal,0,1,0
R03533,N1784,N1834,0.291,Service,1,20,Open,Low,Normal,0,1,0
R03534,N1785,N1786,0.557,Motorway,3,80,Open,Low,Normal,0,1,0
R03535,N1785,N1835,0.203,Residential,1,30,Open,Low,Normal,0,1,0
R03536,N1786,N1787,0.453,Secondary,2,50,Open,Low,Normal,0,1,0
R03537,N1786,N1836,0.405,Motorway,3,80,Open,Low,Normal,0,1,0
R03538,N1787,N1788,0.273,Residential,1,30,Open,Low,Normal,0,1,0
R03539,N1787,N1837,0.188,Secondary,2,50,Open,Low,Normal,0,1,0
R03540,N1788,N1789,0.452,Service,1,20,Open,Low,Normal,0,1,0
R03541,N1788,N1838,0.461,Secondary,2,50,Open,Low,Normal,0,1,0
R03542,N1789,N1790,0.444,Residential,1,30,Open,Low,Normal,0,1,0
R03543,N1789,N1839,0.349,Emergency_Road,2,60,Open,Low,Normal,0,1,0
R03544,N1790,N1791,0.285,Primary,2,60,Open,Low,Normal,0,1,0
R03545,N1790,N1840,0.61,Tertiary,1,40,Open,Low,Normal,0,1,0
R03546,N1791,N1792,0.512,Emergency_Road,2,60,Open,Low,Normal,0,1,0
R03547,N1791,N1841,0.206,Tertiary,1,40,Open,Low,Normal,0,1,0
R03548,N1792,N1793,0.475,Industrial,2,40,Open,Low,Normal,0,1,0
R03549,N1792,N1842,0.308,Tertiary,1,40,Open,Low,Normal,0,1,0
R03550,N1793,N1794,0.479,Primary,2,60,Open,Low,Normal,0,1,0
R03551,N1793,N1843,0.185,Motorway,3,80,Open,Low,Normal,0,1,0
R03552,N1794,N1795,0.221,Residential,1,30,Open,Low,Normal,0,1,0
R03553,N1794,N1844,0.596,Residential,1,30,Open,Low,Normal,0,1,0
R03554,N1795,N1796,0.402,Secondary,2,50,Open,Low,Normal,0,1,0
R03555,N1795,N1845,0.238,Industrial,2,40,Open,Low,Normal,0,1,0
R03556,N1796,N1797,0.514,Primary,2,60,Open,Low,Normal,0,1,0
R03557,N1796,N1846,0.61,Emergency_Road,2,60,Open,Low,Normal,0,1,0
R03558,N1797,N1798,0.361,Motorway,3,80,Open,Low,Normal,0,1,0
R03559,N1797,N1847,0.215,Industrial,2,40,Open,Low,Normal,0,1,0
R03560,N1798,N1799,0.294,Residential,1,30,Open,Low,Normal,0,1,0
R03561,N1798,N1848,0.248,Service,1,20,Open,Low,Normal,0,1,0
R03562,N1799,N1800,0.632,Emergency_Road,2,60,Open,Low,Normal,0,1,0
R03563,N1799,N1849,0.334,Residential,1,30,Open,Low,Normal,0,1,0
R03564,N1800,N1850,0.626,Emergency_Road,2,60,Open,Low,Normal,0,1,0
R03565,N1801,N1802,0.282,Service,1,20,Open,Low,Normal,0,1,0
R03566,N1801,N1851,0.23,Tertiary,1,40,Open,Low,Normal,0,1,0
R03567,N1802,N1803,0.608,Motorway,3,80,Open,Low,Normal,0,1,0
R03568,N1802,N1852,0.184,Tertiary,1,40,Open,Low,Normal,0,1,0
R03569,N1803,N1804,0.313,Emergency_Road,2,60,Open,Low,Normal,0,1,0
R03570,N1803,N1853,0.24,Primary,2,60,Open,Low,Normal,0,1,0
R03571,N1804,N1805,0.558,Service,1,20,Open,Low,Normal,0,1,0
R03572,N1804,N1854,0.595,Service,1,20,Open,Low,Normal,0,1,0
R03573,N1805,N1806,0.52,Tertiary,1,40,Open,Low,Normal,0,1,0
R03574,N1805,N1855,0.533,Service,1,20,Open,Low,Normal,0,1,0
R03575,N1806,N1807,0.238,Industrial,2,40,Open,Low,Normal,0,1,0
R03576,N1806,N1856,0.217,Service,1,20,Open,Low,Normal,0,1,0
R03577,N1807,N1808,0.507,Motorway,3,80,Open,Low,Normal,0,1,0
R03578,N1807,N1857,0.251,Residential,1,30,Open,Low,Normal,0,1,0
R03579,N1808,N1809,0.231,Motorway,3,80,Open,Low,Normal,0,1,0
R03580,N1808,N1858,0.435,Primary,2,60,Open,Low,Normal,0,1,0
R03581,N1809,N1810,0.306,Secondary,2,50,Open,Low,Normal,0,1,0
R03582,N1809,N1859,0.346,Motorway,3,80,Open,Low,Normal,0,1,0
R03583,N1810,N1811,0.383,Motorway,3,80,Open,Low,Normal,0,1,0
R03584,N1810,N1860,0.484,Secondary,2,50,Open,Low,Normal,0,1,0
R03585,N1811,N1812,0.395,Tertiary,1,40,Open,Low,Normal,0,1,0
R03586,N1811,N1861,0.312,Secondary,2,50,Open,Low,Normal,0,1,0
R03587,N1812,N1813,0.239,Secondary,2,50,Open,Low,Normal,0,1,0
R03588,N1812,N1862,0.472,Tertiary,1,40,Open,Low,Normal,0,1,0
R03589,N1813,N1814,0.252,Residential,1,30,Open,Low,Normal,0,1,0
R03590,N1813,N1863,0.314,Emergency_Road,2,60,Open,Low,Normal,0,1,0
R03591,N1814,N1815,0.576,Industrial,2,40,Open,Low,Normal,0,1,0
R03592,N1814,N1864,0.478,Tertiary,1,40,Open,Low,Normal,0,1,0
R03593,N1815,N1816,0.419,Primary,2,60,Open,Low,Normal,0,1,0
R03594,N1815,N1865,0.402,Secondary,2,50,Open,Low,Normal,0,1,0
R03595,N1816,N1817,0.422,Primary,2,60,Open,Low,Normal,0,1,0
R03596,N1816,N1866,0.625,Emergency_Road,2,60,Open,Low,Normal,0,1,0
R03597,N1817,N1818,0.544,Residential,1,30,Open,Low,Normal,0,1,0
R03598,N1817,N1867,0.608,Tertiary,1,40,Open,Low,Normal,0,1,0
R03599,N1818,N1819,0.447,Service,1,20,Open,Low,Normal,0,1,0
R03600,N1818,N1868,0.272,Service,1,20,Open,Low,Normal,0,1,0
R03601,N1819,N1820,0.373,Industrial,2,40,Open,Low,Normal,0,1,0
R03602,N1819,N1869,0.194,Tertiary,1,40,Open,Low,Normal,0,1,0
R03603,N1820,N1821,0.188,Industrial,2,40,Open,Low,Normal,0,1,0
R03604,N1820,N1870,0.388,Motorway,3,80,Open,Low,Normal,0,1,0
R03605,N1821,N1822,0.364,Tertiary,1,40,Open,Low,Normal,0,1,0
R03606,N1821,N1871,0.591,Primary,2,60,Open,Low,Normal,0,1,0
R03607,N1822,N1823,0.484,Tertiary,1,40,Open,Low,Normal,0,1,0
R03608,N1822,N1872,0.382,Industrial,2,40,Open,Low,Normal,0,1,0
R03609,N1823,N1824,0.248,Tertiary,1,40,Open,Low,Normal,0,1,0
R03610,N1823,N1873,0.319,Service,1,20,Open,Low,Normal,0,1,0
R03611,N1824,N1825,0.289,Emergency_Road,2,60,Open,Low,Normal,0,1,0
R03612,N1824,N1874,0.318,Motorway,3,80,Open,Low,Normal,0,1,0
R03613,N1825,N1826,0.373,Tertiary,1,40,Open,Low,Normal,0,1,0
R03614,N1825,N1875,0.277,Service,1,20,Open,Low,Normal,0,1,0
R03615,N1826,N1827,0.323,Service,1,20,Open,Low,Normal,0,1,0
R03616,N1826,N1876,0.641,Emergency_Road,2,60,Open,Low,Normal,0,1,0
R03617,N1827,N1828,0.366,Tertiary,1,40,Open,Low,Normal,0,1,0
R03618,N1827,N1877,0.532,Primary,2,60,Open,Low,Normal,0,1,0
R03619,N1828,N1829,0.352,Secondary,2,50,Open,Low,Normal,0,1,0
R03620,N1828,N1878,0.204,Emergency_Road,2,60,Open,Low,Normal,0,1,0
R03621,N1829,N1830,0.643,Service,1,20,Open,Low,Normal,0,1,0
R03622,N1829,N1879,0.32,Emergency_Road,2,60,Open,Low,Normal,0,1,0
R03623,N1830,N1831,0.606,Tertiary,1,40,Open,Low,Normal,0,1,0
R03624,N1830,N1880,0.198,Industrial,2,40,Open,Low,Normal,0,1,0
R03625,N1831,N1832,0.483,Tertiary,1,40,Open,Low,Normal,0,1,0
R03626,N1831,N1881,0.549,Secondary,2,50,Open,Low,Normal,0,1,0
R03627,N1832,N1833,0.468,Industrial,2,40,Open,Low,Normal,0,1,0
R03628,N1832,N1882,0.215,Primary,2,60,Open,Low,Normal,0,1,0
R03629,N1833,N1834,0.367,Secondary,2,50,Open,Low,Normal,0,1,0
R03630,N1833,N1883,0.199,Emergency_Road,2,60,Open,Low,Normal,0,1,0
R03631,N1834,N1835,0.578,Residential,1,30,Open,Low,Normal,0,1,0
R03632,N1834,N1884,0.584,Service,1,20,Open,Low,Normal,0,1,0
R03633,N1835,N1836,0.424,Motorway,3,80,Open,Low,Normal,0,1,0
R03634,N1835,N1885,0.407,Tertiary,1,40,Open,Low,Normal,0,1,0
R03635,N1836,N1837,0.386,Service,1,20,Open,Low,Normal,0,1,0
R03636,N1836,N1886,0.497,Service,1,20,Open,Low,Normal,0,1,0
R03637,N1837,N1838,0.618,Tertiary,1,40,Open,Low,Normal,0,1,0
R03638,N1837,N1887,0.632,Tertiary,1,40,Open,Low,Normal,0,1,0
R03639,N1838,N1839,0.619,Service,1,20,Open,Low,Normal,0,1,0
R03640,N1838,N1888,0.577,Primary,2,60,Open,Low,Normal,0,1,0
R03641,N1839,N1840,0.432,Tertiary,1,40,Open,Low,Normal,0,1,0
R03642,N1839,N1889,0.212,Primary,2,60,Open,Low,Normal,0,1,0
R03643,N1840,N1841,0.254,Secondary,2,50,Open,Low,Normal,0,1,0
R03644,N1840,N1890,0.479,Residential,1,30,Open,Low,Normal,0,1,0
R03645,N1841,N1842,0.216,Primary,2,60,Open,Low,Normal,0,1,0
R03646,N1841,N1891,0.412,Motorway,3,80,Open,Low,Normal,0,1,0
R03647,N1842,N1843,0.365,Secondary,2,50,Open,Low,Normal,0,1,0
R03648,N1842,N1892,0.5,Residential,1,30,Open,Low,Normal,0,1,0
R03649,N1843,N1844,0.432,Service,1,20,Open,Low,Normal,0,1,0
R03650,N1843,N1893,0.385,Service,1,20,Open,Low,Normal,0,1,0
R03651,N1844,N1845,0.527,Service,1,20,Open,Low,Normal,0,1,0
R03652,N1844,N1894,0.203,Motorway,3,80,Open,Low,Normal,0,1,0
R03653,N1845,N1846,0.316,Emergency_Road,2,60,Open,Low,Normal,0,1,0
R03654,N1845,N1895,0.442,Motorway,3,80,Open,Low,Normal,0,1,0
R03655,N1846,N1847,0.444,Service,1,20,Open,Low,Normal,0,1,0
R03656,N1846,N1896,0.464,Industrial,2,40,Open,Low,Normal,0,1,0
R03657,N1847,N1848,0.336,Tertiary,1,40,Open,Low,Normal,0,1,0
R03658,N1847,N1897,0.192,Emergency_Road,2,60,Open,Low,Normal,0,1,0
R03659,N1848,N1849,0.455,Industrial,2,40,Open,Low,Normal,0,1,0
R03660,N1848,N1898,0.276,Service,1,20,Open,Low,Normal,0,1,0
R03661,N1849,N1850,0.264,Motorway,3,80,Open,Low,Normal,0,1,0
R03662,N1849,N1899,0.267,Residential,1,30,Open,Low,Normal,0,1,0
R03663,N1850,N1900,0.244,Motorway,3,80,Open,Low,Normal,0,1,0
R03664,N1851,N1852,0.321,Secondary,2,50,Open,Low,Normal,0,1,0
R03665,N1851,N1901,0.278,Tertiary,1,40,Open,Low,Normal,0,1,0
R03666,N1852,N1853,0.645,Primary,2,60,Open,Low,Normal,0,1,0
R03667,N1852,N1902,0.474,Motorway,3,80,Open,Low,Normal,0,1,0
R03668,N1853,N1854,0.291,Primary,2,60,Open,Low,Normal,0,1,0
R03669,N1853,N1903,0.601,Primary,2,60,Open,Low,Normal,0,1,0
R03670,N1854,N1855,0.334,Primary,2,60,Open,Low,Normal,0,1,0
R03671,N1854,N1904,0.393,Motorway,3,80,Open,Low,Normal,0,1,0
R03672,N1855,N1856,0.254,Primary,2,60,Open,Low,Normal,0,1,0
R03673,N1855,N1905,0.485,Secondary,2,50,Open,Low,Normal,0,1,0
R03674,N1856,N1857,0.628,Residential,1,30,Open,Low,Normal,0,1,0
R03675,N1856,N1906,0.536,Motorway,3,80,Open,Low,Normal,0,1,0
R03676,N1857,N1858,0.442,Emergency_Road,2,60,Open,Low,Normal,0,1,0
R03677,N1857,N1907,0.592,Primary,2,60,Open,Low,Normal,0,1,0
R03678,N1858,N1859,0.31,Primary,2,60,Open,Low,Normal,0,1,0
R03679,N1858,N1908,0.553,Primary,2,60,Open,Low,Normal,0,1,0
R03680,N1859,N1860,0.217,Primary,2,60,Open,Low,Normal,0,1,0
R03681,N1859,N1909,0.302,Tertiary,1,40,Open,Low,Normal,0,1,0
R03682,N1860,N1861,0.633,Tertiary,1,40,Open,Low,Normal,0,1,0
R03683,N1860,N1910,0.248,Emergency_Road,2,60,Open,Low,Normal,0,1,0
R03684,N1861,N1862,0.61,Service,1,20,Open,Low,Normal,0,1,0
R03685,N1861,N1911,0.305,Service,1,20,Open,Low,Normal,0,1,0
R03686,N1862,N1863,0.591,Primary,2,60,Open,Low,Normal,0,1,0
R03687,N1862,N1912,0.262,Motorway,3,80,Open,Low,Normal,0,1,0
R03688,N1863,N1864,0.629,Service,1,20,Open,Low,Normal,0,1,0
R03689,N1863,N1913,0.314,Residential,1,30,Open,Low,Normal,0,1,0
R03690,N1864,N1865,0.487,Secondary,2,50,Open,Low,Normal,0,1,0
R03691,N1864,N1914,0.383,Motorway,3,80,Open,Low,Normal,0,1,0
R03692,N1865,N1866,0.296,Emergency_Road,2,60,Open,Low,Normal,0,1,0
R03693,N1865,N1915,0.376,Tertiary,1,40,Open,Low,Normal,0,1,0
R03694,N1866,N1867,0.512,Tertiary,1,40,Open,Low,Normal,0,1,0
R03695,N1866,N1916,0.543,Motorway,3,80,Open,Low,Normal,0,1,0
R03696,N1867,N1868,0.625,Motorway,3,80,Open,Low,Normal,0,1,0
R03697,N1867,N1917,0.412,Industrial,2,40,Open,Low,Normal,0,1,0
R03698,N1868,N1869,0.228,Secondary,2,50,Open,Low,Normal,0,1,0
R03699,N1868,N1918,0.385,Residential,1,30,Open,Low,Normal,0,1,0
R03700,N1869,N1870,0.308,Service,1,20,Open,Low,Normal,0,1,0
R03701,N1869,N1919,0.447,Industrial,2,40,Open,Low,Normal,0,1,0
R03702,N1870,N1871,0.57,Motorway,3,80,Open,Low,Normal,0,1,0
R03703,N1870,N1920,0.513,Tertiary,1,40,Open,Low,Normal,0,1,0
R03704,N1871,N1872,0.328,Service,1,20,Open,Low,Normal,0,1,0
R03705,N1871,N1921,0.471,Industrial,2,40,Open,Low,Normal,0,1,0
R03706,N1872,N1873,0.6,Primary,2,60,Open,Low,Normal,0,1,0
R03707,N1872,N1922,0.286,Tertiary,1,40,Open,Low,Normal,0,1,0
R03708,N1873,N1874,0.392,Residential,1,30,Open,Low,Normal,0,1,0
R03709,N1873,N1923,0.272,Motorway,3,80,Open,Low,Normal,0,1,0
R03710,N1874,N1875,0.479,Primary,2,60,Open,Low,Normal,0,1,0
R03711,N1874,N1924,0.558,Primary,2,60,Open,Low,Normal,0,1,0
R03712,N1875,N1876,0.539,Secondary,2,50,Open,Low,Normal,0,1,0
R03713,N1875,N1925,0.578,Tertiary,1,40,Open,Low,Normal,0,1,0
R03714,N1876,N1877,0.563,Emergency_Road,2,60,Open,Low,Normal,0,1,0
R03715,N1876,N1926,0.427,Industrial,2,40,Open,Low,Normal,0,1,0
R03716,N1877,N1878,0.499,Industrial,2,40,Open,Low,Normal,0,1,0
R03717,N1877,N1927,0.591,Industrial,2,40,Open,Low,Normal,0,1,0
R03718,N1878,N1879,0.299,Service,1,20,Open,Low,Normal,0,1,0
R03719,N1878,N1928,0.437,Motorway,3,80,Open,Low,Normal,0,1,0
R03720,N1879,N1880,0.451,Industrial,2,40,Open,Low,Normal,0,1,0
R03721,N1879,N1929,0.486,Emergency_Road,2,60,Open,Low,Normal,0,1,0
R03722,N1880,N1881,0.209,Service,1,20,Open,Low,Normal,0,1,0
R03723,N1880,N1930,0.514,Motorway,3,80,Open,Low,Normal,0,1,0
R03724,N1881,N1882,0.454,Primary,2,60,Open,Low,Normal,0,1,0
R03725,N1881,N1931,0.314,Emergency_Road,2,60,Open,Low,Normal,0,1,0
R03726,N1882,N1883,0.275,Tertiary,1,40,Open,Low,Normal,0,1,0
R03727,N1882,N1932,0.608,Industrial,2,40,Open,Low,Normal,0,1,0
R03728,N1883,N1884,0.549,Motorway,3,80,Open,Low,Normal,0,1,0
R03729,N1883,N1933,0.457,Tertiary,1,40,Open,Low,Normal,0,1,0
R03730,N1884,N1885,0.192,Secondary,2,50,Open,Low,Normal,0,1,0
R03731,N1884,N1934,0.39,Tertiary,1,40,Open,Low,Normal,0,1,0
R03732,N1885,N1886,0.581,Industrial,2,40,Open,Low,Normal,0,1,0
R03733,N1885,N1935,0.239,Motorway,3,80,Open,Low,Normal,0,1,0
R03734,N1886,N1887,0.228,Tertiary,1,40,Open,Low,Normal,0,1,0
R03735,N1886,N1936,0.447,Emergency_Road,2,60,Open,Low,Normal,0,1,0
R03736,N1887,N1888,0.465,Emergency_Road,2,60,Open,Low,Normal,0,1,0
R03737,N1887,N1937,0.465,Residential,1,30,Open,Low,Normal,0,1,0
R03738,N1888,N1889,0.518,Service,1,20,Open,Low,Normal,0,1,0
R03739,N1888,N1938,0.242,Residential,1,30,Open,Low,Normal,0,1,0
R03740,N1889,N1890,0.426,Tertiary,1,40,Open,Low,Normal,0,1,0
R03741,N1889,N1939,0.638,Tertiary,1,40,Open,Low,Normal,0,1,0
R03742,N1890,N1891,0.348,Secondary,2,50,Open,Low,Normal,0,1,0
R03743,N1890,N1940,0.267,Service,1,20,Open,Low,Normal,0,1,0
R03744,N1891,N1892,0.406,Emergency_Road,2,60,Open,Low,Normal,0,1,0
R03745,N1891,N1941,0.463,Secondary,2,50,Open,Low,Normal,0,1,0
R03746,N1892,N1893,0.531,Secondary,2,50,Open,Low,Normal,0,1,0
R03747,N1892,N1942,0.51,Emergency_Road,2,60,Open,Low,Normal,0,1,0
R03748,N1893,N1894,0.563,Service,1,20,Open,Low,Normal,0,1,0
R03749,N1893,N1943,0.312,Residential,1,30,Open,Low,Normal,0,1,0
R03750,N1894,N1895,0.412,Tertiary,1,40,Open,Low,Normal,0,1,0
R03751,N1894,N1944,0.271,Secondary,2,50,Open,Low,Normal,0,1,0
R03752,N1895,N1896,0.4,Tertiary,1,40,Open,Low,Normal,0,1,0
R03753,N1895,N1945,0.269,Residential,1,30,Open,Low,Normal,0,1,0
R03754,N1896,N1897,0.61,Industrial,2,40,Open,Low,Normal,0,1,0
R03755,N1896,N1946,0.535,Tertiary,1,40,Open,Low,Normal,0,1,0
R03756,N1897,N1898,0.469,Primary,2,60,Open,Low,Normal,0,1,0
R03757,N1897,N1947,0.426,Primary,2,60,Open,Low,Normal,0,1,0
R03758,N1898,N1899,0.472,Industrial,2,40,Open,Low,Normal,0,1,0
R03759,N1898,N1948,0.406,Emergency_Road,2,60,Open,Low,Normal,0,1,0
R03760,N1899,N1900,0.355,Secondary,2,50,Open,Low,Normal,0,1,0
R03761,N1899,N1949,0.289,Emergency_Road,2,60,Open,Low,Normal,0,1,0
R03762,N1900,N1950,0.194,Service,1,20,Open,Low,Normal,0,1,0
R03763,N1901,N1902,0.348,Emergency_Road,2,60,Open,Low,Normal,0,1,0
R03764,N1901,N1951,0.489,Residential,1,30,Open,Low,Normal,0,1,0
R03765,N1902,N1903,0.252,Motorway,3,80,Open,Low,Normal,0,1,0
R03766,N1902,N1952,0.612,Motorway,3,80,Open,Low,Normal,0,1,0
R03767,N1903,N1904,0.53,Primary,2,60,Open,Low,Normal,0,1,0
R03768,N1903,N1953,0.474,Industrial,2,40,Open,Low,Normal,0,1,0
R03769,N1904,N1905,0.55,Industrial,2,40,Open,Low,Normal,0,1,0
R03770,N1904,N1954,0.374,Residential,1,30,Open,Low,Normal,0,1,0
R03771,N1905,N1906,0.347,Tertiary,1,40,Open,Low,Normal,0,1,0
R03772,N1905,N1955,0.389,Tertiary,1,40,Open,Low,Normal,0,1,0
R03773,N1906,N1907,0.309,Tertiary,1,40,Open,Low,Normal,0,1,0
R03774,N1906,N1956,0.251,Service,1,20,Open,Low,Normal,0,1,0
R03775,N1907,N1908,0.382,Secondary,2,50,Open,Low,Normal,0,1,0
R03776,N1907,N1957,0.393,Motorway,3,80,Open,Low,Normal,0,1,0
R03777,N1908,N1909,0.286,Emergency_Road,2,60,Open,Low,Normal,0,1,0
R03778,N1908,N1958,0.218,Motorway,3,80,Open,Low,Normal,0,1,0
R03779,N1909,N1910,0.214,Residential,1,30,Open,Low,Normal,0,1,0
R03780,N1909,N1959,0.356,Industrial,2,40,Open,Low,Normal,0,1,0
R03781,N1910,N1911,0.318,Industrial,2,40,Open,Low,Normal,0,1,0
R03782,N1910,N1960,0.443,Primary,2,60,Open,Low,Normal,0,1,0
R03783,N1911,N1912,0.339,Service,1,20,Open,Low,Normal,0,1,0
R03784,N1911,N1961,0.226,Secondary,2,50,Open,Low,Normal,0,1,0
R03785,N1912,N1913,0.573,Industrial,2,40,Open,Low,Normal,0,1,0
R03786,N1912,N1962,0.422,Secondary,2,50,Open,Low,Normal,0,1,0
R03787,N1913,N1914,0.618,Primary,2,60,Open,Low,Normal,0,1,0
R03788,N1913,N1963,0.414,Motorway,3,80,Open,Low,Normal,0,1,0
R03789,N1914,N1915,0.509,Emergency_Road,2,60,Open,Low,Normal,0,1,0
R03790,N1914,N1964,0.236,Tertiary,1,40,Open,Low,Normal,0,1,0
R03791,N1915,N1916,0.218,Industrial,2,40,Open,Low,Normal,0,1,0
R03792,N1915,N1965,0.598,Motorway,3,80,Open,Low,Normal,0,1,0
R03793,N1916,N1917,0.346,Tertiary,1,40,Open,Low,Normal,0,1,0
R03794,N1916,N1966,0.546,Tertiary,1,40,Open,Low,Normal,0,1,0
R03795,N1917,N1918,0.259,Tertiary,1,40,Open,Low,Normal,0,1,0
R03796,N1917,N1967,0.389,Service,1,20,Open,Low,Normal,0,1,0
R03797,N1918,N1919,0.484,Motorway,3,80,Open,Low,Normal,0,1,0
R03798,N1918,N1968,0.204,Secondary,2,50,Open,Low,Normal,0,1,0
R03799,N1919,N1920,0.391,Service,1,20,Open,Low,Normal,0,1,0
R03800,N1919,N1969,0.348,Industrial,2,40,Open,Low,Normal,0,1,0
R03801,N1920,N1921,0.625,Emergency_Road,2,60,Open,Low,Normal,0,1,0
R03802,N1920,N1970,0.623,Tertiary,1,40,Open,Low,Normal,0,1,0
R03803,N1921,N1922,0.32,Primary,2,60,Open,Low,Normal,0,1,0
R03804,N1921,N1971,0.549,Emergency_Road,2,60,Open,Low,Normal,0,1,0
R03805,N1922,N1923,0.547,Tertiary,1,40,Open,Low,Normal,0,1,0
R03806,N1922,N1972,0.472,Residential,1,30,Open,Low,Normal,0,1,0
R03807,N1923,N1924,0.47,Tertiary,1,40,Open,Low,Normal,0,1,0
R03808,N1923,N1973,0.368,Motorway,3,80,Open,Low,Normal,0,1,0
R03809,N1924,N1925,0.41,Motorway,3,80,Open,Low,Normal,0,1,0
R03810,N1924,N1974,0.265,Secondary,2,50,Open,Low,Normal,0,1,0
R03811,N1925,N1926,0.261,Service,1,20,Open,Low,Normal,0,1,0
R03812,N1925,N1975,0.445,Emergency_Road,2,60,Open,Low,Normal,0,1,0
R03813,N1926,N1927,0.649,Industrial,2,40,Open,Low,Normal,0,1,0
R03814,N1926,N1976,0.312,Emergency_Road,2,60,Open,Low,Normal,0,1,0
R03815,N1927,N1928,0.263,Tertiary,1,40,Open,Low,Normal,0,1,0
R03816,N1927,N1977,0.256,Tertiary,1,40,Open,Low,Normal,0,1,0
R03817,N1928,N1929,0.352,Emergency_Road,2,60,Open,Low,Normal,0,1,0
R03818,N1928,N1978,0.222,Motorway,3,80,Open,Low,Normal,0,1,0
R03819,N1929,N1930,0.565,Tertiary,1,40,Open,Low,Normal,0,1,0
R03820,N1929,N1979,0.536,Primary,2,60,Open,Low,Normal,0,1,0
R03821,N1930,N1931,0.317,Industrial,2,40,Open,Low,Normal,0,1,0
R03822,N1930,N1980,0.524,Emergency_Road,2,60,Open,Low,Normal,0,1,0
R03823,N1931,N1932,0.59,Service,1,20,Open,Low,Normal,0,1,0
R03824,N1931,N1981,0.277,Motorway,3,80,Open,Low,Normal,0,1,0
R03825,N1932,N1933,0.449,Residential,1,30,Open,Low,Normal,0,1,0
R03826,N1932,N1982,0.406,Motorway,3,80,Open,Low,Normal,0,1,0
R03827,N1933,N1934,0.497,Primary,2,60,Open,Low,Normal,0,1,0
R03828,N1933,N1983,0.517,Service,1,20,Open,Low,Normal,0,1,0
R03829,N1934,N1935,0.541,Emergency_Road,2,60,Open,Low,Normal,0,1,0
R03830,N1934,N1984,0.396,Industrial,2,40,Open,Low,Normal,0,1,0
R03831,N1935,N1936,0.243,Primary,2,60,Open,Low,Normal,0,1,0
R03832,N1935,N1985,0.469,Industrial,2,40,Open,Low,Normal,0,1,0
R03833,N1936,N1937,0.386,Primary,2,60,Open,Low,Normal,0,1,0
R03834,N1936,N1986,0.641,Industrial,2,40,Open,Low,Normal,0,1,0
R03835,N1937,N1938,0.44,Tertiary,1,40,Open,Low,Normal,0,1,0
R03836,N1937,N1987,0.349,Service,1,20,Open,Low,Normal,0,1,0
R03837,N1938,N1939,0.466,Secondary,2,50,Open,Low,Normal,0,1,0
R03838,N1938,N1988,0.229,Emergency_Road,2,60,Open,Low,Normal,0,1,0
R03839,N1939,N1940,0.206,Tertiary,1,40,Open,Low,Normal,0,1,0
R03840,N1939,N1989,0.401,Industrial,2,40,Open,Low,Normal,0,1,0
R03841,N1940,N1941,0.636,Primary,2,60,Open,Low,Normal,0,1,0
R03842,N1940,N1990,0.275,Emergency_Road,2,60,Open,Low,Normal,0,1,0
R03843,N1941,N1942,0.571,Industrial,2,40,Open,Low,Normal,0,1,0
R03844,N1941,N1991,0.242,Emergency_Road,2,60,Open,Low,Normal,0,1,0
R03845,N1942,N1943,0.257,Residential,1,30,Open,Low,Normal,0,1,0
R03846,N1942,N1992,0.323,Service,1,20,Open,Low,Normal,0,1,0
R03847,N1943,N1944,0.36,Service,1,20,Open,Low,Normal,0,1,0
R03848,N1943,N1993,0.58,Emergency_Road,2,60,Open,Low,Normal,0,1,0
R03849,N1944,N1945,0.525,Motorway,3,80,Open,Low,Normal,0,1,0
R03850,N1944,N1994,0.612,Service,1,20,Open,Low,Normal,0,1,0
R03851,N1945,N1946,0.251,Emergency_Road,2,60,Open,Low,Normal,0,1,0
R03852,N1945,N1995,0.475,Primary,2,60,Open,Low,Normal,0,1,0
R03853,N1946,N1947,0.348,Motorway,3,80,Open,Low,Normal,0,1,0
R03854,N1946,N1996,0.407,Emergency_Road,2,60,Open,Low,Normal,0,1,0
R03855,N1947,N1948,0.477,Service,1,20,Open,Low,Normal,0,1,0
R03856,N1947,N1997,0.452,Secondary,2,50,Open,Low,Normal,0,1,0
R03857,N1948,N1949,0.389,Primary,2,60,Open,Low,Normal,0,1,0
R03858,N1948,N1998,0.253,Industrial,2,40,Open,Low,Normal,0,1,0
R03859,N1949,N1950,0.647,Industrial,2,40,Open,Low,Normal,0,1,0
R03860,N1949,N1999,0.631,Primary,2,60,Open,Low,Normal,0,1,0
R03861,N1950,N2000,0.635,Motorway,3,80,Open,Low,Normal,0,1,0
R03862,N1951,N1952,0.471,Service,1,20,Open,Low,Normal,0,1,0
R03863,N1952,N1953,0.44,Tertiary,1,40,Open,Low,Normal,0,1,0
R03864,N1953,N1954,0.301,Secondary,2,50,Open,Low,Normal,0,1,0
R03865,N1954,N1955,0.235,Secondary,2,50,Open,Low,Normal,0,1,0
R03866,N1955,N1956,0.336,Service,1,20,Open,Low,Normal,0,1,0
R03867,N1956,N1957,0.198,Industrial,2,40,Open,Low,Normal,0,1,0
R03868,N1957,N1958,0.556,Tertiary,1,40,Open,Low,Normal,0,1,0
R03869,N1958,N1959,0.634,Emergency_Road,2,60,Open,Low,Normal,0,1,0
R03870,N1959,N1960,0.279,Industrial,2,40,Open,Low,Normal,0,1,0
R03871,N1960,N1961,0.56,Industrial,2,40,Open,Low,Normal,0,1,0
R03872,N1961,N1962,0.502,Secondary,2,50,Open,Low,Normal,0,1,0
R03873,N1962,N1963,0.329,Industrial,2,40,Open,Low,Normal,0,1,0
R03874,N1963,N1964,0.342,Motorway,3,80,Open,Low,Normal,0,1,0
R03875,N1964,N1965,0.244,Primary,2,60,Open,Low,Normal,0,1,0
R03876,N1965,N1966,0.393,Emergency_Road,2,60,Open,Low,Normal,0,1,0
R03877,N1966,N1967,0.268,Primary,2,60,Open,Low,Normal,0,1,0
R03878,N1967,N1968,0.346,Secondary,2,50,Open,Low,Normal,0,1,0
R03879,N1968,N1969,0.571,Residential,1,30,Open,Low,Normal,0,1,0
R03880,N1969,N1970,0.492,Industrial,2,40,Open,Low,Normal,0,1,0
R03881,N1970,N1971,0.506,Residential,1,30,Open,Low,Normal,0,1,0
R03882,N1971,N1972,0.477,Secondary,2,50,Open,Low,Normal,0,1,0
R03883,N1972,N1973,0.297,Service,1,20,Open,Low,Normal,0,1,0
R03884,N1973,N1974,0.529,Residential,1,30,Open,Low,Normal,0,1,0
R03885,N1974,N1975,0.276,Residential,1,30,Open,Low,Normal,0,1,0
R03886,N1975,N1976,0.572,Emergency_Road,2,60,Open,Low,Normal,0,1,0
R03887,N1976,N1977,0.592,Secondary,2,50,Open,Low,Normal,0,1,0
R03888,N1977,N1978,0.353,Primary,2,60,Open,Low,Normal,0,1,0
R03889,N1978,N1979,0.182,Residential,1,30,Open,Low,Normal,0,1,0
R03890,N1979,N1980,0.349,Industrial,2,40,Open,Low,Normal,0,1,0
R03891,N1980,N1981,0.393,Industrial,2,40,Open,Low,Normal,0,1,0
R03892,N1981,N1982,0.221,Residential,1,30,Open,Low,Normal,0,1,0
R03893,N1982,N1983,0.431,Residential,1,30,Open,Low,Normal,0,1,0
R03894,N1983,N1984,0.337,Industrial,2,40,Open,Low,Normal,0,1,0
R03895,N1984,N1985,0.238,Primary,2,60,Open,Low,Normal,0,1,0
R03896,N1985,N1986,0.446,Secondary,2,50,Open,Low,Normal,0,1,0
R03897,N1986,N1987,0.348,Tertiary,1,40,Open,Low,Normal,0,1,0
R03898,N1987,N1988,0.303,Service,1,20,Open,Low,Normal,0,1,0
R03899,N1988,N1989,0.316,Emergency_Road,2,60,Open,Low,Normal,0,1,0
R03900,N1989,N1990,0.631,Secondary,2,50,Open,Low,Normal,0,1,0
R03901,N1990,N1991,0.193,Residential,1,30,Open,Low,Normal,0,1,0
R03902,N1991,N1992,0.553,Service,1,20,Open,Low,Normal,0,1,0
R03903,N1992,N1993,0.195,Emergency_Road,2,60,Open,Low,Normal,0,1,0
R03904,N1993,N1994,0.33,Industrial,2,40,Open,Low,Normal,0,1,0
R03905,N1994,N1995,0.576,Motorway,3,80,Open,Low,Normal,0,1,0
R03906,N1995,N1996,0.525,Emergency_Road,2,60,Open,Low,Normal,0,1,0
R03907,N1996,N1997,0.545,Primary,2,60,Open,Low,Normal,0,1,0
R03908,N1997,N1998,0.206,Emergency_Road,2,60,Open,Low,Normal,0,1,0
R03909,N1998,N1999,0.614,Primary,2,60,Open,Low,Normal,0,1,0
R03910,N1999,N2000,0.367,Service,1,20,Open,Low,Normal,0,1,0
R03911,N1525,N1476,0.785,Service,1,20,Open,Low,Normal,0,1,0
R03912,N1973,N1975,0.801,Tertiary,1,40,Open,Low,Normal,0,1,0
R03913,N1453,N1402,0.583,Primary,2,60,Open,Low,Normal,0,1,0
R03914,N0224,N0275,0.618,Industrial,2,40,Open,Low,Normal,0,1,0
R03915,N1839,N1939,0.372,Secondary,2,50,Open,Low,Normal,0,1,0
R03916,N1319,N1268,0.913,Secondary,2,50,Open,Low,Normal,0,1,0
R03917,N0041,N0141,1.041,Service,1,20,Open,Low,Normal,0,1,0
R03918,N1787,N1738,0.321,Emergency_Road,2,60,Open,Low,Normal,0,1,0
R03919,N1759,N1761,0.958,Service,1,20,Open,Low,Normal,0,1,0
R03920,N0688,N0639,0.685,Primary,2,60,Open,Low,Normal,0,1,0
R03921,N0262,N0213,0.785,Motorway,3,80,Open,Low,Normal,0,1,0
R03922,N1138,N1089,1.065,Tertiary,1,40,Open,Low,Normal,0,1,0
R03923,N1511,N1460,0.981,Tertiary,1,40,Open,Low,Normal,0,1,0
R03924,N0674,N0725,0.796,Industrial,2,40,Open,Low,Normal,0,1,0
R03925,N1716,N1718,0.63,Service,1,20,Open,Low,Normal,0,1,0
R03926,N1851,N1802,0.665,Motorway,3,80,Open,Low,Normal,0,1,0
R03927,N1767,N1769,0.431,Motorway,3,80,Open,Low,Normal,0,1,0
R03928,N0038,N0138,0.52,Industrial,2,40,Open,Low,Normal,0,1,0
R03929,N1697,N1646,1.026,Service,1,20,Open,Low,Normal,0,1,0
R03930,N0222,N0173,0.739,Service,1,20,Open,Low,Normal,0,1,0
R03931,N0205,N0256,1.029,Motorway,3,80,Open,Low,Normal,0,1,0
R03932,N1674,N1725,1.039,Primary,2,60,Open,Low,Normal,0,1,0
R03933,N1823,N1872,0.615,Emergency_Road,2,60,Open,Low,Normal,0,1,0
R03934,N0829,N0929,0.417,Tertiary,1,40,Open,Low,Normal,0,1,0
R03935,N1382,N1433,0.573,Tertiary,1,40,Open,Low,Normal,0,1,0
R03936,N1759,N1859,0.922,Secondary,2,50,Open,Low,Normal,0,1,0
R03937,N1125,N1225,0.868,Motorway,3,80,Open,Low,Normal,0,1,0
R03938,N1145,N1196,0.82,Residential,1,30,Open,Low,Normal,0,1,0
R03939,N1700,N1800,0.521,Tertiary,1,40,Open,Low,Normal,0,1,0
R03940,N0293,N0342,0.742,Tertiary,1,40,Open,Low,Normal,0,1,0
R03941,N1137,N1186,1.076,Service,1,20,Open,Low,Normal,0,1,0
R03942,N0922,N1022,0.699,Emergency_Road,2,60,Open,Low,Normal,0,1,0
R03943,N0368,N0419,0.306,Motorway,3,80,Open,Low,Normal,0,1,0
R03944,N1489,N1491,0.545,Secondary,2,50,Open,Low,Normal,0,1,0
R03945,N1373,N1324,1.108,Industrial,2,40,Open,Low,Normal,0,1,0
R03946,N1070,N1119,1.061,Service,1,20,Open,Low,Normal,0,1,0
R03947,N1034,N1036,1.16,Primary,2,60,Open,Low,Normal,0,1,0
R03948,N1110,N1112,0.348,Primary,2,60,Open,Low,Normal,0,1,0
R03949,N0951,N0902,0.37,Primary,2,60,Open,Low,Normal,0,1,0
R03950,N0662,N0762,1.006,Secondary,2,50,Open,Low,Normal,0,1,0
R03951,N0918,N0920,0.766,Emergency_Road,2,60,Open,Low,Normal,0,1,0
R03952,N1943,N1892,0.619,Industrial,2,40,Open,Low,Normal,0,1,0
R03953,N0924,N0973,0.562,Tertiary,1,40,Open,Low,Normal,0,1,0
R03954,N0782,N0882,1.175,Industrial,2,40,Open,Low,Normal,0,1,0
R03955,N1093,N1142,0.983,Secondary,2,50,Open,Low,Normal,0,1,0
R03956,N1454,N1456,0.407,Tertiary,1,40,Open,Low,Normal,0,1,0
R03957,N0765,N0814,1.107,Emergency_Road,2,60,Open,Low,Normal,0,1,0
R03958,N1962,N1913,0.458,Emergency_Road,2,60,Open,Low,Normal,0,1,0
R03959,N1590,N1592,0.612,Motorway,3,80,Open,Low,Normal,0,1,0
R03960,N1522,N1524,0.386,Motorway,3,80,Open,Low,Normal,0,1,0
R03961,N0610,N0710,0.36,Industrial,2,40,Open,Low,Normal,0,1,0
R03962,N0604,N0704,0.426,Emergency_Road,2,60,Open,Low,Normal,0,1,0
R03963,N0687,N0689,0.643,Primary,2,60,Open,Low,Normal,0,1,0
R03964,N1169,N1171,1.051,Primary,2,60,Open,Low,Normal,0,1,0
R03965,N0182,N0231,0.603,Tertiary,1,40,Open,Low,Normal,0,1,0
R03966,N0765,N0814,0.912,Emergency_Road,2,60,Open,Low,Normal,0,1,0
R03967,N1321,N1370,1.038,Residential,1,30,Open,Low,Normal,0,1,0
R03968,N1968,N1919,0.48,Motorway,3,80,Open,Low,Normal,0,1,0
R03969,N1855,N1804,0.387,Tertiary,1,40,Open,Low,Normal,0,1,0
R03970,N1111,N1162,0.63,Industrial,2,40,Open,Low,Normal,0,1,0
R03971,N0753,N0802,1.187,Tertiary,1,40,Open,Low,Normal,0,1,0
R03972,N0707,N0656,0.795,Industrial,2,40,Open,Low,Normal,0,1,0
R03973,N0664,N0715,1.145,Industrial,2,40,Open,Low,Normal,0,1,0
R03974,N1302,N1351,0.853,Motorway,3,80,Open,Low,Normal,0,1,0
R03975,N0106,N0206,0.824,Secondary,2,50,Open,Low,Normal,0,1,0
R03976,N1212,N1261,0.804,Residential,1,30,Open,Low,Normal,0,1,0
R03977,N0713,N0664,0.46,Residential,1,30,Open,Low,Normal,0,1,0
R03978,N0782,N0784,1.059,Service,1,20,Open,Low,Normal,0,1,0
R03979,N1499,N1550,1.006,Secondary,2,50,Open,Low,Normal,0,1,0
R03980,N1750,N1850,0.699,Motorway,3,80,Open,Low,Normal,0,1,0
R03981,N0838,N0938,0.654,Emergency_Road,2,60,Open,Low,Normal,0,1,0
R03982,N1964,N1915,1.195,Industrial,2,40,Open,Low,Normal,0,1,0
R03983,N1675,N1624,0.764,Service,1,20,Open,Low,Normal,0,1,0
R03984,N1021,N1023,1.139,Primary,2,60,Open,Low,Normal,0,1,0
R03985,N1169,N1118,0.933,Motorway,3,80,Open,Low,Normal,0,1,0
R03986,N1433,N1384,0.589,Secondary,2,50,Open,Low,Normal,0,1,0
R03987,N0583,N0585,0.717,Primary,2,60,Open,Low,Normal,0,1,0
R03988,N1125,N1074,0.687,Secondary,2,50,Open,Low,Normal,0,1,0
R03989,N0308,N0357,1.008,Industrial,2,40,Open,Low,Normal,0,1,0
R03990,N0928,N0877,0.659,Industrial,2,40,Open,Low,Normal,0,1,0
R03991,N0566,N0517,0.801,Primary,2,60,Open,Low,Normal,0,1,0
R03992,N1802,N1804,0.796,Secondary,2,50,Open,Low,Normal,0,1,0
R03993,N1383,N1434,0.554,Tertiary,1,40,Open,Low,Normal,0,1,0
R03994,N1693,N1742,0.325,Industrial,2,40,Open,Low,Normal,0,1,0
R03995,N0277,N0226,0.439,Secondary,2,50,Open,Low,Normal,0,1,0
R03996,N1760,N1762,0.715,Service,1,20,Open,Low,Normal,0,1,0
R03997,N1411,N1511,0.824,Industrial,2,40,Open,Low,Normal,0,1,0
R03998,N0239,N0288,0.647,Residential,1,30,Open,Low,Normal,0,1,0
R03999,N1388,N1437,1.015,Industrial,2,40,Open,Low,Normal,0,1,0
R04000,N1519,N1521,0.853,Tertiary,1,40,Open,Low,Normal,0,1,0
R04001,N1001,N1003,1.05,Industrial,2,40,Open,Low,Normal,0,1,0
R04002,N0394,N0443,0.426,Primary,2,60,Open,Low,Normal,0,1,0
R04003,N1138,N1238,1.133,Motorway,3,80,Open,Low,Normal,0,1,0
R04004,N0740,N0742,0.721,Emergency_Road,2,60,Open,Low,Normal,0,1,0
R04005,N1112,N1212,0.993,Primary,2,60,Open,Low,Normal,0,1,0
R04006,N0288,N0290,0.641,Residential,1,30,Open,Low,Normal,0,1,0
R04007,N0539,N0639,1.166,Motorway,3,80,Open,Low,Normal,0,1,0
R04008,N0544,N0493,0.589,Motorway,3,80,Open,Low,Normal,0,1,0
R04009,N0999,N1050,0.442,Tertiary,1,40,Open,Low,Normal,0,1,0
R04010,N1975,N1926,0.73,Primary,2,60,Open,Low,Normal,0,1,0
R04011,N1410,N1412,0.373,Motorway,3,80,Open,Low,Normal,0,1,0
R04012,N1443,N1392,0.556,Tertiary,1,40,Open,Low,Normal,0,1,0
R04013,N0149,N0249,0.761,Motorway,3,80,Open,Low,Normal,0,1,0
R04014,N0069,N0071,0.571,Service,1,20,Open,Low,Normal,0,1,0
R04015,N1361,N1363,0.368,Emergency_Road,2,60,Open,Low,Normal,0,1,0
R04016,N0517,N0466,0.875,Secondary,2,50,Open,Low,Normal,0,1,0
R04017,N1088,N1037,0.621,Service,1,20,Open,Low,Normal,0,1,0
R04018,N0206,N0208,0.695,Tertiary,1,40,Open,Low,Normal,0,1,0
R04019,N0343,N0345,0.853,Residential,1,30,Open,Low,Normal,0,1,0
R04020,N0278,N0329,0.878,Secondary,2,50,Open,Low,Normal,0,1,0
R04021,N0827,N0927,0.963,Emergency_Road,2,60,Open,Low,Normal,0,1,0
R04022,N0353,N0304,0.447,Tertiary,1,40,Open,Low,Normal,0,1,0
R04023,N0122,N0073,0.33,Tertiary,1,40,Open,Low,Normal,0,1,0
R04024,N1854,N1805,0.655,Emergency_Road,2,60,Open,Low,Normal,0,1,0
R04025,N0744,N0746,0.877,Motorway,3,80,Open,Low,Normal,0,1,0
R04026,N0667,N0669,0.619,Tertiary,1,40,Open,Low,Normal,0,1,0
R04027,N1643,N1694,1.081,Emergency_Road,2,60,Open,Low,Normal,0,1,0
R04028,N0033,N0133,0.905,Industrial,2,40,Open,Low,Normal,0,1,0
R04029,N0479,N0481,0.671,Secondary,2,50,Open,Low,Normal,0,1,0
R04030,N0583,N0532,0.782,Secondary,2,50,Open,Low,Normal,0,1,0
R04031,N1072,N1021,0.659,Industrial,2,40,Open,Low,Normal,0,1,0
R04032,N0783,N0834,1.024,Service,1,20,Open,Low,Normal,0,1,0
R04033,N1896,N1847,0.519,Residential,1,30,Open,Low,Normal,0,1,0
R04034,N0965,N1014,0.563,Residential,1,30,Open,Low,Normal,0,1,0
R04035,N1070,N1121,0.719,Secondary,2,50,Open,Low,Normal,0,1,0
R04036,N1636,N1587,0.468,Emergency_Road,2,60,Open,Low,Normal,0,1,0
R04037,N0520,N0620,0.597,Industrial,2,40,Open,Low,Normal,0,1,0
R04038,N0373,N0375,0.721,Secondary,2,50,Open,Low,Normal,0,1,0
R04039,N1186,N1237,0.309,Industrial,2,40,Open,Low,Normal,0,1,0
R04040,N1209,N1258,0.978,Motorway,3,80,Open,Low,Normal,0,1,0
R04041,N0073,N0075,1.15,Industrial,2,40,Open,Low,Normal,0,1,0
R04042,N1300,N1249,0.308,Secondary,2,50,Open,Low,Normal,0,1,0
R04043,N0706,N0655,0.943,Motorway,3,80,Open,Low,Normal,0,1,0
R04044,N0877,N0928,0.407,Tertiary,1,40,Open,Low,Normal,0,1,0
R04045,N0577,N0677,0.419,Industrial,2,40,Open,Low,Normal,0,1,0
R04046,N0273,N0222,0.84,Emergency_Road,2,60,Open,Low,Normal,0,1,0
R04047,N1812,N1761,0.725,Industrial,2,40,Open,Low,Normal,0,1,0
R04048,N1805,N1754,0.651,Primary,2,60,Open,Low,Normal,0,1,0
R04049,N0612,N0663,0.603,Tertiary,1,40,Open,Low,Normal,0,1,0
R04050,N0603,N0605,0.976,Motorway,3,80,Open,Low,Normal,0,1,0
R04051,N1437,N1439,0.474,Primary,2,60,Open,Low,Normal,0,1,0
R04052,N0528,N0577,0.616,Secondary,2,50,Open,Low,Normal,0,1,0
R04053,N1802,N1751,1.075,Secondary,2,50,Open,Low,Normal,0,1,0
R04054,N1861,N1810,0.789,Service,1,20,Open,Low,Normal,0,1,0
R04055,N1234,N1185,1.048,Emergency_Road,2,60,Open,Low,Normal,0,1,0
R04056,N1376,N1425,0.746,Emergency_Road,2,60,Open,Low,Normal,0,1,0
R04057,N0004,N0055,0.956,Secondary,2,50,Open,Low,Normal,0,1,0
R04058,N1483,N1432,0.449,Secondary,2,50,Open,Low,Normal,0,1,0
R04059,N0308,N0357,0.816,Residential,1,30,Open,Low,Normal,0,1,0
R04060,N0931,N0933,1.198,Secondary,2,50,Open,Low,Normal,0,1,0
R04061,N0192,N0143,0.8,Emergency_Road,2,60,Open,Low,Normal,0,1,0
R04062,N0209,N0211,0.448,Industrial,2,40,Open,Low,Normal,0,1,0
R04063,N0561,N0661,1.17,Industrial,2,40,Open,Low,Normal,0,1,0
R04064,N1425,N1427,1.06,Tertiary,1,40,Open,Low,Normal,0,1,0
R04065,N1345,N1394,0.91,Tertiary,1,40,Open,Low,Normal,0,1,0
R04066,N1470,N1521,0.88,Emergency_Road,2,60,Open,Low,Normal,0,1,0
R04067,N1351,N1451,0.535,Emergency_Road,2,60,Open,Low,Normal,0,1,0
R04068,N0790,N0839,0.61,Service,1,20,Open,Low,Normal,0,1,0
R04069,N0427,N0478,0.748,Motorway,3,80,Open,Low,Normal,0,1,0
R04070,N1596,N1645,0.448,Primary,2,60,Open,Low,Normal,0,1,0
R04071,N0849,N0898,1.113,Emergency_Road,2,60,Open,Low,Normal,0,1,0
R04072,N1515,N1615,0.841,Service,1,20,Open,Low,Normal,0,1,0
R04073,N0573,N0575,1.073,Residential,1,30,Open,Low,Normal,0,1,0
R04074,N1183,N1132,1.18,Emergency_Road,2,60,Open,Low,Normal,0,1,0
R04075,N1442,N1444,1.05,Primary,2,60,Open,Low,Normal,0,1,0
R04076,N0142,N0091,0.694,Emergency_Road,2,60,Open,Low,Normal,0,1,0
R04077,N0397,N0448,0.367,Industrial,2,40,Open,Low,Normal,0,1,0
R04078,N1859,N1959,1.075,Service,1,20,Open,Low,Normal,0,1,0
R04079,N0257,N0208,0.588,Tertiary,1,40,Open,Low,Normal,0,1,0
R04080,N0835,N0886,0.852,Tertiary,1,40,Open,Low,Normal,0,1,0
R04081,N1211,N1311,1.027,Tertiary,1,40,Open,Low,Normal,0,1,0
R04082,N0582,N0584,0.965,Motorway,3,80,Open,Low,Normal,0,1,0
R04083,N1755,N1757,0.441,Tertiary,1,40,Open,Low,Normal,0,1,0
R04084,N0283,N0285,0.738,Industrial,2,40,Open,Low,Normal,0,1,0
R04085,N1317,N1266,1.091,Primary,2,60,Open,Low,Normal,0,1,0
R04086,N0740,N0840,1.003,Motorway,3,80,Open,Low,Normal,0,1,0
R04087,N0173,N0224,0.634,Motorway,3,80,Open,Low,Normal,0,1,0
R04088,N1092,N1094,0.639,Emergency_Road,2,60,Open,Low,Normal,0,1,0
R04089,N1538,N1489,0.483,Tertiary,1,40,Open,Low,Normal,0,1,0
R04090,N0825,N0827,0.861,Industrial,2,40,Open,Low,Normal,0,1,0
R04091,N0080,N0180,1.181,Secondary,2,50,Open,Low,Normal,0,1,0
R04092,N1618,N1569,0.457,Service,1,20,Open,Low,Normal,0,1,0
R04093,N0818,N0918,0.943,Residential,1,30,Open,Low,Normal,0,1,0
R04094,N0840,N0889,0.461,Primary,2,60,Open,Low,Normal,0,1,0
R04095,N1799,N1748,1.063,Service,1,20,Open,Low,Normal,0,1,0
R04096,N0586,N0537,0.902,Residential,1,30,Open,Low,Normal,0,1,0
R04097,N1322,N1422,0.865,Service,1,20,Open,Low,Normal,0,1,0
R04098,N1971,N1973,1.015,Service,1,20,Open,Low,Normal,0,1,0
R04099,N0367,N0369,1.153,Service,1,20,Open,Low,Normal,0,1,0
R04100,N1835,N1884,0.88,Industrial,2,40,Open,Low,Normal,0,1,0
R04101,N1796,N1847,0.872,Primary,2,60,Open,Low,Normal,0,1,0
R04102,N1608,N1557,1.199,Motorway,3,80,Open,Low,Normal,0,1,0
R04103,N0233,N0282,0.501,Service,1,20,Open,Low,Normal,0,1,0
R04104,N1628,N1579,0.935,Motorway,3,80,Open,Low,Normal,0,1,0
R04105,N1207,N1258,0.354,Service,1,20,Open,Low,Normal,0,1,0
R04106,N0285,N0234,0.618,Tertiary,1,40,Open,Low,Normal,0,1,0
R04107,N1581,N1681,0.805,Emergency_Road,2,60,Open,Low,Normal,0,1,0
R04108,N0610,N0612,0.815,Primary,2,60,Open,Low,Normal,0,1,0
R04109,N0996,N0947,0.562,Tertiary,1,40,Open,Low,Normal,0,1,0
R04110,N0993,N0995,0.776,Motorway,3,80,Open,Low,Normal,0,1,0
R04111,N0943,N1043,0.426,Tertiary,1,40,Open,Low,Normal,0,1,0
R04112,N0910,N0859,1.017,Emergency_Road,2,60,Open,Low,Normal,0,1,0
R04113,N1786,N1737,0.53,Emergency_Road,2,60,Open,Low,Normal,0,1,0
R04114,N0104,N0106,0.629,Service,1,20,Open,Low,Normal,0,1,0
R04115,N0638,N0640,0.792,Industrial,2,40,Open,Low,Normal,0,1,0
R04116,N0875,N0877,1.156,Residential,1,30,Open,Low,Normal,0,1,0
R04117,N1600,N1700,0.375,Secondary,2,50,Open,Low,Normal,0,1,0
R04118,N0999,N1099,0.419,Service,1,20,Open,Low,Normal,0,1,0
R04119,N0522,N0622,0.306,Secondary,2,50,Open,Low,Normal,0,1,0
R04120,N0434,N0485,0.436,Industrial,2,40,Open,Low,Normal,0,1,0
R04121,N1958,N1909,1.131,Tertiary,1,40,Open,Low,Normal,0,1,0
R04122,N0294,N0345,0.407,Residential,1,30,Open,Low,Normal,0,1,0
R04123,N0086,N0186,0.722,Motorway,3,80,Open,Low,Normal,0,1,0
R04124,N0819,N0870,0.711,Tertiary,1,40,Open,Low,Normal,0,1,0
R04125,N0767,N0818,0.981,Secondary,2,50,Open,Low,Normal,0,1,0
R04126,N1560,N1609,0.953,Motorway,3,80,Open,Low,Normal,0,1,0
R04127,N0826,N0877,0.327,Emergency_Road,2,60,Open,Low,Normal,0,1,0
R04128,N1648,N1597,0.508,Motorway,3,80,Open,Low,Normal,0,1,0
R04129,N1986,N1988,0.309,Residential,1,30,Open,Low,Normal,0,1,0
R04130,N0325,N0376,0.414,Secondary,2,50,Open,Low,Normal,0,1,0
R04131,N0018,N0118,0.777,Industrial,2,40,Open,Low,Normal,0,1,0
R04132,N1842,N1844,1.003,Industrial,2,40,Open,Low,Normal,0,1,0
R04133,N1522,N1473,0.521,Tertiary,1,40,Open,Low,Normal,0,1,0
R04134,N0884,N0933,1.022,Service,1,20,Open,Low,Normal,0,1,0
R04135,N0620,N0669,0.489,Motorway,3,80,Open,Low,Normal,0,1,0
R04136,N0925,N0976,0.725,Secondary,2,50,Open,Low,Normal,0,1,0
R04137,N1500,N1449,0.704,Secondary,2,50,Open,Low,Normal,0,1,0
R04138,N0299,N0350,1.164,Tertiary,1,40,Open,Low,Normal,0,1,0
R04139,N1883,N1885,1.007,Residential,1,30,Open,Low,Normal,0,1,0
R04140,N0322,N0422,0.693,Residential,1,30,Open,Low,Normal,0,1,0
R04141,N0694,N0696,0.971,Emergency_Road,2,60,Open,Low,Normal,0,1,0
R04142,N0155,N0106,1.114,Primary,2,60,Open,Low,Normal,0,1,0
R04143,N0249,N0300,0.932,Tertiary,1,40,Open,Low,Normal,0,1,0
R04144,N1440,N1389,0.756,Primary,2,60,Open,Low,Normal,0,1,0
R04145,N0975,N0977,0.841,Residential,1,30,Open,Low,Normal,0,1,0
R04146,N1828,N1879,0.638,Emergency_Road,2,60,Open,Low,Normal,0,1,0
R04147,N1296,N1298,0.465,Secondary,2,50,Open,Low,Normal,0,1,0
R04148,N1329,N1278,0.907,Secondary,2,50,Open,Low,Normal,0,1,0
R04149,N1784,N1786,1.178,Secondary,2,50,Open,Low,Normal,0,1,0
R04150,N0012,N0061,1.061,Industrial,2,40,Open,Low,Normal,0,1,0
R04151,N1951,N1953,0.989,Primary,2,60,Open,Low,Normal,0,1,0
R04152,N1499,N1548,0.868,Industrial,2,40,Open,Low,Normal,0,1,0
R04153,N1459,N1559,1.098,Emergency_Road,2,60,Open,Low,Normal,0,1,0
R04154,N0520,N0569,0.791,Residential,1,30,Open,Low,Normal,0,1,0
R04155,N0099,N0150,0.721,Industrial,2,40,Open,Low,Normal,0,1,0
R04156,N1225,N1227,0.339,Motorway,3,80,Open,Low,Normal,0,1,0
R04157,N1103,N1154,0.591,Residential,1,30,Open,Low,Normal,0,1,0
R04158,N1550,N1650,0.597,Emergency_Road,2,60,Open,Low,Normal,0,1,0
R04159,N0984,N0935,0.729,Emergency_Road,2,60,Open,Low,Normal,0,1,0
R04160,N0464,N0515,1.084,Emergency_Road,2,60,Open,Low,Normal,0,1,0
R04161,N0698,N0649,1.014,Motorway,3,80,Open,Low,Normal,0,1,0
R04162,N0178,N0229,0.689,Primary,2,60,Open,Low,Normal,0,1,0
R04163,N0474,N0425,0.319,Emergency_Road,2,60,Open,Low,Normal,0,1,0
R04164,N1352,N1301,0.54,Emergency_Road,2,60,Open,Low,Normal,0,1,0
R04165,N1491,N1440,0.664,Industrial,2,40,Open,Low,Normal,0,1,0
R04166,N1406,N1455,0.921,Motorway,3,80,Open,Low,Normal,0,1,0
R04167,N0271,N0273,1.128,Emergency_Road,2,60,Open,Low,Normal,0,1,0
R04168,N1110,N1112,1.008,Motorway,3,80,Open,Low,Normal,0,1,0
R04169,N0829,N0780,0.598,Emergency_Road,2,60,Open,Low,Normal,0,1,0
R04170,N0393,N0442,0.333,Service,1,20,Open,Low,Normal,0,1,0
R04171,N0656,N0707,0.855,Primary,2,60,Open,Low,Normal,0,1,0
R04172,N1479,N1530,0.694,Tertiary,1,40,Open,Low,Normal,0,1,0
R04173,N0133,N0182,1.106,Motorway,3,80,Open,Low,Normal,0,1,0
R04174,N0802,N0804,1.079,Industrial,2,40,Open,Low,Normal,0,1,0
R04175,N1684,N1686,1.155,Service,1,20,Open,Low,Normal,0,1,0
R04176,N1589,N1689,0.538,Tertiary,1,40,Open,Low,Normal,0,1,0
R04177,N1989,N1938,0.336,Emergency_Road,2,60,Open,Low,Normal,0,1,0
R04178,N0462,N0513,0.728,Emergency_Road,2,60,Open,Low,Normal,0,1,0
R04179,N0288,N0239,0.892,Emergency_Road,2,60,Open,Low,Normal,0,1,0
R04180,N1691,N1742,0.948,Motorway,3,80,Open,Low,Normal,0,1,0
R04181,N1024,N0973,0.354,Service,1,20,Open,Low,Normal,0,1,0
R04182,N1156,N1105,0.321,Motorway,3,80,Open,Low,Normal,0,1,0
R04183,N1859,N1861,0.783,Motorway,3,80,Open,Low,Normal,0,1,0
R04184,N1213,N1313,0.546,Industrial,2,40,Open,Low,Normal,0,1,0
R04185,N1540,N1491,0.709,Emergency_Road,2,60,Open,Low,Normal,0,1,0
R04186,N0680,N0780,0.836,Tertiary,1,40,Open,Low,Normal,0,1,0
R04187,N0516,N0567,0.709,Industrial,2,40,Open,Low,Normal,0,1,0
R04188,N1666,N1617,1.116,Secondary,2,50,Open,Low,Normal,0,1,0
R04189,N1460,N1409,0.606,Residential,1,30,Open,Low,Normal,0,1,0
R04190,N1551,N1651,0.355,Residential,1,30,Open,Low,Normal,0,1,0
R04191,N0495,N0595,0.912,Primary,2,60,Open,Low,Normal,0,1,0
R04192,N0140,N0191,0.408,Motorway,3,80,Open,Low,Normal,0,1,0
R04193,N1812,N1863,1.168,Tertiary,1,40,Open,Low,Normal,0,1,0
R04194,N1849,N1949,0.363,Motorway,3,80,Open,Low,Normal,0,1,0
R04195,N1163,N1114,0.662,Industrial,2,40,Open,Low,Normal,0,1,0
R04196,N0475,N0426,0.444,Service,1,20,Open,Low,Normal,0,1,0
R04197,N1269,N1318,0.459,Emergency_Road,2,60,Open,Low,Normal,0,1,0
R04198,N1977,N1926,0.767,Residential,1,30,Open,Low,Normal,0,1,0
R04199,N0895,N0944,0.434,Tertiary,1,40,Open,Low,Normal,0,1,0
R04200,N1091,N1040,0.485,Primary,2,60,Open,Low,Normal,0,1,0
R04201,N1733,N1833,0.542,Primary,2,60,Open,Low,Normal,0,1,0
R04202,N0976,N0925,1.138,Motorway,3,80,Open,Low,Normal,0,1,0
R04203,N0641,N0692,0.984,Primary,2,60,Open,Low,Normal,0,1,0
R04204,N0665,N0614,0.553,Motorway,3,80,Open,Low,Normal,0,1,0
R04205,N1335,N1435,0.576,Motorway,3,80,Open,Low,Normal,0,1,0
R04206,N1501,N1601,0.831,Emergency_Road,2,60,Open,Low,Normal,0,1,0
R04207,N1827,N1829,0.872,Motorway,3,80,Open,Low,Normal,0,1,0
R04208,N1797,N1848,0.635,Service,1,20,Open,Low,Normal,0,1,0
R04209,N1820,N1771,1.026,Residential,1,30,Open,Low,Normal,0,1,0
R04210,N0504,N0553,1.095,Emergency_Road,2,60,Open,Low,Normal,0,1,0
R04211,N0745,N0747,1.163,Secondary,2,50,Open,Low,Normal,0,1,0
R04212,N0206,N0306,1.161,Residential,1,30,Open,Low,Normal,0,1,0
R04213,N0676,N0625,0.721,Motorway,3,80,Open,Low,Normal,0,1,0
R04214,N0147,N0247,1.071,Secondary,2,50,Open,Low,Normal,0,1,0
R04215,N0987,N0936,0.769,Industrial,2,40,Open,Low,Normal,0,1,0
R04216,N0871,N0971,1.006,Primary,2,60,Open,Low,Normal,0,1,0
R04217,N1675,N1726,0.557,Residential,1,30,Open,Low,Normal,0,1,0
R04218,N0137,N0188,0.937,Industrial,2,40,Open,Low,Normal,0,1,0
R04219,N0553,N0555,0.589,Motorway,3,80,Open,Low,Normal,0,1,0
R04220,N0838,N0889,1.034,Residential,1,30,Open,Low,Normal,0,1,0
R04221,N1620,N1571,0.876,Motorway,3,80,Open,Low,Normal,0,1,0
R04222,N1086,N1037,0.429,Secondary,2,50,Open,Low,Normal,0,1,0
R04223,N0869,N0820,0.916,Secondary,2,50,Open,Low,Normal,0,1,0
R04224,N0508,N0608,0.927,Tertiary,1,40,Open,Low,Normal,0,1,0
R04225,N1846,N1797,0.906,Primary,2,60,Open,Low,Normal,0,1,0
R04226,N0650,N0750,0.942,Motorway,3,80,Open,Low,Normal,0,1,0
R04227,N1425,N1427,0.869,Motorway,3,80,Open,Low,Normal,0,1,0
R04228,N0157,N0108,0.994,Emergency_Road,2,60,Open,Low,Normal,0,1,0
R04229,N0022,N0024,0.916,Motorway,3,80,Open,Low,Normal,0,1,0
R04230,N1834,N1836,1.063,Industrial,2,40,Open,Low,Normal,0,1,0
R04231,N0765,N0716,0.61,Primary,2,60,Open,Low,Normal,0,1,0
R04232,N1219,N1170,0.343,Residential,1,30,Open,Low,Normal,0,1,0
R04233,N1292,N1392,0.368,Industrial,2,40,Open,Low,Normal,0,1,0
R04234,N0006,N0008,0.328,Tertiary,1,40,Open,Low,Normal,0,1,0
R04235,N0956,N1007,0.913,Tertiary,1,40,Open,Low,Normal,0,1,0
R04236,N0364,N0313,0.715,Residential,1,30,Open,Low,Normal,0,1,0
R04237,N0705,N0654,0.405,Motorway,3,80,Open,Low,Normal,0,1,0
R04238,N1699,N1799,0.672,Motorway,3,80,Open,Low,Normal,0,1,0
R04239,N1984,N1933,0.415,Secondary,2,50,Open,Low,Normal,0,1,0
R04240,N0806,N0906,0.74,Primary,2,60,Open,Low,Normal,0,1,0
R04241,N1133,N1182,0.956,Emergency_Road,2,60,Open,Low,Normal,0,1,0
R04242,N0619,N0719,0.647,Service,1,20,Open,Low,Normal,0,1,0
R04243,N1603,N1605,0.468,Motorway,3,80,Open,Low,Normal,0,1,0
R04244,N1272,N1321,0.969,Residential,1,30,Open,Low,Normal,0,1,0
R04245,N1366,N1417,0.434,Residential,1,30,Open,Low,Normal,0,1,0
R04246,N1580,N1629,0.753,Secondary,2,50,Open,Low,Normal,0,1,0
R04247,N0233,N0282,0.36,Primary,2,60,Open,Low,Normal,0,1,0
R04248,N1500,N1549,0.934,Emergency_Road,2,60,Open,Low,Normal,0,1,0
R04249,N1706,N1655,0.921,Emergency_Road,2,60,Open,Low,Normal,0,1,0
R04250,N0892,N0843,0.631,Primary,2,60,Open,Low,Normal,0,1,0
R04251,N1305,N1307,0.474,Industrial,2,40,Open,Low,Normal,0,1,0
R04252,N1867,N1818,1.011,Motorway,3,80,Open,Low,Normal,0,1,0
R04253,N0949,N0900,0.476,Motorway,3,80,Open,Low,Normal,0,1,0
R04254,N0467,N0418,0.912,Residential,1,30,Open,Low,Normal,0,1,0
R04255,N1501,N1503,0.702,Secondary,2,50,Open,Low,Normal,0,1,0
R04256,N0319,N0368,1.135,Secondary,2,50,Open,Low,Normal,0,1,0
R04257,N1802,N1902,0.587,Industrial,2,40,Open,Low,Normal,0,1,0
R04258,N0227,N0327,0.515,Tertiary,1,40,Open,Low,Normal,0,1,0
R04259,N0091,N0040,1.158,Residential,1,30,Open,Low,Normal,0,1,0
R04260,N1577,N1628,0.832,Tertiary,1,40,Open,Low,Normal,0,1,0
R04261,N0967,N1067,1.051,Emergency_Road,2,60,Open,Low,Normal,0,1,0
R04262,N0132,N0083,0.484,Secondary,2,50,Open,Low,Normal,0,1,0
R04263,N0627,N0576,1.062,Secondary,2,50,Open,Low,Normal,0,1,0
R04264,N1251,N1351,0.382,Motorway,3,80,Open,Low,Normal,0,1,0
R04265,N0487,N0536,0.858,Tertiary,1,40,Open,Low,Normal,0,1,0
R04266,N1292,N1341,0.641,Residential,1,30,Open,Low,Normal,0,1,0
R04267,N1068,N1168,0.46,Industrial,2,40,Open,Low,Normal,0,1,0
R04268,N1890,N1941,0.724,Service,1,20,Open,Low,Normal,0,1,0
R04269,N1313,N1264,0.715,Industrial,2,40,Open,Low,Normal,0,1,0
R04270,N0984,N1084,0.621,Service,1,20,Open,Low,Normal,0,1,0
R04271,N1409,N1460,0.824,Residential,1,30,Open,Low,Normal,0,1,0
R04272,N0421,N0372,0.627,Primary,2,60,Open,Low,Normal,0,1,0
R04273,N1377,N1379,0.809,Primary,2,60,Open,Low,Normal,0,1,0
R04274,N0958,N1007,1.158,Secondary,2,50,Open,Low,Normal,0,1,0
R04275,N1002,N1004,0.349,Tertiary,1,40,Open,Low,Normal,0,1,0
R04276,N1814,N1863,1.098,Tertiary,1,40,Open,Low,Normal,0,1,0
R04277,N0705,N0656,0.457,Service,1,20,Open,Low,Normal,0,1,0
R04278,N1860,N1862,0.415,Secondary,2,50,Open,Low,Normal,0,1,0
R04279,N1470,N1421,0.87,Tertiary,1,40,Open,Low,Normal,0,1,0
R04280,N0489,N0540,0.967,Tertiary,1,40,Open,Low,Normal,0,1,0
R04281,N1027,N1078,0.373,Tertiary,1,40,Open,Low,Normal,0,1,0
R04282,N1633,N1682,1.008,Primary,2,60,Open,Low,Normal,0,1,0
R04283,N0731,N0682,1.165,Residential,1,30,Open,Low,Normal,0,1,0
R04284,N1746,N1695,0.413,Service,1,20,Open,Low,Normal,0,1,0
R04285,N1840,N1889,0.924,Tertiary,1,40,Open,Low,Normal,0,1,0
R04286,N0475,N0424,0.529,Industrial,2,40,Open,Low,Normal,0,1,0
R04287,N1724,N1773,0.764,Service,1,20,Open,Low,Normal,0,1,0
R04288,N1790,N1890,0.905,Secondary,2,50,Open,Low,Normal,0,1,0
R04289,N0050,N0099,1.027,Residential,1,30,Open,Low,Normal,0,1,0
R04290,N1224,N1324,0.758,Emergency_Road,2,60,Open,Low,Normal,0,1,0
R04291,N1900,N1949,0.489,Tertiary,1,40,Open,Low,Normal,0,1,0
R04292,N0078,N0127,0.731,Motorway,3,80,Open,Low,Normal,0,1,0
R04293,N0490,N0439,0.326,Motorway,3,80,Open,Low,Normal,0,1,0
R04294,N0223,N0174,0.358,Secondary,2,50,Open,Low,Normal,0,1,0
R04295,N0539,N0639,0.588,Service,1,20,Open,Low,Normal,0,1,0
R04296,N1427,N1429,0.532,Primary,2,60,Open,Low,Normal,0,1,0
R04297,N1302,N1353,0.791,Motorway,3,80,Open,Low,Normal,0,1,0
R04298,N0942,N0993,0.641,Tertiary,1,40,Open,Low,Normal,0,1,0
R04299,N1470,N1472,0.905,Primary,2,60,Open,Low,Normal,0,1,0
R04300,N0954,N1003,0.32,Motorway,3,80,Open,Low,Normal,0,1,0
R04301,N1082,N1084,0.589,Motorway,3,80,Open,Low,Normal,0,1,0
R04302,N1185,N1136,0.759,Primary,2,60,Open,Low,Normal,0,1,0
R04303,N0493,N0542,0.967,Industrial,2,40,Open,Low,Normal,0,1,0
R04304,N1782,N1831,0.436,Primary,2,60,Open,Low,Normal,0,1,0
R04305,N0753,N0702,1.009,Secondary,2,50,Open,Low,Normal,0,1,0
R04306,N1418,N1367,0.992,Industrial,2,40,Open,Low,Normal,0,1,0
R04307,N1873,N1822,0.553,Emergency_Road,2,60,Open,Low,Normal,0,1,0
R04308,N1806,N1808,0.716,Secondary,2,50,Open,Low,Normal,0,1,0
R04309,N0781,N0730,1.11,Service,1,20,Open,Low,Normal,0,1,0
R04310,N1142,N1191,0.65,Motorway,3,80,Open,Low,Normal,0,1,0
R04311,N0923,N1023,0.807,Industrial,2,40,Open,Low,Normal,0,1,0
R04312,N0127,N0227,0.585,Residential,1,30,Open,Low,Normal,0,1,0
R04313,N0761,N0812,1.141,Primary,2,60,Open,Low,Normal,0,1,0
R04314,N0191,N0140,1.003,Secondary,2,50,Open,Low,Normal,0,1,0
R04315,N0777,N0826,1.175,Primary,2,60,Open,Low,Normal,0,1,0
R04316,N1052,N1152,0.739,Secondary,2,50,Open,Low,Normal,0,1,0
R04317,N0812,N0814,0.395,Industrial,2,40,Open,Low,Normal,0,1,0
R04318,N0385,N0436,0.892,Tertiary,1,40,Open,Low,Normal,0,1,0
R04319,N0266,N0366,0.432,Tertiary,1,40,Open,Low,Normal,0,1,0
R04320,N0324,N0375,0.553,Primary,2,60,Open,Low,Normal,0,1,0
R04321,N0643,N0692,0.544,Tertiary,1,40,Open,Low,Normal,0,1,0
R04322,N0051,N0102,1.192,Emergency_Road,2,60,Open,Low,Normal,0,1,0
R04323,N0827,N0927,0.889,Service,1,20,Open,Low,Normal,0,1,0
R04324,N1568,N1617,1.022,Industrial,2,40,Open,Low,Normal,0,1,0
R04325,N1617,N1666,0.561,Residential,1,30,Open,Low,Normal,0,1,0
R04326,N1129,N1080,0.71,Secondary,2,50,Open,Low,Normal,0,1,0
R04327,N0023,N0025,0.539,Service,1,20,Open,Low,Normal,0,1,0
R04328,N1097,N1146,0.425,Primary,2,60,Open,Low,Normal,0,1,0
R04329,N0092,N0143,0.75,Service,1,20,Open,Low,Normal,0,1,0
R04330,N0531,N0631,0.344,Secondary,2,50,Open,Low,Normal,0,1,0
R04331,N1965,N1967,0.39,Motorway,3,80,Open,Low,Normal,0,1,0
R04332,N1225,N1325,0.845,Residential,1,30,Open,Low,Normal,0,1,0
R04333,N0490,N0590,0.841,Service,1,20,Open,Low,Normal,0,1,0
R04334,N0364,N0464,0.392,Primary,2,60,Open,Low,Normal,0,1,0
R04335,N0878,N0929,0.572,Industrial,2,40,Open,Low,Normal,0,1,0
R04336,N1837,N1886,0.734,Secondary,2,50,Open,Low,Normal,0,1,0
R04337,N0847,N0796,0.795,Secondary,2,50,Open,Low,Normal,0,1,0
R04338,N0425,N0376,1.117,Residential,1,30,Open,Low,Normal,0,1,0
R04339,N1844,N1944,1.056,Emergency_Road,2,60,Open,Low,Normal,0,1,0
R04340,N1144,N1093,0.418,Emergency_Road,2,60,Open,Low,Normal,0,1,0
R04341,N0625,N0674,0.352,Primary,2,60,Open,Low,Normal,0,1,0
R04342,N0273,N0322,1.053,Motorway,3,80,Open,Low,Normal,0,1,0
R04343,N0087,N0036,0.404,Service,1,20,Open,Low,Normal,0,1,0
R04344,N0886,N0888,1.015,Residential,1,30,Open,Low,Normal,0,1,0
R04345,N1694,N1745,0.391,Secondary,2,50,Open,Low,Normal,0,1,0
R04346,N0416,N0418,0.611,Emergency_Road,2,60,Open,Low,Normal,0,1,0
R04347,N1054,N1154,0.75,Emergency_Road,2,60,Open,Low,Normal,0,1,0
R04348,N1319,N1370,0.872,Secondary,2,50,Open,Low,Normal,0,1,0
R04349,N1101,N1201,0.95,Primary,2,60,Open,Low,Normal,0,1,0
R04350,N1513,N1462,0.941,Industrial,2,40,Open,Low,Normal,0,1,0
R04351,N1031,N0982,0.777,Emergency_Road,2,60,Open,Low,Normal,0,1,0
R04352,N0695,N0795,0.678,Service,1,20,Open,Low,Normal,0,1,0
R04353,N1717,N1768,0.508,Secondary,2,50,Open,Low,Normal,0,1,0
R04354,N1704,N1753,0.638,Tertiary,1,40,Open,Low,Normal,0,1,0
R04355,N1022,N1024,0.363,Emergency_Road,2,60,Open,Low,Normal,0,1,0
R04356,N1670,N1619,0.557,Motorway,3,80,Open,Low,Normal,0,1,0
R04357,N0402,N0502,0.794,Motorway,3,80,Open,Low,Normal,0,1,0
R04358,N0347,N0398,0.746,Motorway,3,80,Open,Low,Normal,0,1,0
R04359,N0384,N0386,0.316,Tertiary,1,40,Open,Low,Normal,0,1,0
R04360,N1652,N1603,0.389,Secondary,2,50,Open,Low,Normal,0,1,0
R04361,N1777,N1779,0.876,Residential,1,30,Open,Low,Normal,0,1,0
R04362,N0992,N0943,0.664,Tertiary,1,40,Open,Low,Normal,0,1,0
R04363,N1783,N1785,0.846,Residential,1,30,Open,Low,Normal,0,1,0
R04364,N1433,N1533,0.914,Emergency_Road,2,60,Open,Low,Normal,0,1,0
R04365,N0863,N0865,0.846,Motorway,3,80,Open,Low,Normal,0,1,0
R04366,N0617,N0619,0.751,Motorway,3,80,Open,Low,Normal,0,1,0
R04367,N1986,N1935,1.078,Service,1,20,Open,Low,Normal,0,1,0
R04368,N0697,N0748,0.4,Primary,2,60,Open,Low,Normal,0,1,0
R04369,N0650,N0699,0.392,Service,1,20,Open,Low,Normal,0,1,0
R04370,N1397,N1497,1.056,Motorway,3,80,Open,Low,Normal,0,1,0
R04371,N1732,N1781,0.916,Residential,1,30,Open,Low,Normal,0,1,0
R04372,N1043,N1045,0.73,Motorway,3,80,Open,Low,Normal,0,1,0
R04373,N0347,N0396,1.184,Industrial,2,40,Open,Low,Normal,0,1,0
R04374,N1454,N1503,1.122,Residential,1,30,Open,Low,Normal,0,1,0
R04375,N0343,N0392,0.707,Motorway,3,80,Open,Low,Normal,0,1,0
R04376,N1661,N1712,0.379,Tertiary,1,40,Open,Low,Normal,0,1,0
R04377,N1214,N1216,0.721,Secondary,2,50,Open,Low,Normal,0,1,0
R04378,N0086,N0186,1.11,Primary,2,60,Open,Low,Normal,0,1,0
R04379,N0380,N0429,0.734,Motorway,3,80,Open,Low,Normal,0,1,0
R04380,N1038,N1040,0.943,Motorway,3,80,Open,Low,Normal,0,1,0
R04381,N1698,N1749,0.34,Emergency_Road,2,60,Open,Low,Normal,0,1,0
R04382,N1072,N1021,0.332,Tertiary,1,40,Open,Low,Normal,0,1,0
R04383,N1824,N1873,0.847,Motorway,3,80,Open,Low,Normal,0,1,0
R04384,N0602,N0551,1.162,Tertiary,1,40,Open,Low,Normal,0,1,0
R04385,N0646,N0695,0.973,Emergency_Road,2,60,Open,Low,Normal,0,1,0
R04386,N1754,N1705,0.846,Tertiary,1,40,Open,Low,Normal,0,1,0
R04387,N1189,N1191,0.978,Motorway,3,80,Open,Low,Normal,0,1,0
R04388,N1085,N1134,0.304,Secondary,2,50,Open,Low,Normal,0,1,0
R04389,N1969,N1920,1.091,Primary,2,60,Open,Low,Normal,0,1,0
R04390,N0796,N0847,0.665,Residential,1,30,Open,Low,Normal,0,1,0
R04391,N0920,N0922,0.425,Primary,2,60,Open,Low,Normal,0,1,0
R04392,N0613,N0664,0.846,Primary,2,60,Open,Low,Normal,0,1,0
R04393,N1189,N1191,1.185,Emergency_Road,2,60,Open,Low,Normal,0,1,0
R04394,N1472,N1474,0.337,Service,1,20,Open,Low,Normal,0,1,0
R04395,N0542,N0591,0.822,Residential,1,30,Open,Low,Normal,0,1,0
R04396,N1417,N1419,0.548,Service,1,20,Open,Low,Normal,0,1,0
R04397,N0886,N0937,0.596,Primary,2,60,Open,Low,Normal,0,1,0
R04398,N1989,N1938,0.712,Primary,2,60,Open,Low,Normal,0,1,0
R04399,N1891,N1940,0.43,Industrial,2,40,Open,Low,Normal,0,1,0
R04400,N0599,N0648,0.607,Emergency_Road,2,60,Open,Low,Normal,0,1,0
R04401,N0194,N0294,0.422,Residential,1,30,Open,Low,Normal,0,1,0
R04402,N1819,N1868,0.882,Service,1,20,Open,Low,Normal,0,1,0
R04403,N1937,N1886,0.375,Residential,1,30,Open,Low,Normal,0,1,0
R04404,N1353,N1453,0.681,Industrial,2,40,Open,Low,Normal,0,1,0
R04405,N0876,N0827,0.969,Residential,1,30,Open,Low,Normal,0,1,0
R04406,N1387,N1336,1.189,Service,1,20,Open,Low,Normal,0,1,0
R04407,N1064,N1013,0.593,Residential,1,30,Open,Low,Normal,0,1,0
R04408,N0957,N0908,0.943,Emergency_Road,2,60,Open,Low,Normal,0,1,0
R04409,N0928,N0879,0.552,Emergency_Road,2,60,Open,Low,Normal,0,1,0
R04410,N1121,N1123,0.301,Tertiary,1,40,Open,Low,Normal,0,1,0
R04411,N0906,N0955,1.086,Industrial,2,40,Open,Low,Normal,0,1,0
R04412,N1576,N1578,0.808,Service,1,20,Open,Low,Normal,0,1,0
R04413,N0434,N0534,0.317,Primary,2,60,Open,Low,Normal,0,1,0
R04414,N1721,N1770,1.075,Tertiary,1,40,Open,Low,Normal,0,1,0
R04415,N1507,N1607,0.778,Emergency_Road,2,60,Open,Low,Normal,0,1,0
R04416,N0787,N0789,0.466,Tertiary,1,40,Open,Low,Normal,0,1,0
R04417,N0761,N0810,0.791,Service,1,20,Open,Low,Normal,0,1,0
R04418,N0632,N0581,0.922,Secondary,2,50,Open,Low,Normal,0,1,0
R04419,N1265,N1267,0.878,Motorway,3,80,Open,Low,Normal,0,1,0
R04420,N0481,N0532,1.02,Tertiary,1,40,Open,Low,Normal,0,1,0
R04421,N0797,N0746,1.045,Industrial,2,40,Open,Low,Normal,0,1,0
R04422,N1285,N1236,0.913,Motorway,3,80,Open,Low,Normal,0,1,0
R04423,N1836,N1887,1.09,Industrial,2,40,Open,Low,Normal,0,1,0
R04424,N1690,N1741,1.007,Tertiary,1,40,Open,Low,Normal,0,1,0
R04425,N1022,N1071,0.755,Industrial,2,40,Open,Low,Normal,0,1,0
R04426,N1253,N1353,0.319,Secondary,2,50,Open,Low,Normal,0,1,0
R04427,N0189,N0140,0.902,Primary,2,60,Open,Low,Normal,0,1,0
R04428,N0375,N0326,0.74,Emergency_Road,2,60,Open,Low,Normal,0,1,0
R04429,N1964,N1966,1.082,Service,1,20,Open,Low,Normal,0,1,0
R04430,N1669,N1769,0.862,Tertiary,1,40,Open,Low,Normal,0,1,0
R04431,N0745,N0796,0.536,Industrial,2,40,Open,Low,Normal,0,1,0
R04432,N1853,N1953,0.953,Motorway,3,80,Open,Low,Normal,0,1,0
R04433,N1743,N1745,1.118,Primary,2,60,Open,Low,Normal,0,1,0
R04434,N1005,N1007,0.316,Residential,1,30,Open,Low,Normal,0,1,0
R04435,N1807,N1907,1.041,Tertiary,1,40,Open,Low,Normal,0,1,0
R04436,N1568,N1517,0.616,Primary,2,60,Open,Low,Normal,0,1,0
R04437,N1128,N1177,0.549,Motorway,3,80,Open,Low,Normal,0,1,0
R04438,N0599,N0650,0.652,Industrial,2,40,Open,Low,Normal,0,1,0
R04439,N0607,N0558,0.922,Tertiary,1,40,Open,Low,Normal,0,1,0
R04440,N1299,N1399,1.083,Service,1,20,Open,Low,Normal,0,1,0
R04441,N1871,N1820,0.694,Primary,2,60,Open,Low,Normal,0,1,0
R04442,N0400,N0349,0.977,Tertiary,1,40,Open,Low,Normal,0,1,0
R04443,N0157,N0208,0.509,Residential,1,30,Open,Low,Normal,0,1,0
R04444,N1698,N1798,0.939,Service,1,20,Open,Low,Normal,0,1,0
R04445,N1728,N1677,0.505,Motorway,3,80,Open,Low,Normal,0,1,0
R04446,N1733,N1735,0.806,Service,1,20,Open,Low,Normal,0,1,0
R04447,N1429,N1378,0.993,Residential,1,30,Open,Low,Normal,0,1,0
R04448,N1964,N1966,0.53,Motorway,3,80,Open,Low,Normal,0,1,0
R04449,N1889,N1838,0.391,Secondary,2,50,Open,Low,Normal,0,1,0
R04450,N1068,N1019,1.064,Secondary,2,50,Open,Low,Normal,0,1,0
R04451,N0242,N0291,0.468,Service,1,20,Open,Low,Normal,0,1,0
R04452,N1949,N2000,0.821,Secondary,2,50,Open,Low,Normal,0,1,0
R04453,N0428,N0477,0.811,Service,1,20,Open,Low,Normal,0,1,0
R04454,N0996,N0947,0.44,Industrial,2,40,Open,Low,Normal,0,1,0
R04455,N1017,N1117,0.979,Industrial,2,40,Open,Low,Normal,0,1,0
R04456,N0410,N0359,0.446,Tertiary,1,40,Open,Low,Normal,0,1,0
R04457,N0891,N0942,0.82,Secondary,2,50,Open,Low,Normal,0,1,0
R04458,N0592,N0643,0.395,Primary,2,60,Open,Low,Normal,0,1,0
R04459,N1969,N1918,0.319,Emergency_Road,2,60,Open,Low,Normal,0,1,0
R04460,N1245,N1296,0.47,Industrial,2,40,Open,Low,Normal,0,1,0
R04461,N1588,N1639,0.862,Primary,2,60,Open,Low,Normal,0,1,0
R04462,N1482,N1533,1.019,Residential,1,30,Open,Low,Normal,0,1,0
R04463,N0574,N0525,0.811,Service,1,20,Open,Low,Normal,0,1,0
R04464,N0274,N0325,0.494,Secondary,2,50,Open,Low,Normal,0,1,0
R04465,N0301,N0252,0.427,Motorway,3,80,Open,Low,Normal,0,1,0
R04466,N1251,N1351,0.475,Motorway,3,80,Open,Low,Normal,0,1,0
R04467,N0741,N0690,0.732,Secondary,2,50,Open,Low,Normal,0,1,0
R04468,N0477,N0526,0.503,Service,1,20,Open,Low,Normal,0,1,0
R04469,N0095,N0146,0.971,Motorway,3,80,Open,Low,Normal,0,1,0
R04470,N1519,N1521,0.564,Tertiary,1,40,Open,Low,Normal,0,1,0
R04471,N1472,N1474,0.412,Service,1,20,Open,Low,Normal,0,1,0
R04472,N1047,N1098,0.567,Primary,2,60,Open,Low,Normal,0,1,0
R04473,N1561,N1661,0.759,Secondary,2,50,Open,Low,Normal,0,1,0
R04474,N1626,N1575,0.85,Industrial,2,40,Open,Low,Normal,0,1,0
R04475,N1702,N1653,0.632,Motorway,3,80,Open,Low,Normal,0,1,0
R04476,N1475,N1575,0.655,Residential,1,30,Open,Low,Normal,0,1,0
R04477,N1230,N1232,0.893,Industrial,2,40,Open,Low,Normal,0,1,0
R04478,N0257,N0208,0.546,Industrial,2,40,Open,Low,Normal,0,1,0
R04479,N1119,N1170,0.565,Primary,2,60,Open,Low,Normal,0,1,0
R04480,N1253,N1304,1.189,Motorway,3,80,Open,Low,Normal,0,1,0
R04481,N1832,N1883,0.473,Secondary,2,50,Open,Low,Normal,0,1,0
R04482,N0135,N0184,0.633,Primary,2,60,Open,Low,Normal,0,1,0
R04483,N1412,N1363,0.544,Primary,2,60,Open,Low,Normal,0,1,0
R04484,N1304,N1353,0.526,Service,1,20,Open,Low,Normal,0,1,0
R04485,N1298,N1300,0.446,Tertiary,1,40,Open,Low,Normal,0,1,0
R04486,N1151,N1102,1.062,Tertiary,1,40,Open,Low,Normal,0,1,0
R04487,N0864,N0815,0.757,Motorway,3,80,Open,Low,Normal,0,1,0
R04488,N1720,N1671,0.987,Emergency_Road,2,60,Open,Low,Normal,0,1,0
R04489,N1968,N1919,0.58,Emergency_Road,2,60,Open,Low,Normal,0,1,0
R04490,N0275,N0375,1.037,Industrial,2,40,Open,Low,Normal,0,1,0
R04491,N1804,N1904,1.174,Residential,1,30,Open,Low,Normal,0,1,0
R04492,N1763,N1863,1.172,Industrial,2,40,Open,Low,Normal,0,1,0
R04493,N1013,N0962,0.978,Emergency_Road,2,60,Open,Low,Normal,0,1,0
R04494,N0520,N0522,0.833,Emergency_Road,2,60,Open,Low,Normal,0,1,0
R04495,N0525,N0476,0.771,Secondary,2,50,Open,Low,Normal,0,1,0
R04496,N1687,N1636,0.52,Secondary,2,50,Open,Low,Normal,0,1,0
R04497,N1084,N1135,0.451,Service,1,20,Open,Low,Normal,0,1,0
R04498,N0541,N0641,0.713,Primary,2,60,Open,Low,Normal,0,1,0
R04499,N1658,N1609,0.863,Secondary,2,50,Open,Low,Normal,0,1,0
R04500,N1187,N1287,0.989,Residential,1,30,Open,Low,Normal,0,1,0
R04501,N0380,N0329,0.817,Motorway,3,80,Open,Low,Normal,0,1,0
R04502,N1286,N1235,0.356,Service,1,20,Open,Low,Normal,0,1,0
R04503,N1303,N1354,0.639,Service,1,20,Open,Low,Normal,0,1,0
R04504,N0823,N0874,0.971,Secondary,2,50,Open,Low,Normal,0,1,0
R04505,N1939,N1941,0.392,Primary,2,60,Open,Low,Normal,0,1,0
R04506,N0336,N0387,0.44,Tertiary,1,40,Open,Low,Normal,0,1,0
R04507,N0931,N0982,0.371,Service,1,20,Open,Low,Normal,0,1,0
R04508,N1900,N2000,0.878,Industrial,2,40,Open,Low,Normal,0,1,0
R04509,N0003,N0103,0.588,Motorway,3,80,Open,Low,Normal,0,1,0
R04510,N0189,N0240,0.823,Secondary,2,50,Open,Low,Normal,0,1,0
R04511,N0198,N0249,0.865,Residential,1,30,Open,Low,Normal,0,1,0
R04512,N0758,N0858,0.504,Emergency_Road,2,60,Open,Low,Normal,0,1,0
R04513,N1767,N1816,0.828,Primary,2,60,Open,Low,Normal,0,1,0
R04514,N0183,N0232,0.705,Tertiary,1,40,Open,Low,Normal,0,1,0
R04515,N0205,N0207,0.626,Tertiary,1,40,Open,Low,Normal,0,1,0
R04516,N0382,N0384,1.186,Secondary,2,50,Open,Low,Normal,0,1,0
R04517,N1080,N1180,1.106,Motorway,3,80,Open,Low,Normal,0,1,0
R04518,N1122,N1071,0.343,Emergency_Road,2,60,Open,Low,Normal,0,1,0
R04519,N1396,N1345,0.853,Residential,1,30,Open,Low,Normal,0,1,0
R04520,N1987,N1989,0.316,Service,1,20,Open,Low,Normal,0,1,0
R04521,N0881,N0832,0.989,Secondary,2,50,Open,Low,Normal,0,1,0
R04522,N0467,N0518,0.86,Emergency_Road,2,60,Open,Low,Normal,0,1,0
R04523,N0709,N0760,0.436,Service,1,20,Open,Low,Normal,0,1,0
R04524,N1410,N1361,0.437,Service,1,20,Open,Low,Normal,0,1,0
R04525,N0716,N0667,0.691,Tertiary,1,40,Open,Low,Normal,0,1,0
R04526,N1953,N1904,0.311,Tertiary,1,40,Open,Low,Normal,0,1,0
R04527,N1762,N1713,0.803,Primary,2,60,Open,Low,Normal,0,1,0
R04528,N0238,N0189,0.688,Service,1,20,Open,Low,Normal,0,1,0
R04529,N1993,N1942,0.408,Residential,1,30,Open,Low,Normal,0,1,0
R04530,N1883,N1932,0.695,Industrial,2,40,Open,Low,Normal,0,1,0
R04531,N0930,N0881,1.051,Tertiary,1,40,Open,Low,Normal,0,1,0
R04532,N0368,N0419,0.33,Service,1,20,Open,Low,Normal,0,1,0
R04533,N1567,N1618,0.434,Service,1,20,Open,Low,Normal,0,1,0
R04534,N1538,N1540,0.521,Primary,2,60,Open,Low,Normal,0,1,0
R04535,N0847,N0898,0.89,Emergency_Road,2,60,Open,Low,Normal,0,1,0
R04536,N0810,N0761,0.394,Primary,2,60,Open,Low,Normal,0,1,0
R04537,N1637,N1586,0.773,Residential,1,30,Open,Low,Normal,0,1,0
R04538,N0002,N0051,1.093,Tertiary,1,40,Open,Low,Normal,0,1,0
R04539,N1965,N1916,0.351,Primary,2,60,Open,Low,Normal,0,1,0
R04540,N1226,N1277,0.734,Tertiary,1,40,Open,Low,Normal,0,1,0
R04541,N0341,N0390,1.0,Primary,2,60,Open,Low,Normal,0,1,0
R04542,N0495,N0446,0.553,Residential,1,30,Open,Low,Normal,0,1,0
R04543,N0050,N0099,0.783,Service,1,20,Open,Low,Normal,0,1,0
R04544,N1559,N1561,0.324,Emergency_Road,2,60,Open,Low,Normal,0,1,0
R04545,N0558,N0507,0.677,Service,1,20,Open,Low,Normal,0,1,0
R04546,N1031,N0980,1.031,Secondary,2,50,Open,Low,Normal,0,1,0
R04547,N0124,N0073,0.866,Secondary,2,50,Open,Low,Normal,0,1,0
R04548,N0151,N0202,1.155,Industrial,2,40,Open,Low,Normal,0,1,0
R04549,N0607,N0558,1.125,Secondary,2,50,Open,Low,Normal,0,1,0
R04550,N0135,N0186,0.908,Service,1,20,Open,Low,Normal,0,1,0
R04551,N0194,N0243,0.839,Service,1,20,Open,Low,Normal,0,1,0
R04552,N0146,N0148,0.476,Tertiary,1,40,Open,Low,Normal,0,1,0
R04553,N1679,N1681,0.367,Residential,1,30,Open,Low,Normal,0,1,0
R04554,N1858,N1907,0.548,Motorway,3,80,Open,Low,Normal,0,1,0
R04555,N0343,N0394,0.864,Service,1,20,Open,Low,Normal,0,1,0
R04556,N0872,N0821,0.768,Emergency_Road,2,60,Open,Low,Normal,0,1,0
R04557,N1828,N1779,0.421,Motorway,3,80,Open,Low,Normal,0,1,0
R04558,N1635,N1735,1.109,Emergency_Road,2,60,Open,Low,Normal,0,1,0
R04559,N1093,N1142,1.037,Residential,1,30,Open,Low,Normal,0,1,0
R04560,N0557,N0608,0.824,Tertiary,1,40,Open,Low,Normal,0,1,0
R04561,N0402,N0351,0.762,Motorway,3,80,Open,Low,Normal,0,1,0
R04562,N0957,N0959,0.965,Motorway,3,80,Open,Low,Normal,0,1,0
R04563,N0484,N0435,0.516,Motorway,3,80,Open,Low,Normal,0,1,0
R04564,N1377,N1477,0.606,Emergency_Road,2,60,Open,Low,Normal,0,1,0
R04565,N0342,N0293,0.311,Motorway,3,80,Open,Low,Normal,0,1,0
R04566,N1460,N1462,0.874,Emergency_Road,2,60,Open,Low,Normal,0,1,0
R04567,N1356,N1307,0.714,Service,1,20,Open,Low,Normal,0,1,0
R04568,N1760,N1809,0.719,Residential,1,30,Open,Low,Normal,0,1,0
R04569,N1458,N1460,0.852,Service,1,20,Open,Low,Normal,0,1,0
R04570,N0600,N0549,0.792,Emergency_Road,2,60,Open,Low,Normal,0,1,0
R04571,N1664,N1764,0.612,Secondary,2,50,Open,Low,Normal,0,1,0
R04572,N1446,N1395,0.394,Emergency_Road,2,60,Open,Low,Normal,0,1,0
R04573,N1767,N1716,0.974,Emergency_Road,2,60,Open,Low,Normal,0,1,0
R04574,N0544,N0546,0.775,Industrial,2,40,Open,Low,Normal,0,1,0
R04575,N0287,N0338,1.126,Emergency_Road,2,60,Open,Low,Normal,0,1,0
R04576,N1534,N1485,0.615,Service,1,20,Open,Low,Normal,0,1,0
R04577,N0910,N1010,0.626,Tertiary,1,40,Open,Low,Normal,0,1,0
R04578,N1089,N1138,0.551,Industrial,2,40,Open,Low,Normal,0,1,0
R04579,N1180,N1131,1.044,Secondary,2,50,Open,Low,Normal,0,1,0
R04580,N0440,N0389,0.453,Primary,2,60,Open,Low,Normal,0,1,0
R04581,N1987,N1989,1.153,Emergency_Road,2,60,Open,Low,Normal,0,1,0
R04582,N0668,N0617,0.834,Motorway,3,80,Open,Low,Normal,0,1,0
R04583,N0106,N0055,1.045,Emergency_Road,2,60,Open,Low,Normal,0,1,0
R04584,N0863,N0963,0.768,Service,1,20,Open,Low,Normal,0,1,0
R04585,N0258,N0209,0.47,Service,1,20,Open,Low,Normal,0,1,0
R04586,N0877,N0879,0.664,Motorway,3,80,Open,Low,Normal,0,1,0
R04587,N0505,N0556,0.541,Industrial,2,40,Open,Low,Normal,0,1,0
R04588,N1642,N1691,0.734,Industrial,2,40,Open,Low,Normal,0,1,0
R04589,N0104,N0153,0.399,Motorway,3,80,Open,Low,Normal,0,1,0
R04590,N1113,N1115,0.933,Emergency_Road,2,60,Open,Low,Normal,0,1,0
R04591,N1168,N1268,0.712,Secondary,2,50,Open,Low,Normal,0,1,0
R04592,N1607,N1556,0.995,Primary,2,60,Open,Low,Normal,0,1,0
R04593,N1734,N1785,1.005,Residential,1,30,Open,Low,Normal,0,1,0
R04594,N0910,N0961,0.595,Emergency_Road,2,60,Open,Low,Normal,0,1,0
R04595,N1984,N1933,0.933,Industrial,2,40,Open,Low,Normal,0,1,0
R04596,N1169,N1118,0.343,Motorway,3,80,Open,Low,Normal,0,1,0
R04597,N0279,N0330,0.428,Residential,1,30,Open,Low,Normal,0,1,0
R04598,N0573,N0522,0.772,Residential,1,30,Open,Low,Normal,0,1,0
R04599,N1835,N1884,0.417,Service,1,20,Open,Low,Normal,0,1,0
R04600,N0620,N0622,0.792,Tertiary,1,40,Open,Low,Normal,0,1,0
R04601,N0071,N0120,0.49,Tertiary,1,40,Open,Low,Normal,0,1,0
R04602,N0347,N0398,0.628,Primary,2,60,Open,Low,Normal,0,1,0
R04603,N1077,N1177,0.747,Emergency_Road,2,60,Open,Low,Normal,0,1,0
R04604,N0562,N0613,1.028,Residential,1,30,Open,Low,Normal,0,1,0
R04605,N0108,N0159,0.812,Industrial,2,40,Open,Low,Normal,0,1,0
R04606,N0616,N0667,0.795,Secondary,2,50,Open,Low,Normal,0,1,0
R04607,N0600,N0649,1.133,Emergency_Road,2,60,Open,Low,Normal,0,1,0
R04608,N1731,N1682,0.638,Motorway,3,80,Open,Low,Normal,0,1,0
R04609,N1332,N1383,1.008,Emergency_Road,2,60,Open,Low,Normal,0,1,0
R04610,N1823,N1825,0.458,Motorway,3,80,Open,Low,Normal,0,1,0
R04611,N0875,N0975,0.576,Primary,2,60,Open,Low,Normal,0,1,0
R04612,N1745,N1794,0.503,Residential,1,30,Open,Low,Normal,0,1,0
R04613,N0297,N0246,0.987,Motorway,3,80,Open,Low,Normal,0,1,0
R04614,N1904,N1953,1.046,Residential,1,30,Open,Low,Normal,0,1,0
R04615,N1600,N1700,0.833,Tertiary,1,40,Open,Low,Normal,0,1,0
R04616,N0200,N0149,0.594,Tertiary,1,40,Open,Low,Normal,0,1,0
R04617,N0529,N0480,0.599,Emergency_Road,2,60,Open,Low,Normal,0,1,0
R04618,N0474,N0525,0.886,Industrial,2,40,Open,Low,Normal,0,1,0
R04619,N0436,N0385,0.322,Emergency_Road,2,60,Open,Low,Normal,0,1,0
R04620,N0074,N0123,0.554,Motorway,3,80,Open,Low,Normal,0,1,0
R04621,N1095,N1195,0.651,Residential,1,30,Open,Low,Normal,0,1,0
R04622,N0202,N0153,0.319,Residential,1,30,Open,Low,Normal,0,1,0
R04623,N1667,N1618,0.68,Motorway,3,80,Open,Low,Normal,0,1,0
R04624,N0770,N0821,0.332,Motorway,3,80,Open,Low,Normal,0,1,0
R04625,N1532,N1481,1.143,Secondary,2,50,Open,Low,Normal,0,1,0
R04626,N0802,N0753,0.34,Tertiary,1,40,Open,Low,Normal,0,1,0
R04627,N0507,N0456,1.039,Secondary,2,50,Open,Low,Normal,0,1,0
R04628,N0875,N0975,0.351,Primary,2,60,Open,Low,Normal,0,1,0
R04629,N0070,N0021,0.924,Tertiary,1,40,Open,Low,Normal,0,1,0
R04630,N1247,N1298,0.348,Emergency_Road,2,60,Open,Low,Normal,0,1,0
R04631,N1902,N1904,1.045,Industrial,2,40,Open,Low,Normal,0,1,0
R04632,N0165,N0116,1.061,Motorway,3,80,Open,Low,Normal,0,1,0
R04633,N0807,N0809,1.155,Industrial,2,40,Open,Low,Normal,0,1,0
R04634,N0462,N0411,0.896,Motorway,3,80,Open,Low,Normal,0,1,0
R04635,N0618,N0569,0.377,Service,1,20,Open,Low,Normal,0,1,0
R04636,N1567,N1616,0.78,Residential,1,30,Open,Low,Normal,0,1,0
R04637,N1455,N1457,1.095,Motorway,3,80,Open,Low,Normal,0,1,0
R04638,N1988,N1990,0.929,Service,1,20,Open,Low,Normal,0,1,0
R04639,N0691,N0642,0.503,Industrial,2,40,Open,Low,Normal,0,1,0
R04640,N1055,N1106,0.341,Tertiary,1,40,Open,Low,Normal,0,1,0
R04641,N1682,N1731,0.456,Primary,2,60,Open,Low,Normal,0,1,0
R04642,N0427,N0527,0.491,Secondary,2,50,Open,Low,Normal,0,1,0
R04643,N1911,N1913,0.509,Industrial,2,40,Open,Low,Normal,0,1,0
R04644,N0643,N0692,0.677,Service,1,20,Open,Low,Normal,0,1,0
R04645,N1535,N1635,0.427,Emergency_Road,2,60,Open,Low,Normal,0,1,0
R04646,N0782,N0831,0.615,Primary,2,60,Open,Low,Normal,0,1,0
R04647,N0282,N0331,1.07,Motorway,3,80,Open,Low,Normal,0,1,0
R04648,N0724,N0773,0.685,Emergency_Road,2,60,Open,Low,Normal,0,1,0
R04649,N1831,N1782,0.898,Emergency_Road,2,60,Open,Low,Normal,0,1,0
R04650,N1989,N1938,0.746,Emergency_Road,2,60,Open,Low,Normal,0,1,0
R04651,N1367,N1467,0.43,Tertiary,1,40,Open,Low,Normal,0,1,0
R04652,N1549,N1598,0.904,Primary,2,60,Open,Low,Normal,0,1,0
R04653,N0860,N0960,0.771,Service,1,20,Open,Low,Normal,0,1,0
R04654,N0824,N0773,0.501,Residential,1,30,Open,Low,Normal,0,1,0
R04655,N1061,N1112,0.778,Tertiary,1,40,Open,Low,Normal,0,1,0
R04656,N0828,N0779,1.197,Primary,2,60,Open,Low,Normal,0,1,0
R04657,N1682,N1731,0.885,Emergency_Road,2,60,Open,Low,Normal,0,1,0
R04658,N1322,N1324,1.199,Motorway,3,80,Open,Low,Normal,0,1,0
R04659,N1464,N1564,1.184,Emergency_Road,2,60,Open,Low,Normal,0,1,0
R04660,N1055,N1004,0.814,Motorway,3,80,Open,Low,Normal,0,1,0
R04661,N0325,N0425,0.818,Secondary,2,50,Open,Low,Normal,0,1,0
R04662,N1840,N1891,0.595,Industrial,2,40,Open,Low,Normal,0,1,0
R04663,N0937,N0988,1.181,Service,1,20,Open,Low,Normal,0,1,0
R04664,N1347,N1398,1.102,Residential,1,30,Open,Low,Normal,0,1,0
R04665,N0746,N0795,0.703,Tertiary,1,40,Open,Low,Normal,0,1,0
R04666,N1166,N1217,1.186,Motorway,3,80,Open,Low,Normal,0,1,0
R04667,N0371,N0373,0.8,Emergency_Road,2,60,Open,Low,Normal,0,1,0
R04668,N0111,N0160,0.606,Residential,1,30,Open,Low,Normal,0,1,0
R04669,N1221,N1223,0.358,Emergency_Road,2,60,Open,Low,Normal,0,1,0
R04670,N1035,N0984,0.859,Secondary,2,50,Open,Low,Normal,0,1,0
R04671,N0660,N0611,0.997,Motorway,3,80,Open,Low,Normal,0,1,0
R04672,N1259,N1310,0.515,Tertiary,1,40,Open,Low,Normal,0,1,0
R04673,N1449,N1549,0.54,Service,1,20,Open,Low,Normal,0,1,0
R04674,N1514,N1563,1.109,Emergency_Road,2,60,Open,Low,Normal,0,1,0
R04675,N1892,N1992,1.005,Residential,1,30,Open,Low,Normal,0,1,0
R04676,N0904,N0953,0.461,Secondary,2,50,Open,Low,Normal,0,1,0
R04677,N0669,N0769,1.157,Residential,1,30,Open,Low,Normal,0,1,0
R04678,N1711,N1760,0.302,Service,1,20,Open,Low,Normal,0,1,0
R04679,N1270,N1272,0.598,Service,1,20,Open,Low,Normal,0,1,0
R04680,N1421,N1521,1.095,Secondary,2,50,Open,Low,Normal,0,1,0
R04681,N1040,N1140,0.555,Motorway,3,80,Open,Low,Normal,0,1,0
R04682,N1470,N1472,1.183,Tertiary,1,40,Open,Low,Normal,0,1,0
R04683,N0342,N0391,0.906,Secondary,2,50,Open,Low,Normal,0,1,0
R04684,N0568,N0517,1.193,Secondary,2,50,Open,Low,Normal,0,1,0
R04685,N0713,N0813,0.621,Primary,2,60,Open,Low,Normal,0,1,0
R04686,N1551,N1651,0.943,Primary,2,60,Open,Low,Normal,0,1,0
R04687,N1378,N1427,0.584,Primary,2,60,Open,Low,Normal,0,1,0
R04688,N1854,N1805,0.937,Motorway,3,80,Open,Low,Normal,0,1,0
R04689,N0655,N0704,0.448,Industrial,2,40,Open,Low,Normal,0,1,0
R04690,N1989,N1938,1.19,Tertiary,1,40,Open,Low,Normal,0,1,0
R04691,N0978,N0929,0.601,Industrial,2,40,Open,Low,Normal,0,1,0
R04692,N0636,N0687,0.63,Secondary,2,50,Open,Low,Normal,0,1,0
R04693,N1286,N1386,1.023,Emergency_Road,2,60,Open,Low,Normal,0,1,0
R04694,N0541,N0492,0.535,Motorway,3,80,Open,Low,Normal,0,1,0
R04695,N0539,N0639,0.95,Motorway,3,80,Open,Low,Normal,0,1,0
R04696,N0793,N0842,0.847,Industrial,2,40,Open,Low,Normal,0,1,0
R04697,N0255,N0257,1.035,Motorway,3,80,Open,Low,Normal,0,1,0
R04698,N1993,N1942,0.429,Industrial,2,40,Open,Low,Normal,0,1,0
R04699,N0594,N0543,1.152,Primary,2,60,Open,Low,Normal,0,1,0
R04700,N0003,N0005,1.189,Motorway,3,80,Open,Low,Normal,0,1,0
R04701,N0948,N0999,0.343,Secondary,2,50,Open,Low,Normal,0,1,0
R04702,N1591,N1642,0.33,Secondary,2,50,Open,Low,Normal,0,1,0
R04703,N1597,N1648,0.557,Tertiary,1,40,Open,Low,Normal,0,1,0
R04704,N0278,N0378,0.311,Primary,2,60,Open,Low,Normal,0,1,0
R04705,N1829,N1778,0.868,Emergency_Road,2,60,Open,Low,Normal,0,1,0
R04706,N1279,N1330,1.118,Residential,1,30,Open,Low,Normal,0,1,0
R04707,N1554,N1603,0.788,Service,1,20,Open,Low,Normal,0,1,0
R04708,N1657,N1608,0.651,Service,1,20,Open,Low,Normal,0,1,0
R04709,N1354,N1454,1.017,Industrial,2,40,Open,Low,Normal,0,1,0
R04710,N1947,N1949,0.656,Secondary,2,50,Open,Low,Normal,0,1,0
R04711,N1488,N1588,0.444,Residential,1,30,Open,Low,Normal,0,1,0
R04712,N1667,N1718,1.046,Primary,2,60,Open,Low,Normal,0,1,0
R04713,N1699,N1650,0.335,Primary,2,60,Open,Low,Normal,0,1,0
R04714,N1413,N1462,0.893,Emergency_Road,2,60,Open,Low,Normal,0,1,0
R04715,N0396,N0447,0.965,Secondary,2,50,Open,Low,Normal,0,1,0
R04716,N1194,N1143,0.694,Primary,2,60,Open,Low,Normal,0,1,0
R04717,N1371,N1471,0.876,Primary,2,60,Open,Low,Normal,0,1,0
R04718,N0180,N0231,0.711,Primary,2,60,Open,Low,Normal,0,1,0
R04719,N1872,N1874,0.593,Emergency_Road,2,60,Open,Low,Normal,0,1,0
R04720,N1090,N1141,0.973,Motorway,3,80,Open,Low,Normal,0,1,0
R04721,N0270,N0221,0.307,Motorway,3,80,Open,Low,Normal,0,1,0
R04722,N1499,N1548,0.358,Secondary,2,50,Open,Low,Normal,0,1,0
R04723,N1904,N1953,0.775,Service,1,20,Open,Low,Normal,0,1,0
R04724,N1531,N1631,0.332,Tertiary,1,40,Open,Low,Normal,0,1,0
R04725,N1150,N1099,0.925,Residential,1,30,Open,Low,Normal,0,1,0
R04726,N0896,N0898,0.899,Service,1,20,Open,Low,Normal,0,1,0
R04727,N0211,N0262,0.481,Tertiary,1,40,Open,Low,Normal,0,1,0
R04728,N0499,N0599,0.843,Industrial,2,40,Open,Low,Normal,0,1,0
R04729,N1613,N1713,0.384,Motorway,3,80,Open,Low,Normal,0,1,0
R04730,N0355,N0406,0.949,Emergency_Road,2,60,Open,Low,Normal,0,1,0
R04731,N1496,N1596,0.494,Primary,2,60,Open,Low,Normal,0,1,0
R04732,N1666,N1715,0.628,Primary,2,60,Open,Low,Normal,0,1,0
R04733,N0494,N0443,0.746,Tertiary,1,40,Open,Low,Normal,0,1,0
R04734,N0246,N0195,0.489,Tertiary,1,40,Open,Low,Normal,0,1,0
R04735,N0948,N0950,0.874,Primary,2,60,Open,Low,Normal,0,1,0
R04736,N0179,N0130,0.761,Motorway,3,80,Open,Low,Normal,0,1,0
R04737,N1023,N1074,0.314,Secondary,2,50,Open,Low,Normal,0,1,0
R04738,N0981,N1032,1.173,Residential,1,30,Open,Low,Normal,0,1,0
R04739,N0189,N0289,0.704,Motorway,3,80,Open,Low,Normal,0,1,0
R04740,N1977,N1979,1.135,Secondary,2,50,Open,Low,Normal,0,1,0
R04741,N0304,N0353,1.004,Residential,1,30,Open,Low,Normal,0,1,0
R04742,N0193,N0242,0.399,Industrial,2,40,Open,Low,Normal,0,1,0
R04743,N1873,N1973,0.945,Primary,2,60,Open,Low,Normal,0,1,0
R04744,N0457,N0506,1.198,Emergency_Road,2,60,Open,Low,Normal,0,1,0
R04745,N0975,N1024,0.939,Residential,1,30,Open,Low,Normal,0,1,0
R04746,N1572,N1521,1.006,Emergency_Road,2,60,Open,Low,Normal,0,1,0
R04747,N1430,N1530,0.911,Tertiary,1,40,Open,Low,Normal,0,1,0
R04748,N0016,N0018,0.64,Motorway,3,80,Open,Low,Normal,0,1,0
R04749,N1508,N1559,0.458,Service,1,20,Open,Low,Normal,0,1,0
R04750,N1972,N1923,0.351,Residential,1,30,Open,Low,Normal,0,1,0
R04751,N0947,N0998,0.355,Primary,2,60,Open,Low,Normal,0,1,0
R04752,N1183,N1232,0.792,Primary,2,60,Open,Low,Normal,0,1,0
R04753,N1471,N1422,0.564,Industrial,2,40,Open,Low,Normal,0,1,0
R04754,N0692,N0741,0.983,Service,1,20,Open,Low,Normal,0,1,0
R04755,N1058,N1060,0.38,Primary,2,60,Open,Low,Normal,0,1,0
R04756,N0320,N0269,0.878,Tertiary,1,40,Open,Low,Normal,0,1,0
R04757,N1556,N1505,1.079,Service,1,20,Open,Low,Normal,0,1,0
R04758,N1185,N1234,0.529,Motorway,3,80,Open,Low,Normal,0,1,0
R04759,N1727,N1678,1.159,Tertiary,1,40,Open,Low,Normal,0,1,0
R04760,N0228,N0230,0.919,Primary,2,60,Open,Low,Normal,0,1,0
R04761,N0214,N0265,0.779,Service,1,20,Open,Low,Normal,0,1,0
R04762,N0870,N0970,0.74,Emergency_Road,2,60,Open,Low,Normal,0,1,0
R04763,N1459,N1510,0.75,Motorway,3,80,Open,Low,Normal,0,1,0
R04764,N1782,N1784,1.135,Residential,1,30,Open,Low,Normal,0,1,0
R04765,N1378,N1329,0.637,Service,1,20,Open,Low,Normal,0,1,0
R04766,N1481,N1532,0.41,Service,1,20,Open,Low,Normal,0,1,0
R04767,N0985,N1034,1.189,Industrial,2,40,Open,Low,Normal,0,1,0
R04768,N0325,N0425,0.322,Secondary,2,50,Open,Low,Normal,0,1,0
R04769,N0699,N0750,0.562,Primary,2,60,Open,Low,Normal,0,1,0
R04770,N1296,N1245,0.441,Tertiary,1,40,Open,Low,Normal,0,1,0
R04771,N1483,N1583,0.881,Service,1,20,Open,Low,Normal,0,1,0
R04772,N1065,N1116,0.597,Service,1,20,Open,Low,Normal,0,1,0
R04773,N1826,N1875,0.399,Residential,1,30,Open,Low,Normal,0,1,0
R04774,N0954,N0905,1.052,Secondary,2,50,Open,Low,Normal,0,1,0
R04775,N0575,N0577,0.65,Industrial,2,40,Open,Low,Normal,0,1,0
R04776,N0936,N1036,0.598,Emergency_Road,2,60,Open,Low,Normal,0,1,0
R04777,N0841,N0843,0.767,Residential,1,30,Open,Low,Normal,0,1,0
R04778,N0920,N0971,0.465,Secondary,2,50,Open,Low,Normal,0,1,0
R04779,N1483,N1434,1.12,Emergency_Road,2,60,Open,Low,Normal,0,1,0
R04780,N1951,N1953,0.945,Service,1,20,Open,Low,Normal,0,1,0
R04781,N0992,N0994,1.096,Tertiary,1,40,Open,Low,Normal,0,1,0
R04782,N0415,N0466,0.984,Secondary,2,50,Open,Low,Normal,0,1,0
R04783,N1133,N1135,0.361,Primary,2,60,Open,Low,Normal,0,1,0
R04784,N0601,N0603,1.006,Industrial,2,40,Open,Low,Normal,0,1,0
R04785,N1957,N1906,0.602,Residential,1,30,Open,Low,Normal,0,1,0
R04786,N0445,N0447,0.575,Primary,2,60,Open,Low,Normal,0,1,0
R04787,N1185,N1236,0.668,Tertiary,1,40,Open,Low,Normal,0,1,0
R04788,N1317,N1417,1.1,Motorway,3,80,Open,Low,Normal,0,1,0
R04789,N1203,N1252,0.519,Emergency_Road,2,60,Open,Low,Normal,0,1,0
R04790,N0786,N0788,0.814,Residential,1,30,Open,Low,Normal,0,1,0
R04791,N0680,N0631,0.341,Emergency_Road,2,60,Open,Low,Normal,0,1,0
R04792,N1887,N1936,0.944,Industrial,2,40,Open,Low,Normal,0,1,0
R04793,N0163,N0214,0.594,Emergency_Road,2,60,Open,Low,Normal,0,1,0
R04794,N0259,N0208,0.833,Secondary,2,50,Open,Low,Normal,0,1,0
R04795,N0188,N0139,0.494,Industrial,2,40,Open,Low,Normal,0,1,0
R04796,N0969,N0971,0.746,Service,1,20,Open,Low,Normal,0,1,0
R04797,N1873,N1924,0.695,Secondary,2,50,Open,Low,Normal,0,1,0
R04798,N0991,N0942,1.128,Primary,2,60,Open,Low,Normal,0,1,0
R04799,N0914,N0963,0.855,Secondary,2,50,Open,Low,Normal,0,1,0
R04800,N1251,N1351,0.668,Emergency_Road,2,60,Open,Low,Normal,0,1,0
R04801,N1008,N1059,0.394,Secondary,2,50,Open,Low,Normal,0,1,0
R04802,N0021,N0072,0.787,Motorway,3,80,Open,Low,Normal,0,1,0
R04803,N1625,N1576,0.505,Service,1,20,Open,Low,Normal,0,1,0
R04804,N1214,N1265,1.122,Service,1,20,Open,Low,Normal,0,1,0
R04805,N1472,N1423,0.44,Primary,2,60,Open,Low,Normal,0,1,0
R04806,N0346,N0297,0.462,Primary,2,60,Open,Low,Normal,0,1,0
R04807,N0893,N0942,0.685,Service,1,20,Open,Low,Normal,0,1,0
R04808,N0356,N0305,0.997,Residential,1,30,Open,Low,Normal,0,1,0
R04809,N1558,N1509,0.34,Secondary,2,50,Open,Low,Normal,0,1,0
R04810,N0189,N0140,1.172,Residential,1,30,Open,Low,Normal,0,1,0
