incident_id,incident_node,incident_type,chemical,severity,weather_condition,release_amount_kg,estimated_duration_min,blocked_roads,evacuation_priority,wind_direction,required_action
INC00001,N1852,Storage Tank Leak,Nitrogen Dioxide,High,Calm,253.5,93,R01546;R04128,1,South,Shelter
INC00002,N1474,Pipeline Leak,Hydrogen Sulfide,Moderate,Moderate Wind,287.5,40,R00952,3,Northeast,Emergency_Response
INC00003,N0996,Pipeline Leak,Hydrogen Sulfide,High,Moderate Wind,318.6,73,R02937,1,Northwest,Road_Closure
INC00004,N1087,Storage Tank Leak,Hydrogen Sulfide,Critical,Calm,469.7,27,R02868,3,Northwest,Emergency_Response
INC00005,N1898,Chemical Leak,Ammonia,High,Light Wind,389.5,112,R04706,1,South,Shelter
INC00006,N1297,Explosion,None,Moderate,Calm,209.8,97,R02667,5,Northwest,Emergency_Response
INC00007,N1460,Storage Tank Leak,Sulfur Dioxide,Critical,Calm,382.2,57,R01596;R02007;R00660,1,Northeast,Road_Closure
INC00008,N1632,Fire,None,High,Calm,336.5,80,R02049,4,West,Emergency_Response
INC00009,N0384,Industrial Fire,None,Moderate,Strong Wind,138.7,16,R04228,4,North,Road_Closure
INC00010,N1049,Storage Tank Leak,Sulfur Dioxide,Low,Light Wind,376.8,8,R02215;R02543,4,North,Medical_Response
INC00011,N0416,Fire,None,Moderate,Calm,472.4,32,R02366;R01674,4,East,Medical_Response
INC00012,N1941,Pipeline Leak,Hydrogen Sulfide,Moderate,Strong Wind,324.6,72,R04727,1,West,Evacuate
INC00013,N0787,Chemical Leak,Chlorine,Critical,Light Wind,420.8,58,R00753;R00117;R01559;R01165,3,East,Road_Closure
INC00014,N1766,Pipeline Leak,Chlorine,Moderate,Light Wind,116.9,104,R04293;R01618;R00086,4,South,Medical_Response
INC00015,N1331,Vehicle Chemical Spill,Chlorine,High,Light Wind,494.5,20,R04505;R01829,3,South,Medical_Response
INC00016,N1310,Chemical Leak,Chlorine,Critical,Moderate Wind,8.4,76,R00795;R01293;R01788,3,Northwest,Reroute
INC00017,N1148,Vehicle Chemical Spill,Sulfur Dioxide,Critical,Moderate Wind,433.4,109,R01176,4,North,Reroute
INC00018,N1466,Industrial Fire,None,Critical,Light Wind,45.5,108,R01569,2,East,Evacuate
INC00019,N0588,Vehicle Chemical Spill,Chlorine,Critical,Calm,49.7,35,R02276;R01436;R02184;R03109,3,Southwest,Reroute
INC00020,N0459,Toxic Gas Release,Ammonia,High,Calm,78.2,86,R02161;R00283;R02001,3,West,Evacuate
INC00021,N0619,Toxic Gas Release,Chlorine,Critical,Light Wind,69.1,81,R02988,2,Northwest,Evacuate
INC00022,N1361,Vehicle Chemical Spill,Chlorine,High,Moderate Wind,383.5,34,R03581;R00907,3,Northwest,Medical_Response
INC00023,N0223,Chemical Leak,Ammonia,High,Strong Wind,58.7,46,R00575;R00171,1,Southwest,Reroute
INC00024,N0094,Vehicle Chemical Spill,Ammonia,Critical,Strong Wind,480.4,4,R03247;R04755,4,West,Reroute
INC00025,N0843,Industrial Fire,None,High,Light Wind,332.6,111,R01284;R00913,2,North,Shelter
INC00026,N1132,Vehicle Chemical Spill,Hydrogen Sulfide,High,Light Wind,297.9,19,R01333;R00566;R02900;R00014,1,Northeast,Shelter
INC00027,N1135,Pipeline Leak,Chlorine,Critical,Moderate Wind,80.3,108,R03084,1,Northwest,Medical_Response
INC00028,N1134,Explosion,None,High,Moderate Wind,227.6,65,R02581,3,South,Shelter
INC00029,N0305,Storage Tank Leak,Ammonia,High,Light Wind,378.2,46,R02888;R04591;R03547;R02732,1,West,Emergency_Response
INC00030,N0903,Chemical Leak,Ammonia,Moderate,Calm,491.5,54,R02375;R02982;R00651;R00865,5,Southeast,Emergency_Response
INC00031,N1056,Toxic Gas Release,Chlorine,Low,Moderate Wind,470.0,9,R03504;R01373,3,North,Reroute
INC00032,N0055,Fire,None,High,Calm,10.2,26,R02823;R01157;R04253,4,South,Shelter
INC00033,N1761,Fire,None,Moderate,Strong Wind,334.0,9,R01774,1,South,Reroute
INC00034,N0098,Industrial Fire,None,Low,Calm,290.9,66,R00284;R02117;R02189,3,South,Reroute
INC00035,N0687,Fire,None,Critical,Light Wind,444.5,37,R02666;R04442,2,Northeast,Reroute
INC00036,N1933,Chemical Leak,Nitrogen Dioxide,Moderate,Moderate Wind,445.5,11,R03316,1,Southeast,Medical_Response
INC00037,N1211,Industrial Fire,None,High,Calm,22.7,91,R02835,2,Southeast,Shelter
INC00038,N1714,Industrial Fire,None,Moderate,Light Wind,23.1,28,R03906,5,West,Shelter
INC00039,N1199,Pipeline Leak,Ammonia,Low,Calm,125.2,43,R02447;R00069;R04169,5,West,Evacuate
INC00040,N0104,Vehicle Chemical Spill,Chlorine,Moderate,Light Wind,177.2,19,R03117,3,North,Medical_Response
INC00041,N1496,Toxic Gas Release,Hydrogen Sulfide,Low,Calm,270.5,105,R02647,4,Southwest,Medical_Response
INC00042,N0281,Toxic Gas Release,Ammonia,High,Light Wind,427.7,114,R00446;R02059;R04184;R03753,2,West,Medical_Response
INC00043,N0212,Vehicle Chemical Spill,Ammonia,Critical,Light Wind,249.9,112,R04725;R04541;R02196,5,West,Road_Closure
INC00044,N0591,Explosion,None,Moderate,Calm,485.0,96,R02496,3,East,Medical_Response
INC00045,N0741,Fire,None,High,Strong Wind,355.6,105,R01445,1,West,Medical_Response
INC00046,N1910,Toxic Gas Release,Chlorine,Moderate,Calm,195.0,93,R03495,3,Southwest,Shelter
INC00047,N0505,Industrial Fire,None,High,Light Wind,28.9,45,R03594;R02272;R03543,2,Northwest,Medical_Response
INC00048,N1297,Industrial Fire,None,Low,Calm,257.7,51,R03163;R04790;R01697;R04136,5,West,Evacuate
INC00049,N0415,Chemical Leak,Hydrogen Sulfide,Moderate,Strong Wind,149.3,1,R03096;R01597;R00664;R04579,2,West,Reroute
INC00050,N1679,Explosion,None,High,Light Wind,321.2,78,R00582;R04041,3,Southwest,Reroute
INC00051,N0831,Toxic Gas Release,Ammonia,High,Light Wind,436.8,9,R00049,3,Northwest,Reroute
INC00052,N0972,Chemical Leak,Hydrogen Sulfide,Low,Light Wind,220.3,29,R03660;R03754,5,West,Reroute
INC00053,N0309,Toxic Gas Release,Chlorine,High,Calm,43.6,2,R03201;R03486;R04258,1,South,Road_Closure
INC00054,N1079,Explosion,None,High,Light Wind,181.6,45,R04613;R04240;R00663,4,North,Emergency_Response
INC00055,N1010,Pipeline Leak,Chlorine,Low,Light Wind,470.9,3,R03090;R01349;R04215;R02960,4,Southeast,Medical_Response
INC00056,N0279,Toxic Gas Release,Sulfur Dioxide,Critical,Strong Wind,473.7,107,R03355,1,Southwest,Shelter
INC00057,N1097,Toxic Gas Release,Nitrogen Dioxide,High,Calm,190.0,87,R00945;R01684,1,Southwest,Emergency_Response
INC00058,N1452,Pipeline Leak,Hydrogen Sulfide,Low,Calm,211.8,5,R04018;R01346;R01009;R04023,3,Northeast,Shelter
INC00059,N0342,Storage Tank Leak,Ammonia,High,Calm,130.8,27,R01887,1,Northeast,Reroute
INC00060,N0619,Toxic Gas Release,Nitrogen Dioxide,Critical,Moderate Wind,18.9,86,R03741;R03496;R00820,2,Northeast,Emergency_Response
INC00061,N1534,Chemical Leak,Chlorine,Moderate,Moderate Wind,271.4,82,R00325;R02610,3,South,Shelter
INC00062,N0942,Explosion,None,High,Strong Wind,384.2,101,R02800;R02511,2,North,Shelter
INC00063,N1010,Vehicle Chemical Spill,Hydrogen Sulfide,Moderate,Moderate Wind,324.2,117,R01863,2,West,Medical_Response
INC00064,N1408,Explosion,None,Critical,Strong Wind,392.5,32,R02267,2,North,Evacuate
INC00065,N0302,Storage Tank Leak,Hydrogen Sulfide,High,Light Wind,44.6,36,R03260,3,Northeast,Road_Closure
INC00066,N1294,Storage Tank Leak,Sulfur Dioxide,Low,Moderate Wind,103.0,38,R00769;R02454,5,Northwest,Shelter
INC00067,N0057,Toxic Gas Release,Ammonia,Moderate,Strong Wind,58.2,45,R04405,2,West,Road_Closure
INC00068,N0703,Explosion,None,Moderate,Strong Wind,461.9,8,R01439;R00297;R03858;R03249;R00203,2,Southwest,Shelter
INC00069,N0886,Explosion,None,High,Moderate Wind,197.6,11,R04078;R04518;R00360;R03811;R03829,2,West,Road_Closure
INC00070,N0372,Chemical Leak,Hydrogen Sulfide,Moderate,Light Wind,466.5,108,R04197,4,North,Shelter
INC00071,N1799,Chemical Leak,Nitrogen Dioxide,Critical,Light Wind,392.7,87,R02189;R04122;R04412;R01900;R01671,1,Northeast,Medical_Response
INC00072,N0652,Storage Tank Leak,Chlorine,Critical,Calm,180.9,41,R04697,2,North,Road_Closure
INC00073,N0787,Storage Tank Leak,Nitrogen Dioxide,Moderate,Moderate Wind,10.9,62,R03735;R04808;R04209,1,West,Road_Closure
INC00074,N0204,Fire,None,Low,Calm,96.3,47,R00022,1,Northwest,Emergency_Response
INC00075,N0281,Chemical Leak,Sulfur Dioxide,High,Moderate Wind,65.7,47,R02688,5,East,Reroute
INC00076,N0963,Pipeline Leak,Ammonia,Low,Moderate Wind,201.7,106,R03291,1,North,Medical_Response
INC00077,N0867,Explosion,None,Critical,Calm,419.8,105,R03462;R03403,1,Northwest,Emergency_Response
INC00078,N1161,Pipeline Leak,Sulfur Dioxide,High,Light Wind,382.6,95,R02801,3,Northwest,Emergency_Response
INC00079,N1527,Industrial Fire,None,Moderate,Moderate Wind,304.2,100,R00376,2,South,Shelter
INC00080,N1035,Chemical Leak,Chlorine,High,Strong Wind,320.8,91,R04554;R02023;R00600,1,South,Emergency_Response
INC00081,N0157,Pipeline Leak,Hydrogen Sulfide,Low,Moderate Wind,94.6,118,R03301;R00381,4,Southeast,Shelter
INC00082,N0162,Chemical Leak,Sulfur Dioxide,High,Moderate Wind,67.4,98,R04389,5,South,Medical_Response
INC00083,N0390,Toxic Gas Release,Chlorine,Critical,Moderate Wind,471.9,74,R01228;R01403,3,South,Medical_Response
INC00084,N0807,Industrial Fire,None,Critical,Light Wind,258.6,73,R03086;R01273;R00834,5,Southeast,Shelter
INC00085,N0631,Industrial Fire,None,Moderate,Moderate Wind,186.3,21,R03642,3,Southwest,Medical_Response
INC00086,N0614,Fire,None,High,Light Wind,470.3,29,R02392;R00554,4,East,Shelter
INC00087,N1397,Storage Tank Leak,Hydrogen Sulfide,High,Strong Wind,206.1,98,R02997,5,Northwest,Road_Closure
INC00088,N1700,Industrial Fire,None,High,Strong Wind,66.3,108,R02925;R01056,1,Northeast,Evacuate
INC00089,N0572,Pipeline Leak,Hydrogen Sulfide,Moderate,Calm,362.2,21,R02520;R01229,2,East,Shelter
INC00090,N0460,Toxic Gas Release,Sulfur Dioxide,Moderate,Calm,148.2,77,R00264;R02601,3,West,Medical_Response
INC00091,N1710,Pipeline Leak,Nitrogen Dioxide,Critical,Light Wind,350.3,68,R00025,1,Northeast,Emergency_Response
INC00092,N1005,Pipeline Leak,Nitrogen Dioxide,High,Strong Wind,473.1,45,R03643;R04185,1,Southwest,Reroute
INC00093,N0964,Fire,None,Low,Light Wind,21.9,7,R01866;R01077;R03712;R02231;R04417,5,Northeast,Medical_Response
INC00094,N0161,Toxic Gas Release,Nitrogen Dioxide,High,Moderate Wind,281.4,83,R04522,5,Southwest,Emergency_Response
INC00095,N0912,Toxic Gas Release,Ammonia,Critical,Light Wind,461.2,56,R04093;R03242;R00724;R03059;R02386,5,South,Emergency_Response
INC00096,N1377,Fire,None,High,Strong Wind,130.3,94,R03751;R03165,3,Southwest,Shelter
INC00097,N0765,Storage Tank Leak,Chlorine,Critical,Strong Wind,350.5,65,R00187,5,North,Emergency_Response
INC00098,N1081,Chemical Leak,Nitrogen Dioxide,High,Strong Wind,124.4,113,R02065,2,Southwest,Emergency_Response
INC00099,N1770,Fire,None,Low,Moderate Wind,438.3,12,R03283,2,South,Evacuate
INC00100,N0291,Storage Tank Leak,Nitrogen Dioxide,High,Moderate Wind,353.1,81,R04494,3,Northwest,Medical_Response
INC00101,N0329,Chemical Leak,Hydrogen Sulfide,Critical,Strong Wind,125.5,61,R03540,4,South,Emergency_Response
INC00102,N1022,Industrial Fire,None,Moderate,Calm,476.2,85,R02687;R03700;R03132;R01358;R03558,1,South,Emergency_Response
INC00103,N1466,Fire,None,Moderate,Moderate Wind,289.4,14,R02622;R03434,2,Southwest,Road_Closure
INC00104,N1439,Explosion,None,Low,Moderate Wind,24.2,77,R00659;R02165;R03797;R04430;R03145,2,West,Medical_Response
INC00105,N1758,Pipeline Leak,Chlorine,High,Light Wind,382.8,117,R01756;R01085;R00576;R02866;R00133,1,South,Evacuate
INC00106,N0832,Vehicle Chemical Spill,Hydrogen Sulfide,Low,Moderate Wind,345.3,45,R04562;R03474;R04657;R01970,2,Northwest,Reroute
INC00107,N0030,Toxic Gas Release,Chlorine,High,Strong Wind,430.0,75,R03293,2,Southwest,Emergency_Response
INC00108,N1129,Pipeline Leak,Hydrogen Sulfide,High,Calm,333.8,5,R01385;R01977,3,West,Medical_Response
INC00109,N0928,Pipeline Leak,Chlorine,Moderate,Moderate Wind,284.8,108,R00095,1,North,Reroute
INC00110,N0141,Explosion,None,Moderate,Light Wind,274.6,57,R01306,1,East,Evacuate
INC00111,N0972,Toxic Gas Release,Nitrogen Dioxide,Critical,Light Wind,156.1,60,R03481;R03503;R03442,5,Southeast,Emergency_Response
INC00112,N0666,Pipeline Leak,Sulfur Dioxide,Critical,Calm,6.7,32,R02832;R02556;R03877,2,East,Reroute
INC00113,N0109,Chemical Leak,Ammonia,High,Calm,194.6,54,R00014;R03668,3,East,Evacuate
INC00114,N1462,Storage Tank Leak,Chlorine,Moderate,Strong Wind,105.1,70,R01078,4,Southwest,Road_Closure
INC00115,N0063,Chemical Leak,Ammonia,High,Moderate Wind,296.3,90,R00264,3,Southeast,Evacuate
INC00116,N0489,Chemical Leak,Sulfur Dioxide,High,Calm,103.6,17,R04771,2,North,Evacuate
INC00117,N0753,Fire,None,Critical,Strong Wind,148.8,16,R04079;R01286,2,Southeast,Emergency_Response
INC00118,N0732,Chemical Leak,Ammonia,Critical,Calm,285.9,49,R01189;R01859;R01438,4,West,Medical_Response
INC00119,N0109,Vehicle Chemical Spill,Hydrogen Sulfide,Critical,Calm,70.9,70,R02525;R01710,4,Southwest,Evacuate
INC00120,N1856,Explosion,None,High,Moderate Wind,177.9,25,R00831;R00807,2,East,Evacuate
INC00121,N1766,Vehicle Chemical Spill,Sulfur Dioxide,Moderate,Strong Wind,212.1,73,R01264,2,Southwest,Road_Closure
INC00122,N0172,Vehicle Chemical Spill,Sulfur Dioxide,Moderate,Strong Wind,179.4,116,R03878,4,Southeast,Reroute
INC00123,N0697,Pipeline Leak,Nitrogen Dioxide,Critical,Moderate Wind,135.1,95,R00458;R03735;R04404;R02294,1,North,Medical_Response
INC00124,N1066,Toxic Gas Release,Hydrogen Sulfide,High,Strong Wind,441.5,16,R04635;R02640,4,South,Emergency_Response
INC00125,N1255,Fire,None,High,Moderate Wind,251.3,117,R02375,3,East,Reroute
INC00126,N0226,Storage Tank Leak,Ammonia,Low,Strong Wind,91.1,42,R01365,1,Northwest,Medical_Response
INC00127,N1115,Industrial Fire,None,Critical,Moderate Wind,276.5,119,R04005,2,Northwest,Medical_Response
INC00128,N0891,Storage Tank Leak,Nitrogen Dioxide,High,Strong Wind,52.1,43,R02921;R03966;R01393,3,Southeast,Shelter
INC00129,N1280,Industrial Fire,None,High,Light Wind,444.2,104,R03854;R02778;R02516;R04246;R03889,4,Northeast,Reroute
INC00130,N1868,Vehicle Chemical Spill,Sulfur Dioxide,High,Calm,219.4,17,R02562;R03353;R03470;R01897,1,Northwest,Emergency_Response
INC00131,N1314,Chemical Leak,Hydrogen Sulfide,High,Strong Wind,395.6,1,R04702,2,Northeast,Shelter
INC00132,N0523,Storage Tank Leak,Nitrogen Dioxide,Moderate,Strong Wind,128.3,60,R03412;R01095,4,Southeast,Emergency_Response
INC00133,N1383,Vehicle Chemical Spill,Nitrogen Dioxide,Critical,Calm,83.4,113,R03572,2,North,Evacuate
INC00134,N0482,Fire,None,Moderate,Light Wind,63.2,82,R00425,3,Southwest,Medical_Response
INC00135,N0718,Industrial Fire,None,Critical,Moderate Wind,330.3,95,R01770;R00573;R02621,5,North,Reroute
INC00136,N0284,Vehicle Chemical Spill,Ammonia,Low,Light Wind,337.1,57,R03192,1,Southeast,Shelter
INC00137,N0858,Vehicle Chemical Spill,Sulfur Dioxide,Critical,Calm,399.4,38,R04353,1,South,Shelter
INC00138,N0515,Explosion,None,Moderate,Calm,342.6,82,R01910;R00564,5,Southeast,Emergency_Response
INC00139,N0866,Chemical Leak,Chlorine,High,Calm,355.0,69,R04076;R04331;R03667;R00214;R04295,4,South,Shelter
INC00140,N0512,Industrial Fire,None,Critical,Moderate Wind,265.3,53,R02507;R02861,3,East,Reroute
INC00141,N0802,Toxic Gas Release,Nitrogen Dioxide,Low,Light Wind,478.5,112,R00520;R01225;R03898,2,Southeast,Medical_Response
INC00142,N0535,Industrial Fire,None,High,Strong Wind,174.3,112,R00683;R01003;R01006,2,Northeast,Medical_Response
INC00143,N1631,Industrial Fire,None,Critical,Light Wind,279.8,74,R01932;R04458;R03811;R00945,1,West,Emergency_Response
INC00144,N1323,Storage Tank Leak,Sulfur Dioxide,Critical,Strong Wind,221.8,65,R01850;R04025;R00871,3,Northeast,Shelter
INC00145,N0050,Vehicle Chemical Spill,Chlorine,High,Strong Wind,489.8,12,R03952;R01591;R01942;R03720,5,North,Reroute
INC00146,N1249,Storage Tank Leak,Hydrogen Sulfide,High,Moderate Wind,340.4,48,R02235;R00832,5,North,Shelter
INC00147,N0824,Fire,None,High,Moderate Wind,394.1,59,R01905,3,East,Road_Closure
INC00148,N1453,Fire,None,High,Moderate Wind,208.2,77,R04031,4,West,Evacuate
INC00149,N0425,Vehicle Chemical Spill,Ammonia,High,Strong Wind,157.7,5,R00108,1,West,Reroute
INC00150,N1717,Pipeline Leak,Ammonia,Critical,Light Wind,134.6,72,R00638,5,South,Evacuate
INC00151,N0995,Fire,None,Low,Moderate Wind,473.1,9,R04379,4,Southwest,Evacuate
INC00152,N1664,Pipeline Leak,Nitrogen Dioxide,Critical,Strong Wind,446.4,114,R03654,3,Northwest,Shelter
INC00153,N1535,Vehicle Chemical Spill,Ammonia,High,Strong Wind,468.6,37,R03390,4,Southeast,Reroute
INC00154,N0993,Industrial Fire,None,Critical,Light Wind,275.9,46,R02364;R03647;R02528,5,Northeast,Shelter
INC00155,N0953,Pipeline Leak,Sulfur Dioxide,High,Calm,128.9,96,R02507,1,West,Evacuate
INC00156,N1263,Pipeline Leak,Sulfur Dioxide,Moderate,Light Wind,423.4,97,R00617,1,Northeast,Evacuate
INC00157,N0086,Pipeline Leak,Nitrogen Dioxide,Low,Calm,331.1,5,R04157;R03990;R00668;R02202,4,Southwest,Evacuate
INC00158,N0045,Fire,None,High,Calm,372.3,99,R01120;R02465;R04073,4,Northeast,Road_Closure
INC00159,N1435,Pipeline Leak,Chlorine,Moderate,Light Wind,334.2,62,R00410;R03543,3,Northwest,Shelter
INC00160,N0793,Vehicle Chemical Spill,Chlorine,Critical,Light Wind,291.3,78,R03186,2,East,Emergency_Response
INC00161,N1716,Chemical Leak,Chlorine,High,Light Wind,116.1,73,R00353,4,West,Reroute
INC00162,N0743,Toxic Gas Release,Sulfur Dioxide,Critical,Calm,64.7,107,R00405;R04425,1,Southeast,Reroute
INC00163,N1335,Fire,None,Moderate,Light Wind,176.3,92,R03519;R02836,1,Northeast,Medical_Response
INC00164,N0081,Pipeline Leak,Hydrogen Sulfide,High,Calm,227.1,96,R03107;R03058;R03676,5,Northeast,Shelter
INC00165,N0958,Pipeline Leak,Hydrogen Sulfide,Moderate,Strong Wind,267.3,53,R03701,1,Northwest,Road_Closure
INC00166,N1860,Toxic Gas Release,Ammonia,High,Strong Wind,309.9,78,R01379;R00721,3,Southwest,Shelter
INC00167,N1121,Toxic Gas Release,Chlorine,High,Moderate Wind,240.0,75,R03801;R01094;R04092;R03581;R00098,2,Northwest,Reroute
INC00168,N0186,Chemical Leak,Ammonia,Critical,Calm,163.6,98,R04178;R02411;R00850;R02552,5,South,Road_Closure
INC00169,N0217,Vehicle Chemical Spill,Sulfur Dioxide,Moderate,Calm,322.8,20,R00039;R00045,2,Southwest,Emergency_Response
INC00170,N1144,Toxic Gas Release,Hydrogen Sulfide,Critical,Moderate Wind,85.4,9,R03230;R02751,4,South,Shelter
INC00171,N1632,Industrial Fire,None,High,Strong Wind,399.0,41,R02115,5,Southeast,Reroute
INC00172,N1832,Toxic Gas Release,Ammonia,Moderate,Moderate Wind,9.7,113,R02690,5,Northeast,Medical_Response
INC00173,N0250,Pipeline Leak,Chlorine,Critical,Strong Wind,49.0,13,R00592,5,East,Emergency_Response
INC00174,N0115,Pipeline Leak,Nitrogen Dioxide,High,Moderate Wind,12.5,109,R02710,4,West,Road_Closure
INC00175,N0157,Explosion,None,High,Strong Wind,274.2,92,R03249;R03809,3,Southwest,Emergency_Response
INC00176,N1546,Fire,None,High,Light Wind,458.4,43,R02792;R01095,5,Southeast,Medical_Response
INC00177,N0414,Pipeline Leak,Nitrogen Dioxide,Moderate,Moderate Wind,418.6,37,R03581;R02361,3,Southeast,Evacuate
INC00178,N1259,Toxic Gas Release,Nitrogen Dioxide,High,Strong Wind,90.9,65,R00791;R02786,3,Northwest,Reroute
INC00179,N1993,Explosion,None,Moderate,Strong Wind,113.4,4,R02975;R04285,1,West,Evacuate
INC00180,N1171,Chemical Leak,Sulfur Dioxide,High,Moderate Wind,178.8,36,R00977,5,West,Shelter
INC00181,N1115,Pipeline Leak,Sulfur Dioxide,High,Light Wind,24.0,5,R00529,5,Northwest,Evacuate
INC00182,N1061,Industrial Fire,None,High,Light Wind,322.1,29,R00086,5,South,Reroute
INC00183,N0482,Explosion,None,High,Strong Wind,444.3,91,R01404,5,North,Shelter
INC00184,N1845,Pipeline Leak,Hydrogen Sulfide,Moderate,Strong Wind,362.5,69,R00538;R01778,1,Southwest,Evacuate
INC00185,N0912,Vehicle Chemical Spill,Hydrogen Sulfide,High,Calm,84.3,102,R00554,1,North,Road_Closure
INC00186,N0570,Fire,None,Critical,Light Wind,295.2,90,R02342;R04385;R02889;R01126,5,Southeast,Emergency_Response
INC00187,N1713,Industrial Fire,None,Critical,Calm,230.9,58,R03464;R04557;R02798;R00656,3,North,Road_Closure
INC00188,N0071,Pipeline Leak,Chlorine,Critical,Light Wind,291.2,88,R04486;R04093;R02447,3,Northwest,Evacuate
INC00189,N1321,Industrial Fire,None,High,Calm,83.7,30,R00433,3,West,Road_Closure
INC00190,N1940,Explosion,None,High,Moderate Wind,165.0,106,R03973,1,North,Shelter
INC00191,N0464,Industrial Fire,None,Moderate,Moderate Wind,139.7,76,R03378;R01090;R01828;R02641,3,East,Emergency_Response
INC00192,N0017,Vehicle Chemical Spill,Hydrogen Sulfide,High,Moderate Wind,50.9,1,R03210;R03125,5,East,Road_Closure
INC00193,N1577,Pipeline Leak,Nitrogen Dioxide,Critical,Calm,89.1,11,R02251,5,Northeast,Shelter
INC00194,N1291,Industrial Fire,None,High,Light Wind,198.7,75,R02607;R04766,2,West,Medical_Response
INC00195,N1036,Vehicle Chemical Spill,Sulfur Dioxide,Moderate,Calm,7.2,15,R04621,4,South,Medical_Response
INC00196,N1643,Toxic Gas Release,Sulfur Dioxide,High,Strong Wind,21.2,2,R04392;R01290;R02821;R02803,2,West,Medical_Response
INC00197,N0590,Storage Tank Leak,Hydrogen Sulfide,High,Strong Wind,465.5,15,R01721;R00221,4,North,Shelter
INC00198,N1231,Explosion,None,High,Moderate Wind,79.8,97,R02933,2,Southwest,Road_Closure
INC00199,N0098,Explosion,None,Low,Moderate Wind,101.3,23,R04701;R02536,5,Northeast,Road_Closure
INC00200,N1398,Vehicle Chemical Spill,Chlorine,High,Calm,411.5,55,R00790;R01441,4,South,Shelter
INC00201,N0108,Industrial Fire,None,Moderate,Moderate Wind,340.1,51,R02387;R01625;R01967,5,Southeast,Road_Closure
INC00202,N1226,Pipeline Leak,Chlorine,Moderate,Strong Wind,44.3,73,R04187;R00873;R00102,3,East,Emergency_Response
INC00203,N1050,Chemical Leak,Chlorine,Moderate,Calm,459.1,72,R04410;R03291,3,North,Emergency_Response
INC00204,N1924,Chemical Leak,Chlorine,Moderate,Strong Wind,488.2,47,R03290;R02737,4,Northwest,Evacuate
INC00205,N0306,Pipeline Leak,Nitrogen Dioxide,High,Moderate Wind,72.4,3,R01615;R04589,2,South,Medical_Response
INC00206,N0425,Vehicle Chemical Spill,Chlorine,Critical,Light Wind,31.7,74,R04088;R03242;R01741;R00814,3,Southwest,Emergency_Response
INC00207,N1316,Toxic Gas Release,Hydrogen Sulfide,High,Strong Wind,167.5,113,R02861;R00967;R00988;R03917;R00934,2,East,Reroute
INC00208,N0634,Toxic Gas Release,Ammonia,Moderate,Light Wind,471.7,41,R00176,3,Southeast,Shelter
INC00209,N0014,Toxic Gas Release,Chlorine,High,Calm,380.9,32,R00890;R01653,5,East,Reroute
INC00210,N1872,Pipeline Leak,Chlorine,Critical,Moderate Wind,406.2,76,R02882;R01195,2,Southeast,Reroute
INC00211,N0527,Vehicle Chemical Spill,Nitrogen Dioxide,Low,Strong Wind,231.5,83,R02314;R03344,4,Southeast,Emergency_Response
INC00212,N1074,Pipeline Leak,Ammonia,Critical,Strong Wind,330.4,21,R01388,2,West,Emergency_Response
INC00213,N0774,Fire,None,Critical,Strong Wind,228.8,84,R02036,1,North,Reroute
INC00214,N1652,Toxic Gas Release,Ammonia,Moderate,Calm,103.9,119,R00122,2,West,Evacuate
INC00215,N0939,Explosion,None,High,Moderate Wind,409.5,25,R04109;R00256;R00976,3,West,Reroute
INC00216,N0477,Chemical Leak,Nitrogen Dioxide,Moderate,Moderate Wind,176.5,14,R00417;R01612,3,North,Evacuate
INC00217,N0868,Pipeline Leak,Sulfur Dioxide,High,Light Wind,211.7,23,R03278,3,West,Medical_Response
INC00218,N1586,Pipeline Leak,Chlorine,Critical,Moderate Wind,133.1,117,R01396,4,West,Road_Closure
INC00219,N0250,Toxic Gas Release,Chlorine,High,Calm,299.6,87,R03690;R01977,2,South,Evacuate
INC00220,N0899,Pipeline Leak,Hydrogen Sulfide,Moderate,Light Wind,153.2,112,R04387,2,West,Emergency_Response
INC00221,N0004,Industrial Fire,None,High,Moderate Wind,135.4,26,R00172;R01603,3,Northwest,Road_Closure
INC00222,N1342,Storage Tank Leak,Sulfur Dioxide,Low,Light Wind,404.6,73,R01038;R01312,1,Northwest,Medical_Response
INC00223,N1965,Chemical Leak,Hydrogen Sulfide,Critical,Strong Wind,219.5,48,R04003;R00898,4,Southwest,Reroute
INC00224,N0134,Vehicle Chemical Spill,Nitrogen Dioxide,High,Calm,414.6,29,R03675;R00275,4,Southwest,Reroute
INC00225,N0074,Pipeline Leak,Chlorine,Moderate,Calm,53.1,22,R02951;R00762;R00465;R02605,4,Northwest,Evacuate
INC00226,N1467,Explosion,None,Critical,Moderate Wind,235.4,9,R00528,1,Northeast,Emergency_Response
INC00227,N0591,Toxic Gas Release,Chlorine,High,Moderate Wind,221.2,25,R03820,4,Southeast,Reroute
INC00228,N1399,Pipeline Leak,Hydrogen Sulfide,Critical,Calm,257.1,62,R04472;R02483;R00606;R00740,2,North,Emergency_Response
INC00229,N0470,Explosion,None,Critical,Moderate Wind,459.9,69,R00503,1,West,Shelter
INC00230,N0731,Fire,None,High,Light Wind,276.5,7,R01481;R04032;R01003;R03794,1,East,Reroute
INC00231,N0021,Chemical Leak,Chlorine,Moderate,Calm,284.0,79,R02349;R01956,1,North,Road_Closure
INC00232,N1434,Storage Tank Leak,Sulfur Dioxide,High,Strong Wind,423.3,24,R03515,5,East,Evacuate
INC00233,N1725,Storage Tank Leak,Nitrogen Dioxide,Low,Moderate Wind,339.0,49,R00346;R03459;R03670;R00941;R02628,4,Northwest,Evacuate
INC00234,N0104,Fire,None,Critical,Strong Wind,329.0,17,R03975,4,Southeast,Reroute
INC00235,N1992,Toxic Gas Release,Chlorine,Moderate,Light Wind,481.1,61,R03881;R03429;R03647,3,Southwest,Road_Closure
INC00236,N0831,Toxic Gas Release,Ammonia,High,Moderate Wind,338.2,104,R03153;R01133;R03798,3,Northeast,Emergency_Response
INC00237,N0916,Industrial Fire,None,Critical,Calm,152.2,4,R01763;R02763,3,Southeast,Medical_Response
INC00238,N2000,Toxic Gas Release,Ammonia,Critical,Moderate Wind,248.0,74,R04292;R03540,4,Northeast,Medical_Response
INC00239,N1400,Explosion,None,Low,Strong Wind,236.5,6,R01291;R02866,1,East,Reroute
INC00240,N1725,Explosion,None,Critical,Calm,169.3,113,R01780;R04489,3,South,Medical_Response
INC00241,N0985,Fire,None,Critical,Strong Wind,231.3,33,R02992,4,South,Reroute
INC00242,N0862,Storage Tank Leak,Chlorine,Moderate,Calm,370.8,8,R03376,4,Southwest,Medical_Response
INC00243,N0072,Toxic Gas Release,Sulfur Dioxide,High,Moderate Wind,354.8,114,R02616;R00732,3,Southwest,Road_Closure
INC00244,N0557,Fire,None,Critical,Light Wind,111.7,115,R03415,4,Northwest,Road_Closure
INC00245,N1504,Explosion,None,Moderate,Light Wind,438.5,67,R00250;R02460;R04560;R03346;R04104,5,South,Shelter
INC00246,N0482,Pipeline Leak,Nitrogen Dioxide,Critical,Moderate Wind,337.6,92,R02391;R03046,4,North,Evacuate
INC00247,N0367,Chemical Leak,Ammonia,Moderate,Moderate Wind,446.8,34,R01234,3,Northwest,Evacuate
INC00248,N0532,Pipeline Leak,Ammonia,Moderate,Calm,237.4,17,R00827;R03159;R01273;R02598;R00042,3,East,Road_Closure
INC00249,N1229,Toxic Gas Release,Hydrogen Sulfide,High,Calm,223.1,33,R00641;R04217;R02414,3,West,Evacuate
INC00250,N1213,Industrial Fire,None,High,Moderate Wind,28.3,63,R02732,2,North,Road_Closure
INC00251,N1989,Vehicle Chemical Spill,Chlorine,High,Calm,260.0,29,R01845;R04647,5,Southeast,Medical_Response
INC00252,N0887,Toxic Gas Release,Hydrogen Sulfide,Moderate,Strong Wind,352.2,2,R04039;R00530,4,Southeast,Medical_Response
INC00253,N1949,Chemical Leak,Nitrogen Dioxide,Critical,Light Wind,214.5,33,R01122;R03853,3,Northwest,Road_Closure
INC00254,N0966,Chemical Leak,Sulfur Dioxide,Moderate,Light Wind,141.8,117,R02264,2,North,Shelter
INC00255,N0670,Fire,None,High,Moderate Wind,470.4,83,R02950;R03912,1,Southeast,Emergency_Response
INC00256,N0649,Vehicle Chemical Spill,Nitrogen Dioxide,Critical,Light Wind,454.5,13,R03254,1,Southwest,Emergency_Response
INC00257,N0933,Storage Tank Leak,Nitrogen Dioxide,High,Light Wind,70.0,112,R01066;R04790,5,Southeast,Medical_Response
INC00258,N1635,Industrial Fire,None,Moderate,Calm,11.4,56,R03485,4,North,Shelter
INC00259,N0688,Explosion,None,Moderate,Light Wind,424.6,106,R02932;R00445;R03770;R01122,5,South,Reroute
INC00260,N1292,Chemical Leak,Hydrogen Sulfide,Moderate,Calm,283.6,67,R01823;R04006;R00703;R01530,3,Southeast,Evacuate
INC00261,N0779,Pipeline Leak,Sulfur Dioxide,Moderate,Light Wind,407.6,103,R02157;R01408;R00719,5,Southeast,Shelter
INC00262,N0752,Vehicle Chemical Spill,Ammonia,High,Moderate Wind,202.0,109,R03358;R04415,1,Southeast,Reroute
INC00263,N1441,Storage Tank Leak,Sulfur Dioxide,Low,Calm,103.2,110,R01568,2,Northwest,Road_Closure
INC00264,N0050,Vehicle Chemical Spill,Hydrogen Sulfide,High,Moderate Wind,490.1,35,R01455;R03129;R03383;R02818;R00208,2,North,Shelter
INC00265,N1466,Storage Tank Leak,Ammonia,Moderate,Strong Wind,140.9,62,R04732;R03907;R00245,1,East,Road_Closure
INC00266,N1012,Toxic Gas Release,Hydrogen Sulfide,Low,Light Wind,88.1,81,R00607;R01871,1,Northeast,Road_Closure
INC00267,N1297,Fire,None,Critical,Moderate Wind,394.5,68,R01986,5,South,Road_Closure
INC00268,N1621,Vehicle Chemical Spill,Ammonia,Critical,Moderate Wind,444.0,58,R00650;R00038;R03729,2,Southwest,Medical_Response
INC00269,N0745,Storage Tank Leak,Hydrogen Sulfide,High,Light Wind,351.6,101,R03389,3,South,Road_Closure
INC00270,N1894,Toxic Gas Release,Ammonia,High,Moderate Wind,39.7,12,R00753,2,South,Evacuate
INC00271,N0726,Toxic Gas Release,Hydrogen Sulfide,High,Strong Wind,13.4,97,R01457,1,Northeast,Emergency_Response
INC00272,N1755,Pipeline Leak,Ammonia,Critical,Moderate Wind,211.5,50,R04585;R03406;R03874,3,Northeast,Evacuate
INC00273,N1275,Fire,None,High,Strong Wind,291.2,64,R03227,2,Northwest,Reroute
INC00274,N0612,Pipeline Leak,Sulfur Dioxide,Moderate,Strong Wind,128.9,113,R00656,4,North,Shelter
INC00275,N0981,Vehicle Chemical Spill,Chlorine,High,Moderate Wind,124.0,110,R00947,5,Southeast,Medical_Response
INC00276,N0067,Explosion,None,High,Calm,419.4,86,R04162,2,North,Reroute
INC00277,N0394,Fire,None,Low,Calm,428.5,46,R02428;R00645;R01092,3,West,Evacuate
INC00278,N1265,Industrial Fire,None,Critical,Light Wind,43.0,31,R01161,5,Northeast,Evacuate
INC00279,N0084,Chemical Leak,Ammonia,Moderate,Light Wind,146.9,11,R03693;R04166,2,Northwest,Road_Closure
INC00280,N0418,Chemical Leak,Sulfur Dioxide,High,Strong Wind,54.1,81,R03374;R01295,5,Southeast,Medical_Response
INC00281,N1593,Fire,None,High,Strong Wind,363.9,107,R00874;R03927,5,Northeast,Shelter
INC00282,N1858,Fire,None,High,Light Wind,20.0,86,R00485,4,North,Evacuate
INC00283,N1409,Industrial Fire,None,High,Calm,356.3,16,R02472,2,Northeast,Evacuate
INC00284,N1953,Pipeline Leak,Chlorine,Moderate,Calm,397.6,112,R03554,3,Northwest,Reroute
INC00285,N1220,Industrial Fire,None,Moderate,Calm,190.7,31,R00803;R04690,3,Southeast,Emergency_Response
INC00286,N0477,Storage Tank Leak,Nitrogen Dioxide,High,Light Wind,289.7,106,R04016;R01101,1,Southeast,Evacuate
INC00287,N1512,Chemical Leak,Chlorine,Moderate,Calm,259.5,78,R03003;R02687;R03588,5,North,Medical_Response
INC00288,N1303,Fire,None,Critical,Light Wind,237.3,35,R00696;R02584;R01877;R04512,1,Southeast,Medical_Response
INC00289,N0842,Chemical Leak,Ammonia,Low,Light Wind,150.9,1,R00535;R03092,3,South,Emergency_Response
INC00290,N0099,Fire,None,Moderate,Strong Wind,253.7,106,R02407,2,East,Evacuate
INC00291,N0798,Fire,None,Moderate,Calm,240.8,35,R01198;R01029,1,Northwest,Shelter
INC00292,N1436,Toxic Gas Release,Sulfur Dioxide,High,Calm,341.7,43,R01025,4,East,Road_Closure
INC00293,N1338,Storage Tank Leak,Sulfur Dioxide,Critical,Moderate Wind,273.9,89,R01217,2,West,Evacuate
INC00294,N1534,Vehicle Chemical Spill,Sulfur Dioxide,Moderate,Light Wind,291.9,27,R04476;R01313;R01453,2,Southwest,Road_Closure
INC00295,N1546,Vehicle Chemical Spill,Ammonia,Moderate,Light Wind,328.8,78,R02410,4,East,Evacuate
INC00296,N1723,Toxic Gas Release,Nitrogen Dioxide,Critical,Light Wind,320.6,56,R03301;R03286;R03077,1,West,Medical_Response
INC00297,N0643,Pipeline Leak,Hydrogen Sulfide,High,Calm,22.3,107,R00319;R00950;R01282,3,Southeast,Evacuate
INC00298,N1337,Vehicle Chemical Spill,Chlorine,Low,Calm,235.9,41,R01354,4,Southeast,Reroute
INC00299,N0444,Storage Tank Leak,Hydrogen Sulfide,Moderate,Light Wind,284.3,76,R00567;R04486,2,East,Evacuate
INC00300,N1357,Explosion,None,Critical,Strong Wind,272.1,23,R01614;R00262;R04475;R03118;R00931,5,South,Medical_Response
INC00301,N0933,Storage Tank Leak,Sulfur Dioxide,High,Strong Wind,476.8,77,R03517,2,Northwest,Medical_Response
INC00302,N0818,Chemical Leak,Sulfur Dioxide,Moderate,Moderate Wind,40.5,117,R00197;R02074,3,Northeast,Reroute
INC00303,N0720,Fire,None,Moderate,Calm,385.2,113,R04376;R00262;R02273,3,Southeast,Shelter
INC00304,N0447,Fire,None,High,Strong Wind,430.4,30,R01786,4,Southwest,Reroute
INC00305,N1245,Pipeline Leak,Chlorine,Low,Strong Wind,53.5,24,R02239;R03013;R01774,2,East,Medical_Response
INC00306,N0557,Explosion,None,Critical,Light Wind,395.6,60,R03648;R01306;R03958,2,Northeast,Emergency_Response
INC00307,N1094,Explosion,None,Low,Strong Wind,155.7,39,R02120,4,Northeast,Shelter
INC00308,N0502,Pipeline Leak,Sulfur Dioxide,Critical,Moderate Wind,366.3,18,R04455;R01268,2,North,Road_Closure
INC00309,N0897,Chemical Leak,Hydrogen Sulfide,Critical,Moderate Wind,90.1,72,R04459;R00568,3,Southeast,Reroute
INC00310,N0874,Fire,None,High,Moderate Wind,73.4,58,R00550;R00467;R01084,2,Southeast,Road_Closure
INC00311,N1077,Explosion,None,Low,Light Wind,278.7,92,R02513,4,Northwest,Reroute
INC00312,N0442,Industrial Fire,None,Critical,Moderate Wind,197.2,99,R00561;R00616,1,Southeast,Shelter
INC00313,N0448,Pipeline Leak,Chlorine,High,Light Wind,232.5,18,R02755,5,West,Medical_Response
INC00314,N1509,Chemical Leak,Sulfur Dioxide,Moderate,Moderate Wind,93.8,7,R04731;R03072,1,Southwest,Road_Closure
INC00315,N0943,Fire,None,Moderate,Light Wind,75.5,119,R03113,3,East,Emergency_Response
INC00316,N1414,Toxic Gas Release,Ammonia,Critical,Strong Wind,329.8,116,R00531,1,East,Medical_Response
INC00317,N0096,Vehicle Chemical Spill,Chlorine,High,Light Wind,191.2,106,R01100;R03279;R01349,2,Southwest,Reroute
INC00318,N1654,Toxic Gas Release,Chlorine,High,Moderate Wind,420.5,70,R00221;R03701;R04479,5,North,Road_Closure
INC00319,N0359,Chemical Leak,Nitrogen Dioxide,High,Moderate Wind,446.3,15,R00479;R00585,1,East,Shelter
INC00320,N0841,Toxic Gas Release,Hydrogen Sulfide,Moderate,Light Wind,82.3,107,R03135;R01891;R04659,4,Southeast,Shelter
INC00321,N1647,Chemical Leak,Sulfur Dioxide,Moderate,Light Wind,403.4,33,R03845;R03080,4,Northeast,Emergency_Response
INC00322,N0998,Explosion,None,Low,Light Wind,66.7,14,R00516;R03105;R01615;R02936,1,Southwest,Shelter
INC00323,N1381,Industrial Fire,None,High,Calm,469.5,38,R04649;R03675;R01169,2,North,Road_Closure
INC00324,N1976,Industrial Fire,None,High,Light Wind,325.1,36,R02036;R02516,2,Northeast,Shelter
INC00325,N1537,Pipeline Leak,Ammonia,Critical,Strong Wind,289.4,60,R02127,4,Southeast,Shelter
INC00326,N1332,Toxic Gas Release,Ammonia,Moderate,Strong Wind,451.0,25,R03884,5,Northwest,Emergency_Response
INC00327,N1034,Industrial Fire,None,High,Strong Wind,154.7,103,R04553;R00717,4,South,Shelter
INC00328,N1560,Explosion,None,Low,Moderate Wind,30.6,105,R01686,3,East,Road_Closure
INC00329,N0632,Toxic Gas Release,Nitrogen Dioxide,High,Strong Wind,126.5,18,R00834;R03741,3,East,Medical_Response
INC00330,N0985,Toxic Gas Release,Nitrogen Dioxide,Moderate,Strong Wind,438.1,16,R02937;R00652;R04728;R03559,3,Northwest,Shelter
INC00331,N1304,Explosion,None,High,Calm,187.7,81,R00991,5,Northeast,Emergency_Response
INC00332,N0403,Industrial Fire,None,Moderate,Light Wind,294.5,83,R03196;R00823,5,Southeast,Medical_Response
INC00333,N1220,Pipeline Leak,Hydrogen Sulfide,High,Strong Wind,325.8,96,R02087;R02865,3,West,Reroute
INC00334,N1628,Pipeline Leak,Nitrogen Dioxide,High,Light Wind,239.4,58,R03667,5,East,Road_Closure
INC00335,N1398,Toxic Gas Release,Nitrogen Dioxide,High,Calm,370.3,37,R02687;R01586,1,South,Reroute
INC00336,N0608,Industrial Fire,None,Moderate,Calm,390.7,8,R00279;R01303;R03618;R01639,4,West,Reroute
INC00337,N0867,Explosion,None,High,Calm,470.0,23,R04486,3,South,Shelter
INC00338,N1684,Chemical Leak,Hydrogen Sulfide,Critical,Moderate Wind,228.4,58,R02876;R04290;R04526;R03746;R03200,4,South,Road_Closure
INC00339,N0808,Industrial Fire,None,Low,Strong Wind,276.2,93,R00248;R01890,1,Northeast,Road_Closure
INC00340,N1163,Vehicle Chemical Spill,Sulfur Dioxide,High,Light Wind,12.2,90,R01021;R03900;R00313,5,Northeast,Evacuate
INC00341,N0561,Vehicle Chemical Spill,Nitrogen Dioxide,Moderate,Calm,82.7,41,R01925,2,Northeast,Medical_Response
INC00342,N1091,Storage Tank Leak,Nitrogen Dioxide,High,Strong Wind,484.3,44,R00920;R00702;R02233;R03249;R02143,1,North,Road_Closure
INC00343,N1713,Pipeline Leak,Chlorine,High,Moderate Wind,477.8,53,R03642,1,South,Emergency_Response
INC00344,N1306,Toxic Gas Release,Hydrogen Sulfide,Moderate,Strong Wind,58.0,10,R01098;R00308;R00578,4,Southeast,Shelter
INC00345,N1792,Chemical Leak,Chlorine,Critical,Moderate Wind,316.5,47,R04245,4,North,Reroute
INC00346,N1768,Toxic Gas Release,Ammonia,Moderate,Strong Wind,68.9,23,R02584,2,East,Evacuate
INC00347,N0524,Vehicle Chemical Spill,Nitrogen Dioxide,High,Strong Wind,316.6,67,R04290,1,South,Emergency_Response
INC00348,N1021,Toxic Gas Release,Ammonia,Critical,Strong Wind,168.9,87,R00089;R04701,5,Northwest,Reroute
INC00349,N0487,Storage Tank Leak,Chlorine,High,Strong Wind,110.2,63,R00290,3,West,Reroute
INC00350,N0117,Storage Tank Leak,Chlorine,Moderate,Strong Wind,246.1,68,R04007,5,Northeast,Road_Closure
INC00351,N0644,Fire,None,High,Light Wind,19.6,18,R02182,5,Southeast,Evacuate
INC00352,N0157,Pipeline Leak,Sulfur Dioxide,Critical,Moderate Wind,21.4,118,R01751;R02693;R01634,2,East,Reroute
INC00353,N1918,Vehicle Chemical Spill,Nitrogen Dioxide,High,Calm,231.7,11,R03514;R03407,4,West,Road_Closure
INC00354,N1570,Fire,None,Low,Strong Wind,126.8,98,R04155,1,East,Evacuate
INC00355,N0927,Toxic Gas Release,Nitrogen Dioxide,High,Strong Wind,437.3,58,R03384;R04499;R00594,4,West,Shelter
INC00356,N1380,Vehicle Chemical Spill,Ammonia,High,Calm,338.9,23,R00675;R03730;R04545;R04668,5,West,Evacuate
INC00357,N0568,Storage Tank Leak,Nitrogen Dioxide,High,Calm,190.0,2,R04248;R01503;R04782;R00532,3,Northwest,Road_Closure
INC00358,N1316,Toxic Gas Release,Hydrogen Sulfide,High,Moderate Wind,294.7,36,R00968,4,South,Road_Closure
INC00359,N1849,Pipeline Leak,Sulfur Dioxide,Moderate,Light Wind,240.5,32,R01388,5,Southwest,Reroute
INC00360,N1349,Toxic Gas Release,Nitrogen Dioxide,High,Moderate Wind,335.7,96,R01077,2,North,Shelter
INC00361,N1707,Industrial Fire,None,Critical,Light Wind,206.8,42,R03242;R01758,5,Southwest,Medical_Response
INC00362,N0308,Industrial Fire,None,High,Light Wind,125.9,5,R00675,3,Southwest,Reroute
INC00363,N1643,Toxic Gas Release,Hydrogen Sulfide,Moderate,Moderate Wind,199.4,48,R04359,2,East,Road_Closure
INC00364,N0051,Explosion,None,High,Strong Wind,103.1,116,R04389;R01715,5,Southeast,Emergency_Response
INC00365,N1661,Toxic Gas Release,Chlorine,High,Calm,124.8,103,R00791;R02561;R00092;R04412,5,Southwest,Reroute
INC00366,N1598,Industrial Fire,None,Critical,Light Wind,305.8,110,R03368,1,Northwest,Evacuate
INC00367,N0243,Industrial Fire,None,Critical,Moderate Wind,33.6,60,R00537;R00821;R02004,4,East,Reroute
INC00368,N0940,Explosion,None,High,Calm,326.6,119,R04104,1,Southwest,Reroute
INC00369,N1298,Explosion,None,Moderate,Light Wind,430.4,10,R00828;R02942;R02486,4,Southeast,Emergency_Response
INC00370,N0777,Chemical Leak,Hydrogen Sulfide,Critical,Strong Wind,395.9,40,R02163;R02346,2,North,Evacuate
INC00371,N1184,Fire,None,Moderate,Calm,386.4,87,R02849,2,North,Road_Closure
INC00372,N1428,Toxic Gas Release,Hydrogen Sulfide,Critical,Moderate Wind,276.7,80,R03296;R00317;R03584;R04646,4,West,Emergency_Response
INC00373,N1064,Industrial Fire,None,Critical,Strong Wind,362.9,46,R03893;R01675,4,Northeast,Emergency_Response
INC00374,N1366,Vehicle Chemical Spill,Chlorine,Critical,Moderate Wind,77.2,86,R00661;R00492;R00352;R02547,5,West,Shelter
INC00375,N0306,Storage Tank Leak,Hydrogen Sulfide,Critical,Light Wind,494.5,110,R03900,2,Northwest,Shelter
INC00376,N1590,Fire,None,Critical,Light Wind,373.2,27,R02281;R03501,1,South,Emergency_Response
INC00377,N1706,Fire,None,Critical,Moderate Wind,243.5,16,R00251;R02093,3,Northeast,Emergency_Response
INC00378,N1703,Toxic Gas Release,Ammonia,Moderate,Calm,402.5,107,R00826,3,Northeast,Road_Closure
INC00379,N0927,Toxic Gas Release,Ammonia,High,Strong Wind,449.3,88,R01587,2,Northwest,Emergency_Response
INC00380,N0372,Pipeline Leak,Ammonia,Low,Strong Wind,461.5,71,R01001;R02935,2,North,Medical_Response
INC00381,N0796,Fire,None,Critical,Strong Wind,428.2,77,R04776,5,West,Reroute
INC00382,N1051,Vehicle Chemical Spill,Nitrogen Dioxide,Moderate,Moderate Wind,437.4,22,R01706,1,South,Road_Closure
INC00383,N0118,Chemical Leak,Nitrogen Dioxide,Critical,Moderate Wind,192.5,9,R03356;R04784;R00846;R02830;R02913,5,West,Medical_Response
INC00384,N1030,Toxic Gas Release,Hydrogen Sulfide,Low,Light Wind,184.7,38,R03219,2,North,Road_Closure
INC00385,N1872,Pipeline Leak,Nitrogen Dioxide,Low,Light Wind,478.5,38,R03240;R03342;R01276;R01638;R02254,5,Northwest,Road_Closure
INC00386,N1694,Pipeline Leak,Sulfur Dioxide,Moderate,Strong Wind,243.4,119,R02198;R00962;R01053,3,North,Emergency_Response
INC00387,N1193,Storage Tank Leak,Chlorine,High,Calm,486.8,86,R01972;R00335;R02436,1,West,Shelter
INC00388,N0373,Chemical Leak,Chlorine,High,Strong Wind,83.8,10,R01425,5,North,Road_Closure
INC00389,N0796,Fire,None,Critical,Light Wind,199.7,10,R02025;R01302;R00614;R04723,3,Southeast,Shelter
INC00390,N0547,Pipeline Leak,Hydrogen Sulfide,Critical,Calm,61.1,118,R04578;R03935;R04110,1,Southwest,Emergency_Response
INC00391,N1926,Pipeline Leak,Nitrogen Dioxide,High,Strong Wind,353.0,12,R03530;R00667,4,Southwest,Emergency_Response
INC00392,N1856,Pipeline Leak,Ammonia,Moderate,Calm,417.9,2,R04410,1,East,Road_Closure
INC00393,N0580,Vehicle Chemical Spill,Hydrogen Sulfide,Low,Strong Wind,275.3,12,R00307,1,Southeast,Road_Closure
INC00394,N1831,Fire,None,High,Strong Wind,173.9,71,R02428,4,Northeast,Reroute
INC00395,N1546,Industrial Fire,None,Moderate,Moderate Wind,398.3,73,R01362;R04382,4,Northwest,Emergency_Response
INC00396,N0609,Pipeline Leak,Ammonia,Low,Moderate Wind,486.0,118,R03502;R04114;R03846;R00408,4,North,Shelter
INC00397,N1107,Explosion,None,Critical,Light Wind,74.0,98,R04552,1,West,Emergency_Response
INC00398,N0056,Fire,None,High,Calm,59.2,24,R00321,1,South,Reroute
INC00399,N1287,Pipeline Leak,Nitrogen Dioxide,High,Calm,257.4,67,R01605;R04053;R02161;R02433;R03394,5,Northeast,Reroute
INC00400,N0887,Chemical Leak,Chlorine,Critical,Calm,255.5,72,R04544;R02666;R04588;R01578,3,East,Shelter
INC00401,N1916,Chemical Leak,Ammonia,Moderate,Light Wind,244.7,70,R01213,5,Northeast,Evacuate
INC00402,N1197,Fire,None,Moderate,Light Wind,254.6,14,R01635;R00380;R04479,3,East,Road_Closure
INC00403,N0741,Explosion,None,Moderate,Strong Wind,461.4,60,R01209,1,Northwest,Road_Closure
INC00404,N0261,Vehicle Chemical Spill,Nitrogen Dioxide,Critical,Moderate Wind,420.3,109,R04122,2,Southwest,Shelter
INC00405,N0609,Toxic Gas Release,Nitrogen Dioxide,High,Moderate Wind,263.5,79,R04112;R02812,5,North,Medical_Response
INC00406,N1865,Explosion,None,Low,Moderate Wind,470.5,40,R00087;R02939;R01282;R03868,4,North,Emergency_Response
INC00407,N1301,Vehicle Chemical Spill,Nitrogen Dioxide,Critical,Moderate Wind,490.0,78,R03529,5,Northeast,Reroute
INC00408,N1097,Storage Tank Leak,Chlorine,High,Strong Wind,139.3,45,R04221;R00261,3,West,Evacuate
INC00409,N1174,Pipeline Leak,Ammonia,Moderate,Light Wind,302.9,60,R04729;R03541;R02758;R04312,2,South,Medical_Response
INC00410,N1311,Industrial Fire,None,Moderate,Moderate Wind,178.4,83,R00945,5,West,Emergency_Response
INC00411,N0615,Fire,None,High,Light Wind,86.9,110,R03094;R02506;R00581,1,West,Road_Closure
INC00412,N0317,Fire,None,High,Strong Wind,290.3,68,R04803;R03993;R00110,1,North,Medical_Response
INC00413,N0908,Fire,None,Critical,Strong Wind,48.4,68,R04450;R01883;R04503,3,Northeast,Road_Closure
INC00414,N0169,Industrial Fire,None,Critical,Moderate Wind,413.1,6,R03015;R02160,2,North,Medical_Response
INC00415,N1135,Chemical Leak,Sulfur Dioxide,High,Calm,400.1,117,R00228,2,South,Shelter
INC00416,N1098,Chemical Leak,Nitrogen Dioxide,Moderate,Moderate Wind,202.4,23,R01650;R00818,4,Northeast,Road_Closure
INC00417,N1014,Toxic Gas Release,Ammonia,Moderate,Calm,339.4,76,R00727;R03652;R03498;R01938,5,Southwest,Reroute
INC00418,N1884,Vehicle Chemical Spill,Chlorine,High,Calm,402.9,72,R00163,5,East,Reroute
INC00419,N0810,Pipeline Leak,Chlorine,Critical,Moderate Wind,260.5,47,R03830,2,Northwest,Emergency_Response
INC00420,N0947,Storage Tank Leak,Hydrogen Sulfide,High,Light Wind,254.7,32,R03970;R04570;R00095;R01550,3,Northeast,Medical_Response
INC00421,N0610,Explosion,None,High,Calm,139.4,82,R03001;R01246,2,North,Emergency_Response
INC00422,N0193,Toxic Gas Release,Nitrogen Dioxide,Critical,Strong Wind,378.5,10,R04014;R02863,2,West,Medical_Response
INC00423,N1399,Chemical Leak,Nitrogen Dioxide,High,Calm,275.6,18,R00392,5,West,Evacuate
INC00424,N1996,Toxic Gas Release,Sulfur Dioxide,Critical,Light Wind,172.3,46,R00701,3,South,Emergency_Response
INC00425,N0826,Industrial Fire,None,High,Strong Wind,314.6,114,R04246,4,Northwest,Road_Closure
INC00426,N1996,Pipeline Leak,Ammonia,High,Calm,423.7,19,R04042;R01591;R03936,5,East,Shelter
INC00427,N1332,Chemical Leak,Sulfur Dioxide,High,Moderate Wind,315.1,47,R04118,5,Southwest,Emergency_Response
INC00428,N1147,Vehicle Chemical Spill,Chlorine,High,Strong Wind,177.1,100,R00496;R03475;R04014,2,East,Evacuate
INC00429,N0487,Pipeline Leak,Hydrogen Sulfide,Critical,Calm,378.8,114,R01625;R00444,3,Northwest,Reroute
INC00430,N1227,Explosion,None,High,Moderate Wind,149.8,37,R01341;R01726,4,North,Evacuate
INC00431,N1659,Fire,None,Critical,Strong Wind,14.8,7,R01206,1,West,Evacuate
INC00432,N0808,Storage Tank Leak,Sulfur Dioxide,Low,Light Wind,456.7,77,R03298,1,Northeast,Emergency_Response
INC00433,N1405,Chemical Leak,Sulfur Dioxide,Critical,Light Wind,9.1,39,R04797;R03114;R02921,4,West,Medical_Response
INC00434,N1178,Fire,None,High,Moderate Wind,144.9,54,R02640,1,Southeast,Emergency_Response
INC00435,N1396,Toxic Gas Release,Sulfur Dioxide,Moderate,Light Wind,395.3,81,R00085;R03920;R02488,2,Southeast,Shelter
INC00436,N0183,Fire,None,Moderate,Light Wind,161.9,29,R04551,2,Southeast,Reroute
INC00437,N0449,Pipeline Leak,Nitrogen Dioxide,Moderate,Moderate Wind,476.9,40,R01695;R02371;R01535;R04784,4,West,Evacuate
INC00438,N0145,Vehicle Chemical Spill,Hydrogen Sulfide,High,Light Wind,145.5,66,R04784;R03421;R01568;R02985;R01212,2,North,Shelter
INC00439,N0940,Fire,None,High,Strong Wind,76.3,15,R00677,2,Northeast,Shelter
INC00440,N1924,Industrial Fire,None,Critical,Light Wind,288.8,84,R03713;R00635,1,Northeast,Emergency_Response
INC00441,N1719,Toxic Gas Release,Sulfur Dioxide,Moderate,Light Wind,43.5,31,R04764,5,East,Medical_Response
INC00442,N1484,Pipeline Leak,Chlorine,High,Moderate Wind,167.3,57,R01299;R03447,4,South,Road_Closure
INC00443,N0172,Fire,None,Moderate,Light Wind,239.6,85,R01911;R01025,2,West,Shelter
INC00444,N1193,Industrial Fire,None,High,Moderate Wind,255.9,65,R04160;R04629;R04516;R02747,3,South,Road_Closure
INC00445,N1051,Pipeline Leak,Nitrogen Dioxide,High,Light Wind,473.9,64,R03269,5,Southwest,Shelter
INC00446,N0190,Industrial Fire,None,High,Light Wind,20.3,15,R03291;R03304,4,Southeast,Emergency_Response
INC00447,N0991,Toxic Gas Release,Nitrogen Dioxide,Moderate,Strong Wind,213.8,6,R03143,1,East,Road_Closure
INC00448,N0434,Chemical Leak,Nitrogen Dioxide,Critical,Strong Wind,230.3,56,R02574;R04803;R01929;R00788,4,East,Medical_Response
INC00449,N0293,Industrial Fire,None,High,Calm,83.1,63,R00003,4,East,Medical_Response
INC00450,N1819,Fire,None,Moderate,Strong Wind,63.9,8,R02350;R03393;R02464,4,East,Evacuate
INC00451,N1054,Chemical Leak,Ammonia,Low,Moderate Wind,396.5,82,R04478,2,Northeast,Shelter
INC00452,N1751,Fire,None,Critical,Calm,90.3,2,R01169;R02510;R02684,2,Northwest,Emergency_Response
INC00453,N1164,Toxic Gas Release,Chlorine,Critical,Calm,40.6,28,R03828;R00615,5,West,Evacuate
INC00454,N1150,Chemical Leak,Sulfur Dioxide,Critical,Strong Wind,309.2,21,R00572,5,Northwest,Medical_Response
INC00455,N0666,Industrial Fire,None,Moderate,Calm,97.0,54,R04282;R02469,4,West,Medical_Response
INC00456,N1519,Pipeline Leak,Ammonia,High,Moderate Wind,408.9,74,R01965;R03215;R03295,5,West,Evacuate
INC00457,N1491,Explosion,None,Critical,Calm,213.6,73,R03261;R03995,2,North,Evacuate
INC00458,N0230,Explosion,None,Critical,Moderate Wind,195.4,3,R04792,5,Southeast,Medical_Response
INC00459,N1196,Industrial Fire,None,High,Calm,371.8,84,R03719;R00436;R02678;R02193,2,South,Evacuate
INC00460,N1833,Toxic Gas Release,Nitrogen Dioxide,High,Light Wind,47.8,45,R01289;R01654,4,West,Emergency_Response
INC00461,N1421,Chemical Leak,Nitrogen Dioxide,Critical,Moderate Wind,252.4,74,R03893,2,South,Reroute
INC00462,N1982,Vehicle Chemical Spill,Nitrogen Dioxide,High,Strong Wind,397.1,79,R03494;R04662;R00778;R01213;R01361,2,Northeast,Medical_Response
INC00463,N1892,Pipeline Leak,Sulfur Dioxide,High,Strong Wind,320.9,48,R03842,4,Southwest,Road_Closure
INC00464,N0490,Industrial Fire,None,Moderate,Moderate Wind,459.1,82,R04439,4,South,Emergency_Response
INC00465,N1235,Vehicle Chemical Spill,Hydrogen Sulfide,Moderate,Moderate Wind,405.2,71,R02667,2,Southeast,Shelter
INC00466,N1278,Vehicle Chemical Spill,Ammonia,Moderate,Moderate Wind,393.8,20,R02661,4,Southwest,Evacuate
INC00467,N1885,Industrial Fire,None,Moderate,Calm,458.5,21,R03664;R01807;R00423;R02302,1,South,Emergency_Response
INC00468,N1686,Industrial Fire,None,High,Strong Wind,227.9,115,R03931,4,South,Medical_Response
INC00469,N0084,Industrial Fire,None,Critical,Moderate Wind,143.7,42,R01854;R00234,5,North,Road_Closure
INC00470,N0043,Storage Tank Leak,Hydrogen Sulfide,High,Light Wind,266.4,81,R00257;R02494;R03303;R02347,3,Northeast,Emergency_Response
INC00471,N0768,Toxic Gas Release,Nitrogen Dioxide,Low,Calm,389.1,109,R00288;R00509,3,Southwest,Reroute
INC00472,N0974,Vehicle Chemical Spill,Ammonia,Low,Moderate Wind,361.4,109,R02137;R01611,1,West,Shelter
INC00473,N0531,Pipeline Leak,Hydrogen Sulfide,Critical,Calm,111.6,32,R01586;R00720;R00403;R02922,2,Southwest,Road_Closure
INC00474,N1758,Fire,None,Moderate,Strong Wind,335.9,51,R04696,5,Southwest,Reroute
INC00475,N1064,Explosion,None,Critical,Moderate Wind,390.1,29,R03463;R00168,1,Southwest,Evacuate
INC00476,N0475,Industrial Fire,None,High,Moderate Wind,40.3,106,R01204,5,Southwest,Medical_Response
INC00477,N0728,Vehicle Chemical Spill,Nitrogen Dioxide,Moderate,Moderate Wind,195.5,94,R03408;R01069;R03712;R01348,3,North,Medical_Response
INC00478,N1916,Storage Tank Leak,Ammonia,Moderate,Strong Wind,486.2,3,R00521,4,South,Emergency_Response
INC00479,N1425,Pipeline Leak,Hydrogen Sulfide,Critical,Strong Wind,197.8,28,R00670,1,Southeast,Emergency_Response
INC00480,N1275,Fire,None,Moderate,Calm,478.3,48,R02273,4,Southeast,Emergency_Response
INC00481,N1545,Storage Tank Leak,Sulfur Dioxide,Critical,Light Wind,282.9,103,R00088;R01296,3,Southwest,Shelter
INC00482,N1821,Chemical Leak,Hydrogen Sulfide,Moderate,Calm,417.8,65,R04124;R02175,2,East,Emergency_Response
INC00483,N1216,Storage Tank Leak,Hydrogen Sulfide,High,Light Wind,413.4,80,R01031;R04094;R04377,3,Northwest,Evacuate
INC00484,N1048,Storage Tank Leak,Chlorine,High,Moderate Wind,213.7,82,R04159;R00494,2,West,Emergency_Response
INC00485,N1679,Pipeline Leak,Sulfur Dioxide,Low,Moderate Wind,23.7,9,R01311,5,Southwest,Road_Closure
INC00486,N1780,Fire,None,Moderate,Moderate Wind,356.1,45,R00182,5,Northeast,Reroute
INC00487,N0784,Storage Tank Leak,Chlorine,High,Light Wind,314.2,87,R04548;R01064;R03709,4,South,Evacuate
INC00488,N0437,Industrial Fire,None,Moderate,Calm,351.0,104,R03000;R03289,5,North,Emergency_Response
INC00489,N0696,Pipeline Leak,Sulfur Dioxide,Moderate,Moderate Wind,459.7,30,R03857;R00227;R03275;R04421,3,North,Reroute
INC00490,N1900,Fire,None,Critical,Calm,82.9,105,R00572,3,South,Shelter
INC00491,N1712,Explosion,None,Moderate,Moderate Wind,357.5,69,R01614;R02419,4,Southeast,Reroute
INC00492,N1637,Toxic Gas Release,Ammonia,High,Calm,407.9,85,R02213;R04619;R03083,5,Southwest,Road_Closure
INC00493,N0089,Storage Tank Leak,Hydrogen Sulfide,Critical,Moderate Wind,477.8,113,R00974;R00504,2,Southwest,Shelter
INC00494,N0710,Toxic Gas Release,Nitrogen Dioxide,High,Moderate Wind,70.9,58,R03716;R04623,3,West,Emergency_Response
INC00495,N1841,Industrial Fire,None,Critical,Calm,13.8,70,R00753;R01318;R03732;R01199;R02156,1,East,Medical_Response
INC00496,N1316,Toxic Gas Release,Hydrogen Sulfide,High,Strong Wind,253.2,4,R01512,4,East,Shelter
INC00497,N1376,Pipeline Leak,Hydrogen Sulfide,Low,Moderate Wind,134.3,118,R04714;R02177;R03494;R02063,4,East,Reroute
INC00498,N0411,Fire,None,High,Light Wind,271.3,30,R00155;R01751;R01068;R04720;R04635,3,Northeast,Reroute
INC00499,N0501,Industrial Fire,None,Moderate,Strong Wind,290.7,48,R03759;R03309;R01072;R01272,3,Southeast,Road_Closure
INC00500,N1259,Pipeline Leak,Chlorine,High,Moderate Wind,443.9,22,R04224;R00841;R04516,1,North,Reroute
INC00501,N1469,Storage Tank Leak,Ammonia,Moderate,Moderate Wind,45.4,94,R03085,5,Southeast,Evacuate
INC00502,N0609,Vehicle Chemical Spill,Sulfur Dioxide,High,Light Wind,409.6,29,R02990,5,West,Emergency_Response
INC00503,N1873,Fire,None,Critical,Moderate Wind,58.8,33,R02400;R03708;R00028,4,Northeast,Shelter
INC00504,N1672,Explosion,None,Critical,Strong Wind,119.3,15,R04376,4,North,Reroute
INC00505,N0449,Chemical Leak,Chlorine,Critical,Strong Wind,248.4,10,R00459,5,West,Medical_Response
INC00506,N1506,Vehicle Chemical Spill,Hydrogen Sulfide,High,Strong Wind,157.3,39,R00253,1,Southeast,Medical_Response
INC00507,N1843,Industrial Fire,None,Critical,Calm,191.6,57,R02003;R03914;R04119,3,West,Evacuate
INC00508,N0321,Chemical Leak,Hydrogen Sulfide,Low,Light Wind,136.5,81,R01930,5,South,Road_Closure
INC00509,N0756,Explosion,None,Moderate,Calm,259.7,104,R03711;R02771,1,North,Medical_Response
INC00510,N1774,Storage Tank Leak,Sulfur Dioxide,High,Moderate Wind,77.9,91,R00634,5,North,Road_Closure
INC00511,N0621,Explosion,None,Critical,Moderate Wind,62.0,68,R01293;R04356;R04604;R04529,3,West,Road_Closure
INC00512,N0080,Storage Tank Leak,Sulfur Dioxide,Critical,Calm,68.0,77,R00692;R01287,1,South,Evacuate
INC00513,N1980,Storage Tank Leak,Hydrogen Sulfide,Moderate,Calm,492.5,106,R02059;R00517;R01665,5,East,Emergency_Response
INC00514,N1353,Toxic Gas Release,Sulfur Dioxide,Critical,Moderate Wind,454.0,59,R03986;R00809;R03567;R04395,3,Northeast,Emergency_Response
INC00515,N1582,Chemical Leak,Ammonia,Critical,Light Wind,334.4,87,R01292,4,South,Medical_Response
INC00516,N1585,Industrial Fire,None,Moderate,Light Wind,347.8,99,R04537,3,West,Shelter
INC00517,N0986,Chemical Leak,Ammonia,High,Light Wind,109.8,102,R04591,4,Southwest,Reroute
INC00518,N1491,Vehicle Chemical Spill,Sulfur Dioxide,High,Strong Wind,462.2,66,R00157,2,West,Reroute
INC00519,N1755,Explosion,None,Critical,Calm,261.3,104,R00322;R02195;R01116;R02206,3,Southeast,Emergency_Response
INC00520,N1288,Storage Tank Leak,Chlorine,Critical,Moderate Wind,215.2,113,R04319;R04000,3,West,Reroute
INC00521,N0778,Explosion,None,High,Moderate Wind,464.9,57,R04167;R04738;R01010,5,North,Medical_Response
INC00522,N0604,Explosion,None,Low,Moderate Wind,399.1,31,R02206,4,Southwest,Evacuate
INC00523,N1891,Pipeline Leak,Ammonia,Low,Moderate Wind,354.7,14,R02040;R01871;R04036;R00596,3,Northeast,Medical_Response
INC00524,N1241,Vehicle Chemical Spill,Nitrogen Dioxide,Low,Calm,448.4,117,R04117;R04300,1,Southwest,Evacuate
INC00525,N0729,Fire,None,Critical,Moderate Wind,357.5,62,R02152,4,Northwest,Reroute
INC00526,N0574,Toxic Gas Release,Hydrogen Sulfide,High,Moderate Wind,426.9,103,R03404;R02029,4,North,Emergency_Response
INC00527,N0771,Toxic Gas Release,Hydrogen Sulfide,High,Light Wind,285.8,44,R02705,3,West,Medical_Response
INC00528,N1723,Vehicle Chemical Spill,Nitrogen Dioxide,Moderate,Moderate Wind,165.6,7,R00805,3,Southwest,Road_Closure
INC00529,N1632,Pipeline Leak,Hydrogen Sulfide,High,Light Wind,149.9,71,R01622,5,West,Evacuate
INC00530,N1722,Vehicle Chemical Spill,Ammonia,Critical,Calm,159.0,109,R02258;R03547;R03173;R02040,4,East,Reroute
INC00531,N1515,Fire,None,Moderate,Calm,241.7,51,R01535,1,Northeast,Evacuate
INC00532,N1121,Vehicle Chemical Spill,Chlorine,Critical,Light Wind,146.0,72,R00641,3,Southwest,Evacuate
INC00533,N1169,Pipeline Leak,Ammonia,Moderate,Light Wind,382.1,30,R03781,4,South,Shelter
INC00534,N1814,Toxic Gas Release,Hydrogen Sulfide,Critical,Strong Wind,174.0,57,R01563,4,Northwest,Road_Closure
INC00535,N1759,Chemical Leak,Chlorine,Moderate,Moderate Wind,150.7,88,R00722;R01814;R02442;R03040;R00373,5,Northeast,Emergency_Response
INC00536,N1521,Pipeline Leak,Hydrogen Sulfide,Critical,Strong Wind,259.5,97,R02292,2,Northeast,Road_Closure
INC00537,N0949,Fire,None,Moderate,Moderate Wind,27.3,4,R02232;R01802;R00936;R04276,4,North,Medical_Response
INC00538,N1286,Industrial Fire,None,High,Moderate Wind,435.4,24,R01860,3,Northwest,Evacuate
INC00539,N1758,Toxic Gas Release,Sulfur Dioxide,Low,Strong Wind,140.2,23,R04270,2,East,Evacuate
INC00540,N1814,Explosion,None,Low,Light Wind,8.9,42,R04060;R00806;R03566;R04643,1,East,Emergency_Response
INC00541,N1139,Explosion,None,High,Moderate Wind,416.1,76,R04331;R03203;R04810,5,Northwest,Shelter
INC00542,N1810,Pipeline Leak,Ammonia,Critical,Light Wind,255.5,41,R01299;R00385;R04077;R00695,4,South,Shelter
INC00543,N1124,Vehicle Chemical Spill,Chlorine,High,Calm,414.8,34,R00140;R03517,3,East,Evacuate
INC00544,N0423,Vehicle Chemical Spill,Hydrogen Sulfide,High,Moderate Wind,396.4,99,R00517;R01290;R01178,1,South,Road_Closure
INC00545,N1856,Fire,None,Low,Calm,405.2,27,R02551,4,South,Shelter
INC00546,N0610,Chemical Leak,Hydrogen Sulfide,Critical,Light Wind,149.1,2,R03304;R03817,1,Southwest,Emergency_Response
INC00547,N0252,Chemical Leak,Sulfur Dioxide,Moderate,Strong Wind,433.8,90,R02209;R02416;R02246,1,Southeast,Medical_Response
INC00548,N0811,Storage Tank Leak,Hydrogen Sulfide,Critical,Moderate Wind,229.1,39,R01813,2,East,Reroute
INC00549,N1785,Vehicle Chemical Spill,Chlorine,High,Calm,322.4,93,R04355;R02354,4,Northeast,Shelter
INC00550,N0507,Fire,None,High,Light Wind,27.8,100,R01418;R03025;R00671,1,South,Emergency_Response
INC00551,N1262,Vehicle Chemical Spill,Sulfur Dioxide,Low,Strong Wind,320.0,87,R03254,1,Southwest,Road_Closure
INC00552,N0948,Industrial Fire,None,High,Light Wind,228.0,80,R00488;R00511;R00240;R01167,2,Southeast,Reroute
INC00553,N0726,Explosion,None,High,Strong Wind,38.0,105,R01592;R01962,5,Northeast,Shelter
INC00554,N0179,Chemical Leak,Hydrogen Sulfide,Moderate,Calm,136.6,88,R00214,2,Northwest,Reroute
INC00555,N0716,Storage Tank Leak,Ammonia,High,Light Wind,486.6,41,R02389,3,Southwest,Evacuate
INC00556,N1094,Explosion,None,Moderate,Calm,172.3,115,R04263;R02041;R04137,3,Southwest,Medical_Response
INC00557,N0933,Pipeline Leak,Hydrogen Sulfide,High,Light Wind,450.3,24,R01243,5,South,Reroute
INC00558,N1905,Storage Tank Leak,Chlorine,Low,Strong Wind,438.8,21,R04131;R01070,2,North,Emergency_Response
INC00559,N1866,Explosion,None,High,Calm,44.7,16,R02967,1,Northwest,Road_Closure
INC00560,N0908,Industrial Fire,None,Moderate,Light Wind,119.4,33,R01288;R00021;R04666,5,Southeast,Shelter
INC00561,N0441,Fire,None,High,Calm,103.1,96,R00488,1,West,Emergency_Response
INC00562,N0164,Industrial Fire,None,Critical,Strong Wind,57.4,52,R04045,2,Northeast,Road_Closure
INC00563,N1715,Pipeline Leak,Chlorine,High,Calm,83.1,17,R04098;R04187,3,Northeast,Reroute
INC00564,N0887,Chemical Leak,Nitrogen Dioxide,High,Moderate Wind,173.7,37,R01774;R03560,2,North,Reroute
INC00565,N0554,Storage Tank Leak,Sulfur Dioxide,Low,Moderate Wind,126.0,37,R01612;R00105;R02352,3,West,Road_Closure
INC00566,N0400,Storage Tank Leak,Sulfur Dioxide,Moderate,Light Wind,270.8,100,R01439;R01315,5,Southwest,Reroute
INC00567,N1301,Toxic Gas Release,Nitrogen Dioxide,High,Light Wind,406.3,96,R01615;R01431,1,Northwest,Reroute
INC00568,N1053,Toxic Gas Release,Sulfur Dioxide,High,Light Wind,160.4,69,R03433,3,Northeast,Shelter
INC00569,N0734,Industrial Fire,None,Critical,Calm,292.5,87,R04383,4,South,Medical_Response
INC00570,N1806,Fire,None,Moderate,Moderate Wind,114.7,27,R00161;R03343,1,South,Medical_Response
INC00571,N1929,Vehicle Chemical Spill,Ammonia,Moderate,Strong Wind,255.4,95,R01587,1,North,Reroute
INC00572,N1770,Industrial Fire,None,High,Light Wind,94.9,48,R00108;R04350;R02543,5,Northeast,Emergency_Response
INC00573,N0040,Pipeline Leak,Ammonia,Moderate,Moderate Wind,133.4,82,R01581;R02626;R01664,3,West,Emergency_Response
INC00574,N1051,Industrial Fire,None,Moderate,Light Wind,464.3,84,R00493;R04172;R04464,3,Southeast,Road_Closure
INC00575,N0500,Toxic Gas Release,Sulfur Dioxide,High,Moderate Wind,280.0,69,R03212;R01192;R02892,3,West,Medical_Response
INC00576,N0990,Explosion,None,High,Strong Wind,200.9,99,R03035;R00742,4,East,Medical_Response
INC00577,N1091,Industrial Fire,None,Moderate,Strong Wind,57.7,43,R04306,3,South,Emergency_Response
INC00578,N0252,Explosion,None,Critical,Strong Wind,398.8,37,R04204,4,South,Medical_Response
INC00579,N1889,Pipeline Leak,Hydrogen Sulfide,Critical,Moderate Wind,250.4,65,R01345;R03580;R02361;R02221,3,East,Reroute
INC00580,N1766,Storage Tank Leak,Nitrogen Dioxide,Critical,Moderate Wind,347.1,19,R03495,4,Northwest,Emergency_Response
INC00581,N1280,Toxic Gas Release,Chlorine,Critical,Strong Wind,419.3,99,R04693,5,Northwest,Shelter
INC00582,N0891,Fire,None,High,Light Wind,211.4,24,R04589,3,North,Emergency_Response
INC00583,N0521,Chemical Leak,Chlorine,High,Moderate Wind,285.5,107,R00050;R03875,3,Southwest,Road_Closure
INC00584,N0924,Pipeline Leak,Sulfur Dioxide,Moderate,Calm,96.3,73,R00777,3,West,Medical_Response
INC00585,N0827,Storage Tank Leak,Chlorine,Moderate,Calm,55.3,28,R04785;R03144;R00864,4,Northwest,Medical_Response
INC00586,N1402,Fire,None,High,Moderate Wind,424.0,102,R02052;R04399;R00522;R00830;R00898,5,West,Shelter
INC00587,N1533,Industrial Fire,None,Critical,Strong Wind,123.4,38,R01868,4,Northwest,Shelter
INC00588,N1323,Explosion,None,Critical,Strong Wind,403.5,5,R00635;R03254;R04601,1,East,Shelter
INC00589,N0190,Pipeline Leak,Hydrogen Sulfide,High,Light Wind,225.5,22,R00503,1,Southeast,Shelter
INC00590,N0828,Explosion,None,High,Moderate Wind,156.2,93,R03412;R01786,1,South,Evacuate
INC00591,N0702,Fire,None,Critical,Strong Wind,38.7,76,R03860;R01877;R02421,1,South,Road_Closure
INC00592,N1462,Chemical Leak,Nitrogen Dioxide,Moderate,Calm,343.8,17,R04750;R04425;R01651,5,Southwest,Road_Closure
INC00593,N1600,Toxic Gas Release,Chlorine,High,Light Wind,7.1,109,R02138;R03614,2,Northeast,Reroute
INC00594,N1443,Pipeline Leak,Nitrogen Dioxide,Critical,Moderate Wind,47.8,52,R04005,1,Southwest,Evacuate
INC00595,N1456,Fire,None,High,Moderate Wind,65.0,13,R01069;R03301;R04152;R02229,4,East,Reroute
INC00596,N0482,Storage Tank Leak,Chlorine,High,Moderate Wind,192.1,15,R04268,3,West,Emergency_Response
INC00597,N1021,Pipeline Leak,Chlorine,Critical,Calm,208.2,67,R00214;R04701;R01687;R00709;R04465,1,Northeast,Emergency_Response
INC00598,N0425,Fire,None,High,Calm,116.6,40,R04126,2,Southwest,Shelter
INC00599,N0822,Storage Tank Leak,Chlorine,Moderate,Moderate Wind,230.7,44,R02219;R01639,4,South,Medical_Response
INC00600,N1191,Toxic Gas Release,Sulfur Dioxide,Critical,Light Wind,181.8,90,R02117,1,East,Shelter
INC00601,N1034,Explosion,None,Moderate,Strong Wind,56.3,106,R03299,2,Northwest,Road_Closure
INC00602,N1377,Vehicle Chemical Spill,Sulfur Dioxide,Critical,Light Wind,180.5,75,R02343,3,South,Evacuate
INC00603,N0138,Toxic Gas Release,Ammonia,High,Calm,95.6,5,R00532,2,West,Shelter
INC00604,N1802,Vehicle Chemical Spill,Ammonia,Critical,Strong Wind,341.7,101,R03226,1,West,Reroute
INC00605,N1988,Explosion,None,High,Calm,347.3,23,R04312,2,Southeast,Emergency_Response
INC00606,N0779,Pipeline Leak,Hydrogen Sulfide,Critical,Calm,244.0,66,R00849;R03852,5,Southeast,Evacuate
INC00607,N1286,Industrial Fire,None,High,Moderate Wind,207.0,31,R00054,4,Northwest,Road_Closure
INC00608,N0152,Explosion,None,High,Light Wind,253.8,12,R04315,2,West,Shelter
INC00609,N1359,Chemical Leak,Chlorine,High,Moderate Wind,289.9,13,R03360,2,South,Evacuate
INC00610,N0447,Vehicle Chemical Spill,Chlorine,Moderate,Calm,120.1,1,R01074;R02155;R00238,2,North,Road_Closure
INC00611,N1636,Vehicle Chemical Spill,Sulfur Dioxide,Moderate,Calm,139.5,97,R00680;R01898;R04515,2,North,Reroute
INC00612,N0166,Vehicle Chemical Spill,Nitrogen Dioxide,High,Light Wind,326.0,74,R04173,5,Southeast,Road_Closure
INC00613,N0004,Fire,None,Moderate,Light Wind,136.8,101,R04252;R01782;R03313,1,South,Reroute
INC00614,N0578,Vehicle Chemical Spill,Sulfur Dioxide,Critical,Light Wind,189.9,59,R01345;R02412;R04666,3,West,Evacuate
INC00615,N0137,Vehicle Chemical Spill,Chlorine,Critical,Moderate Wind,234.6,19,R00191;R02146;R03385;R02849,5,North,Road_Closure
INC00616,N0287,Fire,None,High,Light Wind,441.1,30,R04615;R02054;R02672,5,Southwest,Evacuate
INC00617,N1052,Toxic Gas Release,Chlorine,Critical,Calm,365.5,31,R00679,4,South,Evacuate
INC00618,N0040,Toxic Gas Release,Hydrogen Sulfide,High,Light Wind,144.9,4,R03206;R00540,4,South,Reroute
INC00619,N1461,Pipeline Leak,Sulfur Dioxide,Moderate,Light Wind,199.7,7,R03090,5,Southwest,Road_Closure
INC00620,N1909,Pipeline Leak,Chlorine,Low,Strong Wind,406.5,101,R03282;R00709,5,North,Reroute
INC00621,N1888,Pipeline Leak,Nitrogen Dioxide,Critical,Light Wind,354.5,114,R01952,5,East,Road_Closure
INC00622,N0217,Fire,None,High,Strong Wind,69.8,5,R02017;R00126,5,East,Shelter
INC00623,N0426,Explosion,None,Moderate,Calm,17.2,111,R03655;R01495,4,Northwest,Reroute
INC00624,N1234,Toxic Gas Release,Ammonia,Moderate,Calm,53.4,31,R00921,3,North,Medical_Response
INC00625,N1542,Storage Tank Leak,Nitrogen Dioxide,High,Calm,487.1,57,R02862;R02259,3,Southeast,Road_Closure
INC00626,N1983,Explosion,None,Critical,Light Wind,309.5,73,R03102;R01328,2,South,Reroute
INC00627,N1137,Vehicle Chemical Spill,Ammonia,Moderate,Calm,244.6,68,R03602,5,Southeast,Emergency_Response
INC00628,N0322,Storage Tank Leak,Chlorine,High,Light Wind,297.6,67,R00212;R00761,4,Southwest,Reroute
INC00629,N0852,Fire,None,Moderate,Moderate Wind,499.4,82,R02672;R02501,4,Northeast,Evacuate
INC00630,N0279,Storage Tank Leak,Nitrogen Dioxide,High,Calm,77.3,104,R00428,3,Northeast,Reroute
INC00631,N1985,Chemical Leak,Nitrogen Dioxide,Moderate,Light Wind,471.1,23,R00208,3,Northwest,Medical_Response
INC00632,N0923,Storage Tank Leak,Ammonia,Low,Moderate Wind,470.8,25,R01344,4,Southwest,Reroute
INC00633,N1273,Explosion,None,Critical,Calm,403.2,17,R00599;R04581,5,North,Road_Closure
INC00634,N1883,Toxic Gas Release,Hydrogen Sulfide,High,Strong Wind,304.7,89,R02358;R03759;R03374;R01158;R00298,3,West,Shelter
INC00635,N0517,Industrial Fire,None,Critical,Light Wind,316.4,73,R04781;R00871;R04295,2,South,Evacuate
INC00636,N1101,Chemical Leak,Ammonia,High,Moderate Wind,32.1,50,R00138;R01745,3,North,Road_Closure
INC00637,N0946,Fire,None,Moderate,Light Wind,256.3,13,R00270,1,Southeast,Shelter
INC00638,N1787,Storage Tank Leak,Nitrogen Dioxide,Low,Moderate Wind,292.7,30,R00159;R04765;R00373;R02627,3,Northeast,Shelter
INC00639,N0373,Fire,None,Moderate,Strong Wind,463.5,105,R03994;R02215;R01978,1,East,Emergency_Response
INC00640,N1859,Toxic Gas Release,Hydrogen Sulfide,High,Light Wind,290.6,34,R02993;R00991,1,Northeast,Road_Closure
INC00641,N1637,Pipeline Leak,Hydrogen Sulfide,High,Strong Wind,104.8,69,R02267,1,West,Reroute
INC00642,N0480,Storage Tank Leak,Hydrogen Sulfide,Moderate,Calm,211.4,97,R01330,5,North,Shelter
INC00643,N1756,Chemical Leak,Nitrogen Dioxide,High,Calm,146.2,85,R00022,2,Southeast,Emergency_Response
INC00644,N1780,Fire,None,Low,Light Wind,275.6,73,R04695,3,Northeast,Road_Closure
INC00645,N0080,Vehicle Chemical Spill,Hydrogen Sulfide,Moderate,Light Wind,140.5,86,R02643,1,Northeast,Reroute
INC00646,N0179,Industrial Fire,None,High,Strong Wind,487.4,79,R03010;R04276;R03706,4,West,Road_Closure
INC00647,N0977,Vehicle Chemical Spill,Hydrogen Sulfide,High,Calm,471.7,29,R00386;R02498;R01870;R04197,3,North,Emergency_Response
INC00648,N0499,Pipeline Leak,Nitrogen Dioxide,High,Light Wind,42.7,89,R04506,3,Southeast,Emergency_Response
INC00649,N0494,Industrial Fire,None,High,Calm,455.2,25,R04277;R03645;R01596;R04725;R00250,1,Northwest,Reroute
INC00650,N0989,Storage Tank Leak,Chlorine,Moderate,Calm,399.2,4,R01373;R03305;R03092,2,Northwest,Medical_Response
INC00651,N0071,Chemical Leak,Ammonia,High,Light Wind,124.4,10,R04548,1,South,Evacuate
INC00652,N0018,Pipeline Leak,Nitrogen Dioxide,High,Moderate Wind,262.7,60,R04606,3,East,Road_Closure
INC00653,N1613,Industrial Fire,None,High,Light Wind,453.9,69,R03537;R04081;R00016;R04409,1,North,Medical_Response
INC00654,N1366,Fire,None,Critical,Light Wind,314.9,28,R02848;R02130,2,South,Medical_Response
INC00655,N1566,Toxic Gas Release,Chlorine,Moderate,Calm,132.1,69,R03454;R02525,1,West,Reroute
INC00656,N1382,Storage Tank Leak,Chlorine,Moderate,Calm,313.8,71,R00181,4,Northwest,Emergency_Response
INC00657,N0248,Chemical Leak,Nitrogen Dioxide,High,Calm,296.4,89,R00007;R01744,2,West,Emergency_Response
INC00658,N0490,Chemical Leak,Ammonia,Moderate,Calm,51.2,116,R00313;R04322;R02857,4,Southwest,Reroute
INC00659,N1767,Explosion,None,High,Moderate Wind,281.0,116,R00099;R02550;R01247,4,East,Evacuate
INC00660,N1260,Explosion,None,Moderate,Moderate Wind,470.5,91,R00918,5,Southwest,Reroute
INC00661,N1471,Explosion,None,Moderate,Light Wind,119.7,3,R04743;R03469,2,Southeast,Medical_Response
INC00662,N0324,Fire,None,High,Calm,201.1,113,R00676;R04030;R02221,4,South,Emergency_Response
INC00663,N0236,Storage Tank Leak,Sulfur Dioxide,Moderate,Moderate Wind,204.4,48,R04574,4,North,Road_Closure
INC00664,N1617,Fire,None,Low,Light Wind,264.8,91,R03278;R02261,3,Northwest,Evacuate
INC00665,N1544,Fire,None,Critical,Calm,181.9,114,R02231;R03763;R03977,1,East,Reroute
INC00666,N1025,Industrial Fire,None,Moderate,Light Wind,258.9,22,R03836,3,West,Evacuate
INC00667,N1593,Fire,None,Critical,Light Wind,32.0,61,R02437,4,West,Medical_Response
INC00668,N1812,Storage Tank Leak,Sulfur Dioxide,Moderate,Light Wind,257.7,85,R02945;R04532;R02726;R01786,1,Southeast,Shelter
INC00669,N0555,Industrial Fire,None,Low,Moderate Wind,287.4,24,R04748,5,Southeast,Medical_Response
INC00670,N1773,Industrial Fire,None,Moderate,Strong Wind,451.5,7,R01465;R04517,1,South,Shelter
INC00671,N1727,Vehicle Chemical Spill,Hydrogen Sulfide,High,Moderate Wind,326.6,53,R00220;R00640,4,South,Medical_Response
INC00672,N0877,Vehicle Chemical Spill,Hydrogen Sulfide,High,Strong Wind,364.7,48,R03929;R01428,1,North,Shelter
INC00673,N0797,Chemical Leak,Hydrogen Sulfide,High,Calm,367.5,98,R00942;R01711;R03716;R04429,1,Southwest,Emergency_Response
INC00674,N1727,Vehicle Chemical Spill,Chlorine,Critical,Strong Wind,269.6,87,R03046,2,Northwest,Road_Closure
INC00675,N0804,Pipeline Leak,Nitrogen Dioxide,Low,Calm,164.7,55,R01695,1,Northeast,Shelter
INC00676,N1880,Chemical Leak,Nitrogen Dioxide,High,Light Wind,205.2,108,R04675,3,Southeast,Road_Closure
INC00677,N1727,Industrial Fire,None,High,Light Wind,468.6,68,R01186,5,East,Road_Closure
INC00678,N0105,Chemical Leak,Nitrogen Dioxide,Critical,Light Wind,129.1,108,R01468,1,Northeast,Emergency_Response
INC00679,N1523,Vehicle Chemical Spill,Ammonia,Low,Calm,430.6,101,R04766;R00094,3,East,Road_Closure
INC00680,N0929,Vehicle Chemical Spill,Sulfur Dioxide,Critical,Light Wind,324.3,59,R04798,4,Northwest,Emergency_Response
INC00681,N0379,Pipeline Leak,Sulfur Dioxide,Moderate,Moderate Wind,97.4,81,R03486,5,Northwest,Shelter
INC00682,N0834,Vehicle Chemical Spill,Ammonia,High,Strong Wind,125.0,96,R02983;R04748;R04005;R03489,3,Southeast,Reroute
INC00683,N0678,Industrial Fire,None,High,Light Wind,335.5,85,R03223;R04280;R02544,2,East,Medical_Response
INC00684,N1818,Industrial Fire,None,Critical,Moderate Wind,12.3,26,R01517;R04326;R00377,1,Northwest,Shelter
INC00685,N0975,Chemical Leak,Nitrogen Dioxide,Low,Light Wind,279.0,89,R03682,3,North,Reroute
INC00686,N1612,Chemical Leak,Sulfur Dioxide,Moderate,Strong Wind,277.5,98,R00105,2,North,Emergency_Response
INC00687,N0257,Storage Tank Leak,Hydrogen Sulfide,High,Calm,212.2,56,R01690;R02254,1,Southeast,Shelter
INC00688,N0582,Fire,None,High,Strong Wind,244.2,18,R04565,4,South,Evacuate
INC00689,N1856,Pipeline Leak,Ammonia,High,Calm,41.4,16,R01333;R03800;R00273;R03161,3,Northwest,Road_Closure
INC00690,N0188,Pipeline Leak,Hydrogen Sulfide,High,Light Wind,116.0,113,R02767;R04073,1,North,Evacuate
INC00691,N1562,Toxic Gas Release,Nitrogen Dioxide,Moderate,Moderate Wind,199.0,79,R04701;R02190;R00307,5,East,Shelter
INC00692,N1385,Toxic Gas Release,Chlorine,High,Strong Wind,363.5,64,R03558;R02791;R04543;R01235,2,West,Emergency_Response
INC00693,N1952,Vehicle Chemical Spill,Chlorine,High,Strong Wind,450.6,112,R02795,3,South,Emergency_Response
INC00694,N1867,Explosion,None,High,Light Wind,22.7,85,R03415,5,East,Medical_Response
INC00695,N1670,Chemical Leak,Sulfur Dioxide,Critical,Calm,349.9,38,R02088;R00822,5,West,Emergency_Response
INC00696,N1106,Storage Tank Leak,Hydrogen Sulfide,Moderate,Calm,442.5,35,R01089,5,Southeast,Medical_Response
INC00697,N0316,Fire,None,High,Calm,456.4,80,R00462;R01648,4,Northeast,Reroute
INC00698,N1144,Pipeline Leak,Hydrogen Sulfide,Critical,Light Wind,220.2,47,R03743;R00643;R00414;R04703,5,Southwest,Evacuate
INC00699,N1614,Fire,None,Critical,Calm,173.8,80,R01675;R04645,3,East,Road_Closure
INC00700,N0453,Explosion,None,High,Strong Wind,146.7,57,R02337;R03771;R01578;R04499,4,Southeast,Emergency_Response
INC00701,N1126,Explosion,None,Critical,Calm,210.0,94,R04028;R03553,3,Southwest,Road_Closure
INC00702,N0376,Toxic Gas Release,Hydrogen Sulfide,High,Calm,398.3,53,R03729;R02573;R02539;R00975,5,West,Evacuate
INC00703,N0901,Vehicle Chemical Spill,Hydrogen Sulfide,High,Strong Wind,443.4,98,R01322;R02323;R02630,5,Northwest,Evacuate
INC00704,N1746,Pipeline Leak,Sulfur Dioxide,Critical,Strong Wind,337.7,83,R03070;R04479,1,West,Medical_Response
INC00705,N0545,Pipeline Leak,Hydrogen Sulfide,High,Strong Wind,105.1,117,R01050;R04464;R00297,4,East,Medical_Response
INC00706,N1728,Fire,None,Critical,Moderate Wind,64.4,83,R01231,2,East,Road_Closure
INC00707,N1175,Toxic Gas Release,Ammonia,Critical,Moderate Wind,331.7,115,R02216;R02104,3,South,Medical_Response
INC00708,N1891,Explosion,None,High,Strong Wind,43.5,94,R04260;R01973,3,West,Emergency_Response
INC00709,N0299,Vehicle Chemical Spill,Nitrogen Dioxide,High,Calm,322.1,55,R02224;R01656;R02688;R03166;R00476,3,Southeast,Road_Closure
INC00710,N1518,Pipeline Leak,Chlorine,Critical,Moderate Wind,324.9,82,R02176;R03033,1,North,Evacuate
INC00711,N1105,Storage Tank Leak,Nitrogen Dioxide,High,Light Wind,25.8,11,R03952;R03170,5,Northwest,Shelter
INC00712,N1806,Toxic Gas Release,Nitrogen Dioxide,Moderate,Light Wind,468.4,113,R00899;R02094,2,Northwest,Medical_Response
INC00713,N0300,Vehicle Chemical Spill,Hydrogen Sulfide,High,Light Wind,167.9,39,R04410;R02476,3,Northwest,Reroute
INC00714,N0930,Pipeline Leak,Chlorine,High,Calm,362.7,14,R01359,3,East,Medical_Response
INC00715,N0655,Toxic Gas Release,Hydrogen Sulfide,Low,Moderate Wind,77.1,116,R03976,1,Northwest,Emergency_Response
INC00716,N1695,Toxic Gas Release,Ammonia,High,Strong Wind,286.8,106,R04114,2,Northwest,Medical_Response
INC00717,N0901,Toxic Gas Release,Ammonia,High,Light Wind,419.5,65,R00624;R04526,1,South,Shelter
INC00718,N1879,Toxic Gas Release,Hydrogen Sulfide,Moderate,Light Wind,209.7,118,R04764,1,Northeast,Medical_Response
INC00719,N1555,Pipeline Leak,Hydrogen Sulfide,High,Moderate Wind,311.2,14,R00751,3,Southwest,Road_Closure
INC00720,N1860,Storage Tank Leak,Hydrogen Sulfide,Critical,Strong Wind,229.6,70,R04742,3,South,Evacuate
INC00721,N1630,Vehicle Chemical Spill,Nitrogen Dioxide,High,Strong Wind,494.5,108,R02154;R04738;R01774;R02077;R04640,4,East,Emergency_Response
INC00722,N0063,Fire,None,Moderate,Light Wind,152.3,38,R01881,5,Northwest,Evacuate
INC00723,N0146,Vehicle Chemical Spill,Sulfur Dioxide,Moderate,Calm,71.8,53,R02976;R02489,4,West,Road_Closure
INC00724,N0009,Storage Tank Leak,Chlorine,Critical,Calm,134.6,106,R00572;R01910,5,Northwest,Shelter
INC00725,N1011,Industrial Fire,None,Moderate,Light Wind,275.1,39,R04793,1,Northwest,Road_Closure
INC00726,N1931,Fire,None,Moderate,Calm,422.3,27,R02168,2,North,Medical_Response
INC00727,N1965,Toxic Gas Release,Sulfur Dioxide,High,Calm,332.1,79,R00626;R00809,5,South,Shelter
INC00728,N1393,Vehicle Chemical Spill,Sulfur Dioxide,Moderate,Calm,458.0,33,R02208,5,South,Emergency_Response
INC00729,N1301,Explosion,None,Critical,Calm,249.1,69,R01807;R03053,3,Southeast,Shelter
INC00730,N1056,Explosion,None,Critical,Moderate Wind,197.1,72,R00176;R01785,5,North,Road_Closure
INC00731,N0689,Chemical Leak,Hydrogen Sulfide,Critical,Strong Wind,13.3,36,R02937;R01545,3,East,Road_Closure
INC00732,N0320,Chemical Leak,Sulfur Dioxide,Moderate,Light Wind,384.1,50,R00865,5,South,Evacuate
INC00733,N0265,Fire,None,Moderate,Calm,12.5,102,R03943;R01187,2,South,Reroute
INC00734,N1601,Chemical Leak,Ammonia,High,Moderate Wind,396.3,82,R03263;R01097;R00461;R01323,1,Southeast,Evacuate
INC00735,N1510,Fire,None,Critical,Moderate Wind,227.5,57,R00448,5,Southeast,Emergency_Response
INC00736,N1853,Storage Tank Leak,Hydrogen Sulfide,High,Strong Wind,333.5,51,R04412,3,East,Road_Closure
INC00737,N0088,Toxic Gas Release,Ammonia,High,Moderate Wind,285.4,84,R01141;R03420,2,Northeast,Medical_Response
INC00738,N0782,Storage Tank Leak,Sulfur Dioxide,High,Moderate Wind,208.6,46,R00401,4,Southeast,Shelter
INC00739,N1577,Explosion,None,High,Strong Wind,279.3,17,R02319,4,Southeast,Evacuate
INC00740,N1649,Chemical Leak,Chlorine,Critical,Strong Wind,264.0,1,R01773,5,Northeast,Emergency_Response
INC00741,N1413,Industrial Fire,None,High,Moderate Wind,149.7,28,R04111;R01029;R04363;R04630;R01555,4,North,Evacuate
INC00742,N0496,Industrial Fire,None,High,Moderate Wind,154.8,34,R00990,3,West,Medical_Response
INC00743,N1818,Toxic Gas Release,Hydrogen Sulfide,Low,Moderate Wind,78.0,13,R00129,1,North,Medical_Response
INC00744,N0915,Fire,None,Moderate,Strong Wind,403.0,79,R01633,1,North,Shelter
INC00745,N0445,Storage Tank Leak,Chlorine,High,Strong Wind,65.8,87,R01335,4,Southwest,Shelter
INC00746,N1073,Industrial Fire,None,High,Calm,243.6,25,R00638,2,Northwest,Road_Closure
INC00747,N1496,Vehicle Chemical Spill,Sulfur Dioxide,Moderate,Calm,435.4,57,R04159;R01607,5,Southwest,Shelter
INC00748,N0634,Fire,None,High,Calm,7.1,67,R02498;R01439;R00683;R04383,2,East,Shelter
INC00749,N1432,Explosion,None,High,Strong Wind,171.6,69,R03995;R02086,1,West,Medical_Response
INC00750,N1896,Fire,None,Critical,Moderate Wind,440.2,80,R01003,4,Southwest,Shelter
INC00751,N0988,Toxic Gas Release,Ammonia,Moderate,Calm,78.0,114,R04615;R04141;R03870,3,Northwest,Evacuate
INC00752,N1995,Storage Tank Leak,Nitrogen Dioxide,Low,Light Wind,195.1,97,R03632,3,West,Medical_Response
INC00753,N1638,Explosion,None,High,Strong Wind,80.1,80,R01444,2,North,Road_Closure
INC00754,N0679,Pipeline Leak,Hydrogen Sulfide,High,Calm,498.9,107,R02816;R04781;R01073;R02761,1,Northwest,Emergency_Response
INC00755,N1836,Explosion,None,Moderate,Light Wind,35.1,37,R04033;R01633;R01566;R00037;R01229,2,North,Emergency_Response
INC00756,N0790,Chemical Leak,Sulfur Dioxide,Moderate,Moderate Wind,344.0,74,R01940;R02743,5,North,Evacuate
INC00757,N1856,Industrial Fire,None,Low,Strong Wind,277.8,48,R04133,4,Northwest,Medical_Response
INC00758,N0860,Storage Tank Leak,Nitrogen Dioxide,High,Moderate Wind,196.6,48,R01030;R02891;R04116,2,Northeast,Emergency_Response
INC00759,N1983,Toxic Gas Release,Sulfur Dioxide,High,Moderate Wind,343.9,40,R00840;R01140;R04473,2,North,Emergency_Response
INC00760,N0650,Pipeline Leak,Nitrogen Dioxide,Critical,Moderate Wind,479.6,19,R02767,2,Southeast,Evacuate
INC00761,N0314,Vehicle Chemical Spill,Ammonia,Moderate,Strong Wind,96.8,34,R00614,4,Northeast,Evacuate
INC00762,N0495,Chemical Leak,Hydrogen Sulfide,Moderate,Strong Wind,138.6,44,R02185;R02346;R01803,3,North,Road_Closure
INC00763,N0136,Pipeline Leak,Chlorine,Critical,Light Wind,333.0,81,R01428,4,West,Evacuate
INC00764,N1159,Pipeline Leak,Chlorine,Moderate,Calm,339.3,6,R04473,2,Southeast,Emergency_Response
INC00765,N1507,Chemical Leak,Nitrogen Dioxide,Moderate,Light Wind,333.4,41,R04716;R02190;R04661,4,South,Reroute
INC00766,N1695,Storage Tank Leak,Chlorine,Critical,Moderate Wind,45.1,18,R00875,4,East,Emergency_Response
INC00767,N1515,Pipeline Leak,Hydrogen Sulfide,Moderate,Calm,229.7,56,R01361,4,West,Medical_Response
INC00768,N0668,Explosion,None,High,Moderate Wind,459.7,98,R00404;R02432;R03079,5,North,Road_Closure
INC00769,N0122,Vehicle Chemical Spill,Hydrogen Sulfide,Moderate,Strong Wind,253.4,59,R00217,1,Southeast,Medical_Response
INC00770,N0964,Explosion,None,Moderate,Strong Wind,292.8,71,R00546,4,Northwest,Emergency_Response
INC00771,N1668,Toxic Gas Release,Sulfur Dioxide,Critical,Light Wind,96.8,14,R00878;R03163,4,Northeast,Evacuate
INC00772,N0865,Vehicle Chemical Spill,Hydrogen Sulfide,Low,Light Wind,45.7,99,R02870;R02842;R00226,2,West,Emergency_Response
INC00773,N0101,Chemical Leak,Chlorine,Moderate,Calm,83.6,8,R03268;R02852,5,Northwest,Reroute
INC00774,N0812,Explosion,None,Critical,Strong Wind,443.8,28,R04445;R04756,2,Northeast,Medical_Response
INC00775,N1695,Toxic Gas Release,Nitrogen Dioxide,Moderate,Light Wind,212.6,104,R04564,3,Northwest,Evacuate
INC00776,N1520,Storage Tank Leak,Chlorine,Moderate,Light Wind,368.2,54,R03476,1,West,Reroute
INC00777,N1305,Explosion,None,High,Light Wind,258.1,94,R04131;R02579;R01934;R00598,4,East,Shelter
INC00778,N1905,Chemical Leak,Hydrogen Sulfide,High,Light Wind,386.7,25,R03139;R04769;R01772,1,East,Medical_Response
INC00779,N1737,Fire,None,High,Strong Wind,409.7,102,R01989;R04368,4,North,Road_Closure
INC00780,N0758,Industrial Fire,None,Critical,Calm,58.3,118,R03328,1,West,Reroute
INC00781,N0048,Fire,None,High,Moderate Wind,347.4,25,R02572,2,Northwest,Evacuate
INC00782,N1800,Fire,None,Moderate,Light Wind,475.2,67,R03342;R04613,1,East,Emergency_Response
INC00783,N0786,Explosion,None,Moderate,Calm,206.8,76,R02055;R00113;R02076,1,Northwest,Emergency_Response
INC00784,N1281,Toxic Gas Release,Chlorine,High,Moderate Wind,191.5,103,R02283,1,North,Reroute
INC00785,N1003,Explosion,None,High,Light Wind,216.9,46,R00003,1,North,Medical_Response
INC00786,N1550,Industrial Fire,None,Moderate,Strong Wind,166.8,95,R03614,1,West,Emergency_Response
INC00787,N0306,Explosion,None,Low,Strong Wind,359.1,107,R00622;R01841;R02549,1,West,Reroute
INC00788,N0586,Storage Tank Leak,Sulfur Dioxide,Low,Moderate Wind,267.2,98,R04523;R03130;R04615,4,Southeast,Road_Closure
INC00789,N0962,Storage Tank Leak,Sulfur Dioxide,High,Moderate Wind,183.2,116,R03164;R02914;R03805,5,Northeast,Medical_Response
INC00790,N0970,Vehicle Chemical Spill,Hydrogen Sulfide,Low,Moderate Wind,124.5,36,R00103,1,Northwest,Medical_Response
INC00791,N1471,Toxic Gas Release,Sulfur Dioxide,Low,Strong Wind,87.9,111,R00111;R03482,5,Northwest,Shelter
INC00792,N1105,Chemical Leak,Sulfur Dioxide,Moderate,Calm,394.2,42,R00831;R01966;R00394;R00863,5,South,Evacuate
INC00793,N1822,Fire,None,Low,Light Wind,397.9,40,R00658;R02626,4,East,Medical_Response
INC00794,N1342,Pipeline Leak,Ammonia,High,Moderate Wind,301.3,72,R00894,2,South,Shelter
INC00795,N0942,Industrial Fire,None,High,Calm,45.9,95,R00004,5,North,Shelter
INC00796,N1153,Industrial Fire,None,High,Light Wind,272.7,29,R03883;R03982;R03138,2,Northeast,Shelter
INC00797,N1970,Chemical Leak,Ammonia,Critical,Moderate Wind,436.8,55,R02507;R02106;R02435,1,Southeast,Road_Closure
INC00798,N0429,Storage Tank Leak,Chlorine,High,Moderate Wind,182.8,114,R01995;R04430,5,East,Reroute
INC00799,N1181,Industrial Fire,None,High,Strong Wind,232.2,118,R04683;R01514;R01920,5,Northwest,Shelter
INC00800,N1246,Chemical Leak,Ammonia,Critical,Moderate Wind,206.8,118,R02219;R04432;R02430;R01845,2,Southwest,Shelter
INC00801,N1804,Toxic Gas Release,Sulfur Dioxide,Low,Calm,242.8,84,R01644;R02560,4,North,Reroute
INC00802,N0245,Toxic Gas Release,Hydrogen Sulfide,Moderate,Light Wind,322.5,69,R03207;R02507,5,Northwest,Shelter
INC00803,N1756,Fire,None,Critical,Moderate Wind,288.7,11,R01458;R04520;R02771;R02858;R02335,2,South,Road_Closure
INC00804,N1428,Toxic Gas Release,Nitrogen Dioxide,Critical,Light Wind,289.8,37,R02701;R04000,2,South,Shelter
INC00805,N0711,Toxic Gas Release,Nitrogen Dioxide,Moderate,Light Wind,384.9,73,R03769,2,Southwest,Medical_Response
INC00806,N0914,Chemical Leak,Nitrogen Dioxide,High,Strong Wind,65.1,117,R02203;R03829,1,Southwest,Reroute
INC00807,N1058,Storage Tank Leak,Nitrogen Dioxide,High,Calm,240.6,116,R04387,5,West,Evacuate
INC00808,N0450,Chemical Leak,Chlorine,High,Moderate Wind,461.7,74,R01643;R03412;R01624;R03233,5,East,Emergency_Response
INC00809,N1345,Industrial Fire,None,Critical,Calm,359.9,76,R00826,2,West,Medical_Response
INC00810,N0503,Storage Tank Leak,Ammonia,Moderate,Calm,176.4,96,R04388,3,Northwest,Evacuate
INC00811,N1812,Fire,None,Critical,Moderate Wind,15.8,16,R01779;R04354;R03152;R00670,5,East,Reroute
INC00812,N1060,Industrial Fire,None,High,Moderate Wind,120.9,37,R03381;R03355,5,North,Reroute
INC00813,N0219,Pipeline Leak,Ammonia,High,Moderate Wind,45.6,34,R03812,4,Southwest,Reroute
INC00814,N1480,Vehicle Chemical Spill,Chlorine,High,Strong Wind,483.7,62,R04744,1,East,Road_Closure
INC00815,N0497,Storage Tank Leak,Chlorine,Critical,Calm,338.9,98,R02353,5,Northwest,Road_Closure
INC00816,N1757,Fire,None,Moderate,Light Wind,409.5,63,R01613,3,Southeast,Evacuate
INC00817,N1905,Explosion,None,Low,Calm,7.9,68,R04552,4,Northeast,Shelter
INC00818,N0221,Fire,None,High,Calm,152.3,26,R04498,3,North,Emergency_Response
INC00819,N0427,Fire,None,High,Light Wind,390.2,13,R04610,2,South,Medical_Response
INC00820,N0133,Vehicle Chemical Spill,Hydrogen Sulfide,High,Moderate Wind,398.3,115,R01723,4,Southwest,Reroute
INC00821,N0648,Storage Tank Leak,Sulfur Dioxide,Critical,Moderate Wind,445.2,101,R01433;R01340;R00397,2,Northeast,Medical_Response
INC00822,N1166,Chemical Leak,Ammonia,High,Light Wind,307.1,9,R03145;R04138,2,Southeast,Evacuate
INC00823,N0782,Explosion,None,Moderate,Moderate Wind,142.3,69,R00417;R00389,1,Southeast,Road_Closure
INC00824,N0983,Industrial Fire,None,High,Light Wind,16.6,89,R00363;R01755;R01805,5,South,Medical_Response
INC00825,N1472,Explosion,None,Critical,Calm,249.2,15,R03675;R02520,2,Southwest,Evacuate
INC00826,N0615,Vehicle Chemical Spill,Hydrogen Sulfide,Low,Strong Wind,34.1,73,R04665;R02599;R03329,4,Southwest,Medical_Response
INC00827,N1254,Toxic Gas Release,Nitrogen Dioxide,Moderate,Moderate Wind,31.7,31,R03008,2,East,Medical_Response
INC00828,N1312,Explosion,None,High,Calm,181.5,96,R02890,3,Northwest,Reroute
INC00829,N1654,Pipeline Leak,Sulfur Dioxide,High,Strong Wind,490.1,22,R00854,4,North,Shelter
INC00830,N1066,Pipeline Leak,Chlorine,High,Calm,329.7,63,R02190,2,North,Medical_Response
INC00831,N1323,Storage Tank Leak,Hydrogen Sulfide,Critical,Moderate Wind,153.6,81,R02138;R00817,1,Southwest,Road_Closure
INC00832,N1832,Vehicle Chemical Spill,Nitrogen Dioxide,Moderate,Strong Wind,306.2,5,R00831;R01982;R03561;R04298;R00936,3,East,Medical_Response
INC00833,N0893,Explosion,None,Moderate,Light Wind,291.7,61,R04493;R01914,2,West,Evacuate
INC00834,N1183,Explosion,None,Critical,Strong Wind,404.8,7,R00474;R01613,2,Northwest,Road_Closure
INC00835,N0902,Fire,None,Low,Strong Wind,472.5,15,R00500,1,Southwest,Reroute
INC00836,N1838,Vehicle Chemical Spill,Ammonia,Critical,Moderate Wind,316.0,28,R01447,4,North,Reroute
INC00837,N1559,Pipeline Leak,Nitrogen Dioxide,Low,Strong Wind,146.1,34,R01574,2,Northwest,Shelter
INC00838,N1799,Industrial Fire,None,Critical,Light Wind,37.8,86,R00375;R00067,4,Southwest,Shelter
INC00839,N0293,Storage Tank Leak,Sulfur Dioxide,Moderate,Calm,473.5,38,R00292;R00681,4,North,Shelter
INC00840,N0248,Industrial Fire,None,High,Moderate Wind,376.4,3,R04007;R03882,3,West,Road_Closure
INC00841,N1391,Industrial Fire,None,High,Calm,286.9,28,R03236;R00412,3,Southeast,Emergency_Response
INC00842,N1580,Explosion,None,Moderate,Strong Wind,338.1,16,R02603;R03733,4,West,Evacuate
INC00843,N0839,Explosion,None,High,Calm,11.2,83,R04700,5,Southeast,Emergency_Response
INC00844,N1979,Storage Tank Leak,Sulfur Dioxide,High,Moderate Wind,356.5,82,R04075,1,South,Medical_Response
INC00845,N0741,Chemical Leak,Hydrogen Sulfide,Low,Light Wind,177.0,46,R00574,2,East,Road_Closure
INC00846,N0107,Fire,None,High,Strong Wind,287.7,1,R02578;R01938;R01159;R01981,2,North,Evacuate
INC00847,N0522,Storage Tank Leak,Hydrogen Sulfide,Low,Calm,26.9,20,R00731,3,East,Reroute
INC00848,N1951,Pipeline Leak,Sulfur Dioxide,Critical,Moderate Wind,247.1,52,R04311,2,Northeast,Evacuate
INC00849,N0119,Fire,None,High,Strong Wind,257.3,16,R04446,2,North,Road_Closure
INC00850,N0544,Industrial Fire,None,High,Calm,14.3,111,R04274;R03558;R02432,5,Southwest,Medical_Response
INC00851,N0304,Pipeline Leak,Chlorine,Critical,Calm,136.2,53,R03429;R02396;R02352,2,Southeast,Reroute
INC00852,N0572,Industrial Fire,None,High,Strong Wind,472.3,44,R04598;R03868;R00955;R01574,5,West,Shelter
INC00853,N1440,Pipeline Leak,Sulfur Dioxide,Moderate,Calm,11.0,24,R03420,5,East,Emergency_Response
INC00854,N0707,Pipeline Leak,Ammonia,High,Strong Wind,158.2,15,R04612,5,North,Road_Closure
INC00855,N1891,Pipeline Leak,Hydrogen Sulfide,High,Strong Wind,88.2,116,R00967;R03141;R02133;R03147,2,West,Evacuate
INC00856,N1096,Storage Tank Leak,Sulfur Dioxide,High,Strong Wind,301.5,47,R01228,3,Northeast,Shelter
INC00857,N0890,Vehicle Chemical Spill,Chlorine,Moderate,Strong Wind,53.1,3,R04092;R00017;R03715;R00347;R02687,2,South,Shelter
INC00858,N0091,Industrial Fire,None,Critical,Light Wind,382.1,9,R00148,5,Southeast,Road_Closure
INC00859,N1898,Pipeline Leak,Hydrogen Sulfide,High,Calm,467.7,4,R02608;R00696,2,Southeast,Road_Closure
INC00860,N1487,Vehicle Chemical Spill,Ammonia,Moderate,Light Wind,163.8,94,R03623;R00136;R00613,1,North,Shelter
INC00861,N0173,Vehicle Chemical Spill,Ammonia,Moderate,Light Wind,181.2,67,R04739;R01897,5,Southeast,Road_Closure
INC00862,N1675,Pipeline Leak,Hydrogen Sulfide,High,Light Wind,497.4,98,R02226;R01424,1,East,Emergency_Response
INC00863,N0608,Vehicle Chemical Spill,Ammonia,Moderate,Moderate Wind,350.4,38,R01988,3,South,Medical_Response
INC00864,N1710,Pipeline Leak,Hydrogen Sulfide,High,Calm,337.0,59,R01679;R01003;R04170;R02095,5,Northwest,Medical_Response
INC00865,N1230,Vehicle Chemical Spill,Ammonia,Low,Strong Wind,447.5,47,R02711,3,South,Road_Closure
INC00866,N0945,Vehicle Chemical Spill,Chlorine,High,Moderate Wind,465.1,116,R01777,3,Southeast,Reroute
INC00867,N0367,Fire,None,Moderate,Strong Wind,172.4,37,R02947,1,East,Road_Closure
INC00868,N1979,Industrial Fire,None,Moderate,Strong Wind,219.8,72,R04030,3,Southwest,Road_Closure
INC00869,N1327,Fire,None,Low,Strong Wind,419.5,5,R02103,1,East,Road_Closure
INC00870,N1594,Toxic Gas Release,Ammonia,High,Strong Wind,40.2,82,R02605,1,Southwest,Shelter
INC00871,N1602,Storage Tank Leak,Nitrogen Dioxide,Low,Light Wind,47.0,50,R04141,3,Northwest,Emergency_Response
INC00872,N1576,Fire,None,Critical,Strong Wind,178.3,36,R01632;R04448;R01519,1,Northeast,Reroute
INC00873,N1857,Industrial Fire,None,Moderate,Moderate Wind,438.6,44,R01994;R02401,2,Southeast,Emergency_Response
INC00874,N1955,Pipeline Leak,Ammonia,High,Light Wind,368.8,69,R03440;R03521;R01137;R02333,3,Northwest,Road_Closure
INC00875,N1418,Toxic Gas Release,Sulfur Dioxide,Moderate,Strong Wind,313.0,16,R04679;R03092;R01068,5,Northeast,Evacuate
INC00876,N0651,Storage Tank Leak,Nitrogen Dioxide,Low,Calm,140.1,73,R03440;R03834,3,Southwest,Road_Closure
INC00877,N1307,Chemical Leak,Chlorine,Critical,Calm,146.9,31,R00716,3,West,Road_Closure
INC00878,N1800,Fire,None,Critical,Calm,295.7,81,R03492;R03171;R00295,2,West,Shelter
INC00879,N0591,Storage Tank Leak,Hydrogen Sulfide,High,Light Wind,225.0,72,R03444;R03086,5,Southwest,Evacuate
INC00880,N1252,Fire,None,Critical,Light Wind,161.0,107,R00917,4,West,Reroute
INC00881,N0484,Storage Tank Leak,Sulfur Dioxide,Critical,Calm,142.8,82,R00368,2,Northeast,Emergency_Response
INC00882,N0627,Toxic Gas Release,Ammonia,Moderate,Strong Wind,292.4,13,R04681,5,Southwest,Reroute
INC00883,N1179,Fire,None,High,Light Wind,250.2,46,R03473;R02880,1,Southeast,Road_Closure
INC00884,N1862,Explosion,None,High,Moderate Wind,421.6,21,R01266,4,North,Road_Closure
INC00885,N0330,Explosion,None,High,Strong Wind,461.5,50,R02459,3,North,Emergency_Response
INC00886,N0523,Vehicle Chemical Spill,Chlorine,Critical,Moderate Wind,97.8,108,R01718;R01976;R03615,3,West,Emergency_Response
INC00887,N0959,Chemical Leak,Chlorine,Critical,Moderate Wind,195.3,83,R02993,3,North,Road_Closure
INC00888,N0643,Industrial Fire,None,Critical,Strong Wind,479.3,2,R02925;R04002;R04222;R00472,4,Northwest,Medical_Response
INC00889,N0091,Fire,None,High,Calm,218.1,31,R00182;R03725,4,Southeast,Reroute
INC00890,N0752,Toxic Gas Release,Sulfur Dioxide,High,Strong Wind,319.7,50,R01714,2,East,Evacuate
INC00891,N1657,Explosion,None,Moderate,Strong Wind,162.0,74,R01473,4,West,Medical_Response
INC00892,N1088,Storage Tank Leak,Chlorine,Critical,Calm,193.5,23,R01431,3,Northeast,Emergency_Response
INC00893,N1565,Chemical Leak,Sulfur Dioxide,Low,Calm,27.7,46,R03924;R01732;R03320;R01830,5,Northwest,Reroute
INC00894,N1416,Vehicle Chemical Spill,Chlorine,Moderate,Calm,375.5,42,R01127;R02509,2,East,Evacuate
INC00895,N0009,Toxic Gas Release,Nitrogen Dioxide,High,Moderate Wind,80.4,50,R03321,2,North,Road_Closure
INC00896,N1455,Storage Tank Leak,Hydrogen Sulfide,High,Moderate Wind,403.4,59,R00617,2,North,Road_Closure
INC00897,N1325,Vehicle Chemical Spill,Ammonia,Moderate,Strong Wind,188.8,92,R01361,3,Southeast,Reroute
INC00898,N1252,Chemical Leak,Sulfur Dioxide,Critical,Strong Wind,395.4,115,R03097,1,North,Medical_Response
INC00899,N0316,Storage Tank Leak,Chlorine,High,Light Wind,241.4,87,R02906;R04206,2,Southeast,Reroute
INC00900,N1877,Industrial Fire,None,Low,Moderate Wind,232.0,64,R01916;R03495;R03364,3,West,Medical_Response
INC00901,N1916,Fire,None,High,Calm,224.2,102,R01337,2,Northwest,Shelter
INC00902,N0737,Chemical Leak,Chlorine,Moderate,Strong Wind,249.5,87,R02101;R03173,3,South,Medical_Response
INC00903,N1984,Storage Tank Leak,Nitrogen Dioxide,High,Light Wind,169.4,84,R02609,5,West,Road_Closure
INC00904,N1460,Pipeline Leak,Nitrogen Dioxide,Moderate,Strong Wind,158.3,40,R03102,5,Northwest,Reroute
INC00905,N0494,Vehicle Chemical Spill,Sulfur Dioxide,Low,Strong Wind,409.2,98,R03584,3,Southeast,Evacuate
INC00906,N0348,Industrial Fire,None,Moderate,Light Wind,160.4,117,R04155;R03098,4,West,Road_Closure
INC00907,N0354,Storage Tank Leak,Ammonia,Critical,Calm,427.6,21,R04273;R02269,2,Southwest,Medical_Response
INC00908,N0649,Pipeline Leak,Nitrogen Dioxide,High,Strong Wind,382.6,81,R01643,3,Southwest,Emergency_Response
INC00909,N0386,Fire,None,Moderate,Light Wind,397.0,1,R03966;R02984;R00680,5,North,Shelter
INC00910,N1952,Fire,None,High,Calm,402.6,19,R00916;R00109,2,East,Shelter
INC00911,N1731,Vehicle Chemical Spill,Sulfur Dioxide,High,Strong Wind,368.8,19,R03304;R03124;R04160;R02536,1,North,Emergency_Response
INC00912,N0675,Fire,None,Moderate,Light Wind,128.0,36,R04396;R02828,2,Northeast,Reroute
INC00913,N0158,Vehicle Chemical Spill,Chlorine,High,Light Wind,230.9,100,R04573,3,Southwest,Shelter
INC00914,N1888,Industrial Fire,None,Moderate,Calm,399.1,91,R03947;R00028,5,Northeast,Emergency_Response
INC00915,N1714,Industrial Fire,None,Moderate,Calm,212.3,65,R03513;R04021,2,West,Medical_Response
INC00916,N1247,Vehicle Chemical Spill,Chlorine,Low,Strong Wind,105.8,115,R04753;R03171;R00748,4,Southeast,Emergency_Response
INC00917,N1319,Explosion,None,High,Strong Wind,101.6,32,R02874;R02752,2,South,Emergency_Response
INC00918,N0515,Pipeline Leak,Sulfur Dioxide,Critical,Light Wind,24.5,101,R01579;R03859,2,East,Evacuate
INC00919,N1801,Explosion,None,Low,Strong Wind,27.0,17,R02369;R01767;R04809,2,Southwest,Reroute
INC00920,N1843,Vehicle Chemical Spill,Ammonia,High,Light Wind,405.2,20,R02976,4,West,Evacuate
INC00921,N0156,Pipeline Leak,Chlorine,Critical,Strong Wind,308.7,94,R02262,3,Northeast,Road_Closure
INC00922,N1179,Industrial Fire,None,Low,Strong Wind,24.5,21,R04540;R00022,5,South,Emergency_Response
INC00923,N0722,Pipeline Leak,Sulfur Dioxide,Low,Strong Wind,440.7,71,R04376;R04210;R04044,1,Northwest,Evacuate
INC00924,N1552,Pipeline Leak,Hydrogen Sulfide,Critical,Calm,23.9,69,R02991;R02985;R00878;R04166,1,South,Emergency_Response
INC00925,N0540,Storage Tank Leak,Nitrogen Dioxide,High,Calm,30.2,71,R02360;R04568,5,Northwest,Reroute
INC00926,N0606,Storage Tank Leak,Hydrogen Sulfide,High,Light Wind,88.4,71,R03686;R01155,1,East,Medical_Response
INC00927,N0084,Storage Tank Leak,Hydrogen Sulfide,High,Calm,486.2,27,R02598;R00873,5,North,Evacuate
INC00928,N0937,Fire,None,Moderate,Moderate Wind,107.6,12,R00279,1,South,Evacuate
INC00929,N0569,Industrial Fire,None,Moderate,Light Wind,104.4,71,R02359;R00798,2,Southeast,Road_Closure
INC00930,N0933,Explosion,None,Critical,Strong Wind,39.1,84,R04113,4,Southwest,Shelter
INC00931,N1438,Storage Tank Leak,Chlorine,Critical,Strong Wind,6.1,87,R02678;R02755,4,Northeast,Medical_Response
INC00932,N1597,Pipeline Leak,Nitrogen Dioxide,Moderate,Moderate Wind,207.3,103,R03680,5,South,Reroute
INC00933,N0848,Pipeline Leak,Hydrogen Sulfide,High,Light Wind,275.3,68,R02191,4,West,Evacuate
INC00934,N1313,Vehicle Chemical Spill,Nitrogen Dioxide,High,Moderate Wind,453.0,26,R02422,1,Southwest,Emergency_Response
INC00935,N1805,Toxic Gas Release,Hydrogen Sulfide,Moderate,Moderate Wind,164.3,44,R01178;R02356,2,South,Road_Closure
INC00936,N0838,Industrial Fire,None,High,Light Wind,361.5,116,R03261,2,East,Evacuate
INC00937,N0391,Fire,None,Moderate,Calm,452.2,89,R02678,3,Southeast,Emergency_Response
INC00938,N0299,Pipeline Leak,Chlorine,High,Light Wind,58.9,92,R03659;R03799,5,Southwest,Road_Closure
INC00939,N0787,Fire,None,Moderate,Light Wind,203.4,66,R01984,4,East,Road_Closure
INC00940,N1574,Storage Tank Leak,Ammonia,Low,Moderate Wind,223.8,31,R03062;R00779,1,Northeast,Medical_Response
INC00941,N1524,Vehicle Chemical Spill,Hydrogen Sulfide,Critical,Calm,270.8,31,R00282,3,Northwest,Shelter
INC00942,N0191,Vehicle Chemical Spill,Nitrogen Dioxide,Critical,Moderate Wind,484.2,25,R00528;R00810;R02685;R03987,4,North,Emergency_Response
INC00943,N1451,Vehicle Chemical Spill,Hydrogen Sulfide,Critical,Light Wind,489.1,46,R04646;R00789;R02534,2,Southwest,Evacuate
INC00944,N0574,Fire,None,Critical,Moderate Wind,152.4,27,R04337;R03742;R04202;R03786,2,Southwest,Reroute
INC00945,N1783,Vehicle Chemical Spill,Nitrogen Dioxide,High,Moderate Wind,383.3,42,R02729;R04780,3,Southwest,Medical_Response
INC00946,N1756,Storage Tank Leak,Nitrogen Dioxide,Moderate,Light Wind,495.7,106,R03791,2,North,Reroute
INC00947,N0596,Pipeline Leak,Ammonia,Moderate,Calm,472.3,96,R00484,3,Northwest,Shelter
INC00948,N0869,Chemical Leak,Nitrogen Dioxide,Moderate,Light Wind,469.5,61,R03508,1,Southeast,Evacuate
INC00949,N1075,Fire,None,Critical,Light Wind,350.6,117,R03885,3,Northeast,Evacuate
INC00950,N0857,Explosion,None,Critical,Calm,425.3,23,R00751;R02690;R01687;R03759,1,Northeast,Road_Closure
INC00951,N1215,Fire,None,Low,Calm,77.7,29,R00180,5,Northwest,Evacuate
INC00952,N0759,Pipeline Leak,Sulfur Dioxide,Critical,Calm,113.8,109,R02084,5,Northeast,Evacuate
INC00953,N1882,Explosion,None,High,Light Wind,323.0,84,R01908;R03763;R02036;R03073,2,East,Medical_Response
INC00954,N1409,Chemical Leak,Nitrogen Dioxide,Critical,Moderate Wind,96.0,17,R02959,1,South,Emergency_Response
INC00955,N1136,Toxic Gas Release,Nitrogen Dioxide,Critical,Strong Wind,480.3,8,R04796;R00399,3,North,Evacuate
INC00956,N0725,Pipeline Leak,Chlorine,Critical,Strong Wind,17.1,45,R03860,4,West,Evacuate
INC00957,N1768,Toxic Gas Release,Nitrogen Dioxide,High,Light Wind,14.7,112,R02968,1,East,Evacuate
INC00958,N1405,Fire,None,Moderate,Light Wind,7.5,90,R04686,4,Northwest,Emergency_Response
INC00959,N1762,Vehicle Chemical Spill,Chlorine,High,Calm,225.7,73,R04543;R04048;R03877;R04488;R02386,5,West,Evacuate
INC00960,N0632,Explosion,None,High,Calm,134.3,59,R00842,2,Southeast,Reroute
INC00961,N0935,Chemical Leak,Nitrogen Dioxide,High,Strong Wind,494.4,30,R04301,4,North,Road_Closure
INC00962,N0782,Explosion,None,High,Light Wind,82.6,14,R04801,4,East,Reroute
INC00963,N1991,Pipeline Leak,Ammonia,Moderate,Light Wind,246.5,56,R00781;R02135,4,West,Shelter
INC00964,N1948,Explosion,None,High,Strong Wind,148.4,58,R02137;R00144,2,South,Emergency_Response
INC00965,N0912,Industrial Fire,None,Critical,Moderate Wind,375.1,4,R04450;R04435,5,North,Reroute
INC00966,N0135,Storage Tank Leak,Hydrogen Sulfide,Moderate,Strong Wind,304.0,114,R04091,2,Northwest,Medical_Response
INC00967,N0652,Toxic Gas Release,Nitrogen Dioxide,Critical,Moderate Wind,252.3,110,R00003,5,East,Reroute
INC00968,N0314,Chemical Leak,Hydrogen Sulfide,Critical,Calm,47.3,65,R02566;R03404,1,South,Evacuate
INC00969,N0184,Chemical Leak,Nitrogen Dioxide,Critical,Light Wind,143.0,58,R01578;R03253,5,Southeast,Emergency_Response
INC00970,N1663,Fire,None,High,Moderate Wind,14.2,27,R03476;R01156,2,East,Emergency_Response
INC00971,N0662,Toxic Gas Release,Hydrogen Sulfide,Low,Strong Wind,225.5,116,R00032;R02519;R04227;R01238,5,Northwest,Reroute
INC00972,N0230,Vehicle Chemical Spill,Chlorine,High,Light Wind,299.5,66,R00693;R04307;R02097;R02050,5,West,Road_Closure
INC00973,N0057,Pipeline Leak,Hydrogen Sulfide,High,Light Wind,410.8,84,R02798,3,West,Evacuate
INC00974,N0192,Toxic Gas Release,Chlorine,Moderate,Calm,290.2,25,R01504;R01683,1,Northeast,Medical_Response
INC00975,N0609,Industrial Fire,None,Critical,Calm,311.8,110,R00273;R00978;R00074,3,North,Reroute
INC00976,N0958,Vehicle Chemical Spill,Ammonia,High,Light Wind,350.0,35,R03992;R04573,4,North,Reroute
INC00977,N1251,Toxic Gas Release,Ammonia,High,Calm,272.1,23,R01724;R04093,5,West,Medical_Response
INC00978,N0485,Fire,None,Moderate,Calm,63.0,11,R01594,3,South,Road_Closure
INC00979,N1026,Storage Tank Leak,Sulfur Dioxide,Critical,Moderate Wind,414.9,96,R02023;R01250;R01063;R03262,4,Southwest,Medical_Response
INC00980,N0147,Pipeline Leak,Sulfur Dioxide,Moderate,Strong Wind,305.2,92,R00206;R00913,3,West,Reroute
INC00981,N0291,Industrial Fire,None,High,Light Wind,192.9,74,R03109;R00049;R04145,3,Southwest,Emergency_Response
INC00982,N1068,Vehicle Chemical Spill,Nitrogen Dioxide,Critical,Moderate Wind,118.6,78,R02438;R02271,2,East,Road_Closure
INC00983,N1076,Fire,None,Critical,Moderate Wind,229.4,115,R01065,4,East,Shelter
INC00984,N0037,Fire,None,High,Light Wind,119.0,22,R01051,4,Northeast,Evacuate
INC00985,N1657,Industrial Fire,None,Low,Calm,47.3,51,R01816,3,East,Medical_Response
INC00986,N0050,Chemical Leak,Ammonia,Critical,Light Wind,196.9,111,R02330,4,Northwest,Emergency_Response
INC00987,N1127,Explosion,None,High,Calm,107.7,33,R03413,5,South,Road_Closure
INC00988,N1706,Pipeline Leak,Hydrogen Sulfide,Low,Moderate Wind,51.4,72,R00393,2,North,Medical_Response
INC00989,N1265,Explosion,None,High,Calm,283.8,55,R03674,5,West,Evacuate
INC00990,N1155,Fire,None,Moderate,Calm,466.3,90,R04453,1,East,Shelter
INC00991,N0012,Toxic Gas Release,Chlorine,High,Light Wind,43.4,65,R04021;R02838,4,Southwest,Road_Closure
INC00992,N0970,Explosion,None,Moderate,Moderate Wind,133.7,87,R01493,4,West,Shelter
INC00993,N1832,Industrial Fire,None,Low,Light Wind,161.6,25,R04093;R01871,2,Northwest,Reroute
INC00994,N1756,Vehicle Chemical Spill,Hydrogen Sulfide,High,Moderate Wind,25.5,19,R04332,2,Northwest,Medical_Response
INC00995,N0954,Fire,None,Moderate,Strong Wind,164.9,25,R00632,2,West,Medical_Response
INC00996,N0071,Pipeline Leak,Chlorine,Critical,Light Wind,178.3,7,R02591,4,West,Shelter
INC00997,N1558,Industrial Fire,None,Critical,Light Wind,304.6,104,R03662,3,North,Medical_Response
INC00998,N0952,Storage Tank Leak,Ammonia,Moderate,Calm,121.9,88,R02130,4,North,Emergency_Response
INC00999,N0304,Vehicle Chemical Spill,Chlorine,High,Light Wind,226.9,104,R01518;R03737,3,Northwest,Medical_Response
INC01000,N1609,Toxic Gas Release,Hydrogen Sulfide,High,Light Wind,489.7,114,R00217;R02677,1,West,Medical_Response
INC01001,N0755,Toxic Gas Release,Nitrogen Dioxide,Moderate,Light Wind,209.2,88,R02381;R03154;R02906,1,East,Emergency_Response
INC01002,N0656,Storage Tank Leak,Ammonia,Moderate,Strong Wind,489.2,62,R02856;R00338,2,North,Emergency_Response
INC01003,N0327,Vehicle Chemical Spill,Hydrogen Sulfide,Low,Moderate Wind,6.1,101,R03848;R00118;R00433,3,Northeast,Medical_Response
INC01004,N0656,Fire,None,Moderate,Light Wind,154.4,7,R00224;R03124;R04442;R01482,4,West,Medical_Response
INC01005,N1341,Toxic Gas Release,Chlorine,Critical,Moderate Wind,135.2,60,R04596,3,East,Shelter
INC01006,N0863,Fire,None,High,Moderate Wind,17.3,68,R03992,4,Southeast,Road_Closure
INC01007,N0059,Vehicle Chemical Spill,Chlorine,High,Moderate Wind,392.1,101,R02240,3,East,Evacuate
INC01008,N0422,Explosion,None,Critical,Calm,241.1,42,R00659,4,North,Reroute
INC01009,N0387,Chemical Leak,Chlorine,Critical,Moderate Wind,76.2,8,R03058;R02461,3,North,Shelter
INC01010,N1549,Vehicle Chemical Spill,Chlorine,Critical,Moderate Wind,150.9,21,R03201;R02006;R03115;R01549,5,West,Medical_Response
INC01011,N0042,Storage Tank Leak,Ammonia,Critical,Calm,173.9,98,R02685,2,Southwest,Road_Closure
INC01012,N0620,Toxic Gas Release,Chlorine,High,Strong Wind,381.5,24,R00141;R04765,3,Southeast,Road_Closure
INC01013,N1237,Pipeline Leak,Hydrogen Sulfide,Moderate,Calm,291.7,92,R01570;R00082;R03955,2,Southwest,Shelter
INC01014,N1820,Explosion,None,High,Moderate Wind,424.5,51,R02525,4,Southeast,Reroute
INC01015,N0226,Explosion,None,Critical,Moderate Wind,57.5,64,R00145;R00895;R01009;R00728,2,East,Reroute
INC01016,N1723,Explosion,None,Moderate,Calm,73.8,69,R03504;R02636,1,Southeast,Road_Closure
INC01017,N0298,Toxic Gas Release,Sulfur Dioxide,High,Light Wind,356.9,61,R00652,3,North,Emergency_Response
INC01018,N1880,Storage Tank Leak,Chlorine,Moderate,Strong Wind,244.6,114,R03090;R04758;R04368,3,East,Reroute
INC01019,N1716,Toxic Gas Release,Chlorine,High,Light Wind,367.0,79,R03255;R03204;R01764,1,West,Emergency_Response
INC01020,N1770,Fire,None,High,Strong Wind,107.8,68,R03976;R02266;R04363,5,Southeast,Road_Closure
INC01021,N0831,Industrial Fire,None,Critical,Light Wind,73.5,12,R01851,1,Northeast,Reroute
INC01022,N0088,Explosion,None,Moderate,Moderate Wind,367.9,105,R00540;R03375,2,North,Road_Closure
INC01023,N1826,Vehicle Chemical Spill,Ammonia,Moderate,Strong Wind,21.0,95,R03148;R00768;R01658;R02038,3,East,Evacuate
INC01024,N0299,Chemical Leak,Ammonia,High,Strong Wind,319.0,79,R03883;R03033,3,South,Reroute
INC01025,N0235,Explosion,None,Critical,Light Wind,145.9,66,R02806,2,North,Medical_Response
INC01026,N1083,Chemical Leak,Nitrogen Dioxide,Critical,Light Wind,225.8,94,R02190;R01625;R00933;R00383;R00440,2,North,Shelter
INC01027,N0550,Explosion,None,Critical,Light Wind,104.8,86,R02073;R01722;R02294;R01036,2,North,Shelter
INC01028,N1848,Toxic Gas Release,Nitrogen Dioxide,High,Strong Wind,258.1,23,R00284;R02159;R04048,3,East,Reroute
INC01029,N1291,Storage Tank Leak,Ammonia,Moderate,Light Wind,93.8,94,R01208,2,South,Reroute
INC01030,N1438,Toxic Gas Release,Sulfur Dioxide,Critical,Moderate Wind,486.2,94,R00242;R02383,1,Northwest,Shelter
INC01031,N0100,Vehicle Chemical Spill,Nitrogen Dioxide,High,Strong Wind,444.2,74,R03252,1,Northwest,Reroute
INC01032,N0778,Pipeline Leak,Sulfur Dioxide,High,Strong Wind,389.7,98,R02202;R01462,5,Southeast,Reroute
INC01033,N0455,Pipeline Leak,Sulfur Dioxide,Critical,Strong Wind,383.9,38,R02185;R00181;R00490,5,East,Emergency_Response
INC01034,N1709,Vehicle Chemical Spill,Hydrogen Sulfide,High,Light Wind,378.5,56,R02538;R01497,5,East,Road_Closure
INC01035,N0962,Toxic Gas Release,Hydrogen Sulfide,High,Moderate Wind,94.6,62,R00158,5,West,Medical_Response
INC01036,N1367,Pipeline Leak,Ammonia,Moderate,Light Wind,386.5,63,R01123,3,East,Medical_Response
INC01037,N1385,Pipeline Leak,Ammonia,High,Light Wind,134.7,20,R02729;R04165;R03463,2,Southeast,Evacuate
INC01038,N1877,Pipeline Leak,Nitrogen Dioxide,Moderate,Calm,88.2,84,R03624;R01735,5,Northwest,Medical_Response
INC01039,N1240,Storage Tank Leak,Hydrogen Sulfide,Critical,Strong Wind,399.7,79,R00057;R00311,5,East,Road_Closure
INC01040,N0020,Industrial Fire,None,Critical,Strong Wind,73.9,119,R04475;R03022;R03985,4,South,Medical_Response
INC01041,N0447,Chemical Leak,Nitrogen Dioxide,High,Calm,283.6,81,R00966,5,West,Shelter
INC01042,N1938,Storage Tank Leak,Hydrogen Sulfide,Moderate,Strong Wind,245.6,77,R03312;R03423,2,Southeast,Emergency_Response
INC01043,N0844,Toxic Gas Release,Ammonia,Low,Calm,250.9,99,R04370;R00935,4,West,Reroute
INC01044,N0098,Vehicle Chemical Spill,Sulfur Dioxide,Moderate,Calm,152.0,100,R03971,5,East,Evacuate
INC01045,N1614,Storage Tank Leak,Nitrogen Dioxide,High,Strong Wind,18.2,85,R00949;R01501,2,Northwest,Medical_Response
INC01046,N0804,Pipeline Leak,Chlorine,Moderate,Strong Wind,170.5,63,R03914;R00127,1,Southwest,Emergency_Response
INC01047,N1674,Explosion,None,Low,Strong Wind,437.4,45,R03208;R02830;R03888;R03628,3,North,Shelter
INC01048,N1577,Pipeline Leak,Hydrogen Sulfide,High,Calm,232.3,113,R00907,4,East,Medical_Response
INC01049,N0949,Chemical Leak,Nitrogen Dioxide,High,Calm,216.0,17,R03512,4,Northwest,Reroute
INC01050,N1139,Chemical Leak,Hydrogen Sulfide,High,Calm,250.5,38,R04211,4,Southwest,Reroute
INC01051,N0575,Chemical Leak,Ammonia,Critical,Moderate Wind,494.3,29,R00113,2,Southeast,Road_Closure
INC01052,N1204,Pipeline Leak,Ammonia,Critical,Moderate Wind,319.4,14,R00645;R03963;R01624,5,Southwest,Reroute
INC01053,N1568,Vehicle Chemical Spill,Sulfur Dioxide,Low,Calm,86.1,39,R00993;R02391;R01051,4,West,Road_Closure
INC01054,N1636,Fire,None,Critical,Calm,202.9,118,R03267;R03525,5,South,Shelter
INC01055,N0709,Explosion,None,Moderate,Strong Wind,395.7,37,R02597;R02647;R01683,3,West,Medical_Response
INC01056,N0497,Pipeline Leak,Nitrogen Dioxide,Critical,Light Wind,261.6,78,R00740,2,Southwest,Reroute
INC01057,N0649,Chemical Leak,Nitrogen Dioxide,Critical,Moderate Wind,47.1,106,R02022,4,West,Road_Closure
INC01058,N0622,Chemical Leak,Sulfur Dioxide,Critical,Light Wind,303.2,98,R01258;R04103,5,North,Shelter
INC01059,N0390,Vehicle Chemical Spill,Hydrogen Sulfide,Critical,Moderate Wind,367.6,11,R00354;R03995;R03640;R03158,2,Northwest,Reroute
INC01060,N0528,Fire,None,Critical,Light Wind,51.9,14,R00367;R02557;R00590,4,South,Emergency_Response
INC01061,N0383,Fire,None,Low,Strong Wind,155.3,39,R00660;R04603,2,West,Reroute
INC01062,N0858,Storage Tank Leak,Chlorine,Moderate,Strong Wind,278.7,3,R03831,1,Northeast,Evacuate
INC01063,N0334,Explosion,None,High,Light Wind,374.5,12,R01886;R04171,2,Southwest,Medical_Response
INC01064,N1505,Storage Tank Leak,Chlorine,High,Strong Wind,360.0,51,R01910;R04615;R01035,3,Northeast,Medical_Response
INC01065,N1843,Industrial Fire,None,Moderate,Moderate Wind,62.0,29,R03957;R03766,1,East,Shelter
INC01066,N0681,Explosion,None,Moderate,Light Wind,156.4,96,R02689,2,South,Reroute
INC01067,N1456,Chemical Leak,Ammonia,Moderate,Strong Wind,145.5,115,R00839,1,Southwest,Emergency_Response
INC01068,N1516,Industrial Fire,None,Low,Moderate Wind,389.4,116,R01969,3,West,Emergency_Response
INC01069,N1332,Toxic Gas Release,Ammonia,High,Strong Wind,111.2,37,R04074;R00991;R02261,1,North,Road_Closure
INC01070,N1148,Fire,None,High,Calm,475.0,73,R00347;R04512;R01440,4,East,Road_Closure
INC01071,N1431,Chemical Leak,Sulfur Dioxide,High,Strong Wind,287.4,106,R00547,1,Northwest,Evacuate
INC01072,N0479,Vehicle Chemical Spill,Nitrogen Dioxide,Moderate,Strong Wind,228.7,52,R04518,5,South,Emergency_Response
INC01073,N0304,Industrial Fire,None,Critical,Strong Wind,371.7,85,R03941;R02495,2,Southwest,Reroute
INC01074,N1777,Storage Tank Leak,Nitrogen Dioxide,Low,Calm,447.5,15,R02634;R03059,1,Northeast,Reroute
INC01075,N1053,Fire,None,Moderate,Light Wind,26.7,24,R02553;R02746,4,Northwest,Shelter
INC01076,N1538,Fire,None,High,Calm,68.0,54,R00021;R02845,3,South,Road_Closure
INC01077,N1964,Industrial Fire,None,High,Calm,494.8,30,R04632;R03090;R01899,3,South,Emergency_Response
INC01078,N1907,Industrial Fire,None,High,Moderate Wind,385.0,15,R02110;R04680;R03245,2,Southeast,Medical_Response
INC01079,N0447,Storage Tank Leak,Nitrogen Dioxide,Moderate,Light Wind,251.0,74,R04001;R02326,1,Southeast,Medical_Response
INC01080,N0892,Vehicle Chemical Spill,Sulfur Dioxide,Moderate,Strong Wind,30.7,106,R02345;R03466,3,Southwest,Road_Closure
INC01081,N1134,Industrial Fire,None,Moderate,Strong Wind,296.0,10,R03175,4,Northwest,Reroute
INC01082,N1145,Storage Tank Leak,Chlorine,High,Strong Wind,140.8,67,R00183,5,Southeast,Medical_Response
INC01083,N0579,Explosion,None,Moderate,Moderate Wind,150.1,104,R00270;R00455,1,East,Road_Closure
INC01084,N1752,Explosion,None,Critical,Light Wind,136.6,105,R01294;R01602;R00287,4,Southeast,Road_Closure
INC01085,N0500,Toxic Gas Release,Ammonia,High,Strong Wind,361.4,7,R01659,2,Southwest,Emergency_Response
INC01086,N1298,Vehicle Chemical Spill,Sulfur Dioxide,Critical,Strong Wind,423.8,66,R02820,2,Southwest,Road_Closure
INC01087,N0390,Chemical Leak,Nitrogen Dioxide,Low,Calm,247.2,25,R01780;R04062;R02800;R03916,5,Northwest,Road_Closure
INC01088,N1346,Toxic Gas Release,Hydrogen Sulfide,Moderate,Calm,425.3,54,R00384;R04054;R00388;R02784;R02484,2,Southwest,Reroute
INC01089,N1791,Pipeline Leak,Sulfur Dioxide,Moderate,Strong Wind,62.2,4,R04446,5,West,Emergency_Response
INC01090,N0606,Industrial Fire,None,High,Calm,481.3,9,R00367,1,South,Evacuate
INC01091,N1054,Fire,None,High,Calm,282.9,18,R04682;R02592;R03948,4,Northwest,Road_Closure
INC01092,N1342,Storage Tank Leak,Sulfur Dioxide,Moderate,Light Wind,246.6,93,R00650;R03964;R01223;R03190,5,North,Medical_Response
INC01093,N0091,Storage Tank Leak,Chlorine,High,Strong Wind,473.4,90,R03562,2,North,Reroute
INC01094,N0497,Toxic Gas Release,Chlorine,Critical,Moderate Wind,40.5,1,R00437;R01286,1,West,Medical_Response
INC01095,N0677,Storage Tank Leak,Hydrogen Sulfide,High,Light Wind,342.8,84,R04201,4,West,Road_Closure
INC01096,N0673,Explosion,None,Critical,Light Wind,488.3,103,R01466,2,Northeast,Medical_Response
INC01097,N0708,Pipeline Leak,Nitrogen Dioxide,Low,Moderate Wind,106.3,78,R02674;R01485;R01898,2,Northwest,Emergency_Response
INC01098,N1919,Explosion,None,High,Moderate Wind,440.3,82,R04788;R02671;R02573,4,Southwest,Reroute
INC01099,N1303,Fire,None,High,Strong Wind,478.6,42,R02222;R04627,4,South,Road_Closure
INC01100,N0246,Vehicle Chemical Spill,Sulfur Dioxide,Critical,Strong Wind,98.4,29,R03896;R02014;R03782;R03795,5,Northwest,Reroute
INC01101,N1463,Storage Tank Leak,Ammonia,Moderate,Calm,173.5,51,R04097,5,East,Evacuate
INC01102,N0464,Chemical Leak,Hydrogen Sulfide,High,Moderate Wind,219.1,75,R00435;R02078;R00329;R02313;R00802,5,South,Evacuate
INC01103,N1202,Fire,None,High,Moderate Wind,254.8,61,R00420,3,Northwest,Shelter
INC01104,N0069,Toxic Gas Release,Ammonia,Low,Calm,220.5,54,R03014,4,Northwest,Reroute
INC01105,N1509,Explosion,None,Critical,Moderate Wind,265.2,61,R04440,5,Northwest,Road_Closure
INC01106,N0889,Storage Tank Leak,Nitrogen Dioxide,Critical,Calm,481.3,16,R03814;R01675,2,Southeast,Shelter
INC01107,N1234,Vehicle Chemical Spill,Nitrogen Dioxide,Moderate,Strong Wind,493.4,63,R03821,2,Northeast,Road_Closure
INC01108,N1077,Fire,None,High,Calm,416.2,17,R00423,4,Southeast,Road_Closure
INC01109,N1679,Industrial Fire,None,Low,Calm,204.0,65,R03631,2,Northwest,Road_Closure
INC01110,N0398,Storage Tank Leak,Ammonia,Moderate,Light Wind,283.3,97,R02518;R03170,3,Southwest,Shelter
INC01111,N1475,Storage Tank Leak,Nitrogen Dioxide,Moderate,Moderate Wind,496.2,7,R01190;R01334;R01187;R04232;R04477,1,North,Medical_Response
INC01112,N0564,Storage Tank Leak,Sulfur Dioxide,High,Strong Wind,141.9,26,R00066;R00802,4,Southwest,Shelter
INC01113,N0154,Pipeline Leak,Chlorine,High,Calm,210.1,65,R02721;R04650,5,Northeast,Road_Closure
INC01114,N1241,Toxic Gas Release,Hydrogen Sulfide,Critical,Moderate Wind,331.0,64,R01901,4,Southwest,Emergency_Response
INC01115,N1333,Toxic Gas Release,Hydrogen Sulfide,High,Moderate Wind,487.4,61,R02274;R00903;R04627,3,South,Medical_Response
INC01116,N1982,Storage Tank Leak,Sulfur Dioxide,High,Calm,182.5,106,R01531;R01014,1,Northeast,Evacuate
INC01117,N0992,Pipeline Leak,Ammonia,High,Moderate Wind,37.6,31,R01928,1,Southeast,Emergency_Response
INC01118,N1855,Chemical Leak,Chlorine,High,Light Wind,92.1,86,R04558;R02159;R01965;R03959,1,South,Shelter
INC01119,N1529,Fire,None,Critical,Moderate Wind,369.0,118,R02617;R02306,4,Southwest,Emergency_Response
INC01120,N1065,Pipeline Leak,Hydrogen Sulfide,Critical,Light Wind,448.7,113,R00739;R00227;R04433,4,North,Medical_Response
INC01121,N1690,Chemical Leak,Hydrogen Sulfide,High,Strong Wind,46.8,102,R03231;R02684,3,North,Road_Closure
INC01122,N1412,Fire,None,Moderate,Calm,474.3,22,R04162,3,Northeast,Road_Closure
INC01123,N1889,Fire,None,High,Calm,234.4,96,R01329,2,Southeast,Road_Closure
INC01124,N1230,Pipeline Leak,Nitrogen Dioxide,Moderate,Moderate Wind,97.0,100,R00912,5,Northwest,Emergency_Response
INC01125,N0115,Vehicle Chemical Spill,Ammonia,High,Strong Wind,252.2,48,R03158,5,South,Road_Closure
INC01126,N1815,Storage Tank Leak,Ammonia,Critical,Moderate Wind,74.6,69,R02484,5,East,Road_Closure
INC01127,N1551,Fire,None,Moderate,Strong Wind,214.0,96,R00596;R01517,1,Northeast,Medical_Response
INC01128,N0492,Vehicle Chemical Spill,Sulfur Dioxide,High,Light Wind,132.3,31,R00135;R02448,3,South,Evacuate
INC01129,N0403,Chemical Leak,Ammonia,High,Strong Wind,216.5,19,R04152,1,Northwest,Reroute
INC01130,N0645,Pipeline Leak,Nitrogen Dioxide,High,Calm,97.1,18,R01535,1,East,Medical_Response
INC01131,N1445,Explosion,None,Low,Moderate Wind,209.6,115,R04772,3,Southwest,Emergency_Response
INC01132,N0198,Toxic Gas Release,Nitrogen Dioxide,High,Moderate Wind,226.4,98,R01998;R03060;R00574,5,Southeast,Reroute
INC01133,N0999,Pipeline Leak,Chlorine,Moderate,Strong Wind,171.6,70,R01987,4,Southeast,Shelter
INC01134,N1011,Chemical Leak,Sulfur Dioxide,High,Light Wind,262.3,35,R01777,5,South,Evacuate
INC01135,N1112,Fire,None,Critical,Strong Wind,393.2,56,R00771;R00136,3,Northwest,Evacuate
INC01136,N1573,Vehicle Chemical Spill,Ammonia,Critical,Light Wind,447.6,24,R03425;R03234;R01808,3,East,Emergency_Response
INC01137,N1900,Storage Tank Leak,Sulfur Dioxide,Critical,Moderate Wind,353.8,32,R00445,3,Northeast,Shelter
INC01138,N1760,Vehicle Chemical Spill,Hydrogen Sulfide,Critical,Calm,264.6,94,R02388;R03472;R04781;R02635,1,Northwest,Reroute
INC01139,N1198,Pipeline Leak,Chlorine,High,Moderate Wind,285.2,46,R04025;R02654;R00038,2,South,Medical_Response
INC01140,N1321,Explosion,None,Low,Light Wind,254.5,50,R01140,4,East,Reroute
INC01141,N1215,Chemical Leak,Nitrogen Dioxide,High,Calm,59.0,21,R03255;R04243,5,West,Emergency_Response
INC01142,N0146,Explosion,None,Moderate,Calm,216.0,57,R02399,1,West,Evacuate
INC01143,N1132,Storage Tank Leak,Chlorine,Critical,Moderate Wind,92.4,31,R00642,2,South,Road_Closure
INC01144,N1672,Toxic Gas Release,Ammonia,High,Light Wind,248.0,113,R01534,3,Southwest,Road_Closure
INC01145,N1973,Toxic Gas Release,Ammonia,High,Strong Wind,404.4,20,R03909,3,Northwest,Evacuate
INC01146,N0583,Vehicle Chemical Spill,Ammonia,High,Moderate Wind,482.7,83,R00357;R02005;R00004,1,Southeast,Medical_Response
INC01147,N0121,Vehicle Chemical Spill,Ammonia,Critical,Strong Wind,392.4,42,R03592,4,East,Reroute
INC01148,N0874,Vehicle Chemical Spill,Nitrogen Dioxide,Critical,Moderate Wind,269.2,55,R00707,4,Southwest,Medical_Response
INC01149,N1221,Industrial Fire,None,High,Calm,176.2,116,R03682;R01068,4,Northwest,Evacuate
INC01150,N1130,Vehicle Chemical Spill,Sulfur Dioxide,High,Light Wind,286.7,68,R04616;R04416;R02738;R04285;R02703,3,North,Evacuate
INC01151,N0786,Toxic Gas Release,Ammonia,Moderate,Light Wind,250.2,76,R00590;R03204;R02738,5,West,Shelter
INC01152,N1538,Chemical Leak,Chlorine,Low,Calm,22.1,83,R01559;R04691;R01762,5,East,Reroute
INC01153,N0786,Fire,None,Moderate,Calm,146.7,16,R01645;R03206,3,Southeast,Medical_Response
INC01154,N0369,Vehicle Chemical Spill,Ammonia,High,Strong Wind,49.9,74,R02253;R00991,2,Southeast,Medical_Response
INC01155,N0739,Explosion,None,High,Calm,280.4,116,R04400;R03879,3,East,Medical_Response
INC01156,N0132,Explosion,None,Critical,Light Wind,188.5,34,R03324;R00517;R01668,2,Northwest,Shelter
INC01157,N1344,Vehicle Chemical Spill,Ammonia,High,Light Wind,36.4,106,R01391;R00809;R03855,4,East,Medical_Response
INC01158,N0548,Industrial Fire,None,High,Strong Wind,119.0,84,R03859;R02234,4,East,Reroute
INC01159,N1201,Toxic Gas Release,Ammonia,Critical,Strong Wind,174.1,71,R02279,1,Southwest,Evacuate
INC01160,N1338,Chemical Leak,Sulfur Dioxide,Critical,Light Wind,182.8,31,R01627,4,South,Reroute
INC01161,N1907,Fire,None,Moderate,Moderate Wind,489.6,103,R03944,5,West,Shelter
INC01162,N1313,Explosion,None,High,Calm,69.2,116,R04504,3,West,Reroute
INC01163,N1411,Explosion,None,Moderate,Calm,486.8,113,R03406,5,East,Emergency_Response
INC01164,N1983,Pipeline Leak,Chlorine,Low,Light Wind,156.5,106,R00066;R00050;R02147;R00474,2,Southeast,Evacuate
INC01165,N1767,Toxic Gas Release,Hydrogen Sulfide,Low,Calm,425.7,83,R03095,3,Northwest,Emergency_Response
INC01166,N1082,Industrial Fire,None,Low,Strong Wind,23.7,34,R01182;R02780,4,Southwest,Reroute
INC01167,N0241,Industrial Fire,None,High,Light Wind,338.8,40,R04517,1,South,Medical_Response
INC01168,N0553,Storage Tank Leak,Nitrogen Dioxide,Critical,Calm,441.5,64,R01397,2,Northwest,Evacuate
INC01169,N0946,Fire,None,High,Calm,118.4,80,R00738;R03359;R03615,5,Northwest,Evacuate
INC01170,N1021,Industrial Fire,None,Critical,Moderate Wind,239.8,57,R00744,1,Southeast,Shelter
INC01171,N1503,Toxic Gas Release,Chlorine,Critical,Moderate Wind,98.6,73,R01372;R04123,2,West,Road_Closure
INC01172,N0144,Storage Tank Leak,Nitrogen Dioxide,Low,Light Wind,35.0,56,R03611;R01725,1,Southeast,Emergency_Response
INC01173,N0869,Storage Tank Leak,Ammonia,Critical,Moderate Wind,101.4,119,R04208,2,Northwest,Shelter
INC01174,N0760,Fire,None,Moderate,Calm,335.6,13,R04490,2,Northeast,Shelter
INC01175,N0247,Explosion,None,High,Calm,62.4,72,R02173;R03417;R02123;R00949,3,South,Emergency_Response
INC01176,N0309,Pipeline Leak,Hydrogen Sulfide,Critical,Calm,38.1,31,R03428;R04518;R01329,5,Southeast,Road_Closure
INC01177,N0248,Fire,None,Critical,Moderate Wind,461.7,64,R03753;R03006;R03279;R03637,5,Southeast,Road_Closure
INC01178,N0168,Chemical Leak,Ammonia,Critical,Light Wind,285.7,14,R02132;R04295;R03539,5,South,Evacuate
INC01179,N1327,Chemical Leak,Sulfur Dioxide,Low,Strong Wind,43.6,13,R03843;R00109,4,North,Evacuate
INC01180,N0971,Toxic Gas Release,Nitrogen Dioxide,Critical,Moderate Wind,435.8,96,R04553;R01408;R02020,3,North,Evacuate
INC01181,N1982,Vehicle Chemical Spill,Nitrogen Dioxide,Moderate,Strong Wind,61.5,45,R03407;R04627;R02019;R03187,2,Southwest,Reroute
INC01182,N1905,Toxic Gas Release,Sulfur Dioxide,High,Moderate Wind,301.3,78,R02090,5,East,Medical_Response
INC01183,N1235,Vehicle Chemical Spill,Ammonia,Moderate,Calm,299.0,77,R00285;R00910,3,Northwest,Evacuate
INC01184,N0992,Vehicle Chemical Spill,Hydrogen Sulfide,Critical,Calm,229.6,87,R01667;R01049,5,Northwest,Evacuate
INC01185,N1260,Storage Tank Leak,Hydrogen Sulfide,High,Moderate Wind,486.7,95,R02394,2,East,Road_Closure
INC01186,N1374,Pipeline Leak,Sulfur Dioxide,Moderate,Light Wind,170.9,60,R00057;R01740,1,Northeast,Medical_Response
INC01187,N1111,Chemical Leak,Sulfur Dioxide,Critical,Moderate Wind,110.5,79,R00788;R00840;R03238,5,Northeast,Reroute
INC01188,N1961,Pipeline Leak,Hydrogen Sulfide,Moderate,Strong Wind,267.8,62,R03080;R01625,4,South,Evacuate
INC01189,N0911,Vehicle Chemical Spill,Sulfur Dioxide,Low,Moderate Wind,269.8,72,R00383,5,South,Road_Closure
INC01190,N1161,Pipeline Leak,Nitrogen Dioxide,High,Moderate Wind,194.6,26,R03996;R01175,4,East,Emergency_Response
INC01191,N1213,Toxic Gas Release,Chlorine,Critical,Calm,183.7,18,R02242;R01691,4,West,Emergency_Response
INC01192,N0721,Vehicle Chemical Spill,Nitrogen Dioxide,High,Calm,227.2,77,R02792,1,West,Emergency_Response
INC01193,N1784,Toxic Gas Release,Nitrogen Dioxide,High,Strong Wind,24.2,75,R01039;R00433;R00658;R02894,5,West,Road_Closure
INC01194,N1305,Fire,None,High,Moderate Wind,357.7,53,R03503;R04312;R04277,4,East,Emergency_Response
INC01195,N1097,Explosion,None,High,Calm,372.0,75,R04228;R03167;R02369,1,West,Reroute
INC01196,N1806,Vehicle Chemical Spill,Ammonia,High,Light Wind,43.3,119,R04757,1,East,Reroute
INC01197,N1452,Toxic Gas Release,Ammonia,High,Strong Wind,465.1,35,R04037;R02240,2,South,Evacuate
INC01198,N0440,Industrial Fire,None,High,Light Wind,46.1,22,R00745;R02518;R02586;R04283,5,Northwest,Road_Closure
INC01199,N1593,Vehicle Chemical Spill,Hydrogen Sulfide,High,Moderate Wind,262.4,39,R03815;R00779;R01169;R02415;R00758,2,Southwest,Medical_Response
INC01200,N0596,Industrial Fire,None,Moderate,Light Wind,336.8,35,R01213;R02721,4,North,Road_Closure
INC01201,N1611,Chemical Leak,Sulfur Dioxide,Critical,Calm,274.3,57,R02588;R03561,5,Northeast,Shelter
INC01202,N1261,Fire,None,High,Calm,472.1,34,R01052,5,Southeast,Emergency_Response
INC01203,N0104,Vehicle Chemical Spill,Sulfur Dioxide,Moderate,Calm,185.3,71,R04612,1,South,Road_Closure
INC01204,N1740,Explosion,None,High,Light Wind,115.6,14,R04786;R00771;R00725,1,South,Medical_Response
INC01205,N0816,Vehicle Chemical Spill,Sulfur Dioxide,Moderate,Strong Wind,124.9,105,R03373;R04673,5,Northwest,Emergency_Response
INC01206,N1901,Chemical Leak,Ammonia,Critical,Strong Wind,188.2,91,R04579;R01502;R00522,1,Northwest,Shelter
INC01207,N1722,Pipeline Leak,Hydrogen Sulfide,Critical,Strong Wind,204.3,37,R00364;R02329,1,Northeast,Medical_Response
INC01208,N0359,Vehicle Chemical Spill,Chlorine,High,Light Wind,176.2,100,R01457;R03364;R04133,5,Northwest,Shelter
INC01209,N0887,Explosion,None,High,Strong Wind,112.5,116,R00771;R02065;R01786,2,East,Emergency_Response
INC01210,N0641,Fire,None,High,Calm,435.0,10,R02969,2,Northeast,Shelter
INC01211,N0537,Pipeline Leak,Nitrogen Dioxide,High,Moderate Wind,227.6,15,R03959,3,Northwest,Emergency_Response
INC01212,N1720,Toxic Gas Release,Chlorine,Critical,Strong Wind,413.4,71,R03041;R01643;R02993,5,Northeast,Shelter
INC01213,N0194,Industrial Fire,None,High,Calm,71.5,35,R00288;R03526;R01571;R04511,4,South,Emergency_Response
INC01214,N1524,Explosion,None,Critical,Calm,6.5,100,R02954;R02542,3,Southwest,Emergency_Response
INC01215,N0473,Industrial Fire,None,Moderate,Strong Wind,390.3,34,R01206,1,East,Evacuate
INC01216,N0072,Chemical Leak,Sulfur Dioxide,Moderate,Light Wind,317.0,77,R02098,1,Northwest,Emergency_Response
INC01217,N0203,Storage Tank Leak,Chlorine,Critical,Strong Wind,252.9,25,R04253;R02948;R00543;R00967,3,Southeast,Reroute
INC01218,N1423,Explosion,None,High,Strong Wind,182.2,102,R04170,5,East,Road_Closure
INC01219,N0197,Vehicle Chemical Spill,Hydrogen Sulfide,High,Strong Wind,54.0,37,R00876;R04058;R02918;R04698,1,Northwest,Road_Closure
INC01220,N1583,Toxic Gas Release,Ammonia,Moderate,Calm,84.5,114,R04385;R00505,4,South,Medical_Response
INC01221,N1517,Storage Tank Leak,Chlorine,High,Strong Wind,27.4,78,R00110,3,Southwest,Evacuate
INC01222,N0768,Chemical Leak,Hydrogen Sulfide,High,Moderate Wind,308.9,36,R04168,5,West,Evacuate
INC01223,N1888,Fire,None,Critical,Moderate Wind,413.4,38,R01787,1,Northwest,Evacuate
INC01224,N0822,Chemical Leak,Hydrogen Sulfide,Critical,Calm,385.0,43,R03503;R02543;R01275,1,East,Evacuate
INC01225,N0039,Explosion,None,Moderate,Strong Wind,496.6,36,R00969,3,South,Evacuate
INC01226,N1292,Chemical Leak,Ammonia,High,Strong Wind,35.8,118,R01664;R02124,5,West,Emergency_Response
INC01227,N1384,Industrial Fire,None,Critical,Light Wind,121.7,101,R01310,4,Northeast,Medical_Response
INC01228,N0672,Vehicle Chemical Spill,Ammonia,Critical,Strong Wind,460.7,117,R01264,3,North,Evacuate
INC01229,N1058,Toxic Gas Release,Sulfur Dioxide,Critical,Light Wind,475.0,88,R02138,1,West,Evacuate
INC01230,N0616,Toxic Gas Release,Sulfur Dioxide,High,Light Wind,45.8,87,R01239;R01471,1,Northwest,Medical_Response
INC01231,N1000,Pipeline Leak,Hydrogen Sulfide,High,Calm,400.6,89,R01008,3,South,Medical_Response
INC01232,N1532,Explosion,None,High,Strong Wind,483.9,74,R04584;R02827;R01766;R04293;R01979,3,West,Emergency_Response
INC01233,N1820,Storage Tank Leak,Sulfur Dioxide,Moderate,Moderate Wind,175.3,3,R00138;R03438,2,Southeast,Emergency_Response
INC01234,N0351,Explosion,None,High,Light Wind,202.8,43,R04656;R04582;R00953,4,North,Shelter
INC01235,N1093,Storage Tank Leak,Chlorine,Moderate,Calm,73.3,44,R02995,3,Northwest,Medical_Response
INC01236,N1466,Chemical Leak,Sulfur Dioxide,Moderate,Strong Wind,327.2,52,R00074;R04133,1,Southeast,Evacuate
INC01237,N0539,Explosion,None,Moderate,Strong Wind,273.5,112,R02189;R02094;R00830;R02669,1,Southeast,Medical_Response
INC01238,N1269,Toxic Gas Release,Chlorine,High,Moderate Wind,340.3,8,R02773,1,Northwest,Medical_Response
INC01239,N0312,Chemical Leak,Sulfur Dioxide,High,Moderate Wind,15.5,51,R04233;R00234;R02510,1,East,Emergency_Response
INC01240,N1092,Storage Tank Leak,Nitrogen Dioxide,High,Moderate Wind,168.0,53,R01060;R00467;R00205,4,Southeast,Emergency_Response
INC01241,N1717,Fire,None,High,Calm,93.5,23,R00559;R02914,5,Southeast,Evacuate
INC01242,N1737,Explosion,None,Moderate,Calm,86.5,7,R02758,4,Southeast,Emergency_Response
INC01243,N1507,Storage Tank Leak,Hydrogen Sulfide,High,Light Wind,392.6,68,R01658;R04656;R01340,4,Southwest,Evacuate
INC01244,N1576,Chemical Leak,Nitrogen Dioxide,Moderate,Strong Wind,382.5,109,R04558;R00053,4,Northeast,Evacuate
INC01245,N0268,Chemical Leak,Nitrogen Dioxide,Critical,Calm,399.4,83,R01519;R03801,2,South,Evacuate
INC01246,N1333,Vehicle Chemical Spill,Sulfur Dioxide,High,Light Wind,494.5,99,R00402;R00942,3,West,Reroute
INC01247,N1239,Explosion,None,High,Light Wind,227.7,79,R00288;R04288,5,West,Road_Closure
INC01248,N0443,Explosion,None,Moderate,Calm,393.3,117,R02608;R00671;R00758,2,North,Road_Closure
INC01249,N1522,Vehicle Chemical Spill,Chlorine,Moderate,Strong Wind,289.3,18,R00840,1,Southwest,Medical_Response
INC01250,N0160,Toxic Gas Release,Ammonia,Critical,Moderate Wind,293.3,69,R01925;R02116;R03587,5,South,Road_Closure
INC01251,N0637,Fire,None,High,Strong Wind,298.1,84,R02010;R00911,2,East,Medical_Response
INC01252,N1238,Chemical Leak,Nitrogen Dioxide,Low,Moderate Wind,255.9,106,R02403,2,Northeast,Medical_Response
INC01253,N0486,Explosion,None,High,Calm,427.6,94,R00328;R02427;R04258,4,Northwest,Shelter
INC01254,N1802,Chemical Leak,Chlorine,High,Light Wind,168.1,43,R00939,4,South,Medical_Response
INC01255,N0212,Vehicle Chemical Spill,Hydrogen Sulfide,Critical,Moderate Wind,313.6,95,R02409;R03782;R04770,2,Southwest,Emergency_Response
INC01256,N1537,Storage Tank Leak,Nitrogen Dioxide,Moderate,Calm,157.6,106,R03775,1,Northeast,Road_Closure
INC01257,N0827,Toxic Gas Release,Ammonia,Moderate,Moderate Wind,164.5,101,R01841;R03768,5,South,Shelter
INC01258,N0354,Storage Tank Leak,Sulfur Dioxide,Moderate,Strong Wind,479.1,85,R03620;R02019;R03281,3,Northwest,Medical_Response
INC01259,N1249,Industrial Fire,None,Low,Moderate Wind,166.5,118,R03004;R02475;R00267;R00074,2,North,Emergency_Response
INC01260,N1198,Pipeline Leak,Ammonia,High,Calm,491.2,116,R02230;R03355,4,West,Emergency_Response
INC01261,N1587,Chemical Leak,Sulfur Dioxide,Moderate,Moderate Wind,384.8,3,R03866;R04217,5,Northeast,Evacuate
INC01262,N0905,Chemical Leak,Nitrogen Dioxide,High,Strong Wind,286.9,41,R04441;R03267;R02894;R00110,2,Northwest,Road_Closure
INC01263,N0778,Toxic Gas Release,Nitrogen Dioxide,Moderate,Calm,454.1,75,R02346;R01132;R04380,2,East,Shelter
INC01264,N0861,Chemical Leak,Hydrogen Sulfide,High,Calm,52.2,70,R02017;R02273;R01425,3,North,Medical_Response
INC01265,N1993,Fire,None,High,Calm,18.4,63,R01607,4,South,Evacuate
INC01266,N0489,Pipeline Leak,Hydrogen Sulfide,Critical,Light Wind,194.4,58,R01738;R00873,4,Northwest,Shelter
INC01267,N1985,Fire,None,High,Calm,110.8,9,R03163,3,East,Evacuate
INC01268,N1038,Chemical Leak,Ammonia,High,Light Wind,406.0,8,R03570;R03005;R01783,1,West,Reroute
INC01269,N1212,Pipeline Leak,Hydrogen Sulfide,Low,Light Wind,346.1,32,R02286;R03376,4,North,Medical_Response
INC01270,N1463,Toxic Gas Release,Hydrogen Sulfide,Moderate,Light Wind,21.3,66,R02996;R02061,1,Southeast,Shelter
INC01271,N1565,Chemical Leak,Chlorine,High,Strong Wind,11.1,84,R04396;R03105;R02708,2,South,Medical_Response
INC01272,N1453,Chemical Leak,Ammonia,Low,Strong Wind,426.7,97,R04041,3,Southwest,Reroute
INC01273,N0816,Explosion,None,Moderate,Moderate Wind,340.1,63,R04380;R04033,5,North,Reroute
INC01274,N1293,Chemical Leak,Hydrogen Sulfide,High,Strong Wind,464.2,81,R02298;R04009,2,Northwest,Emergency_Response
INC01275,N0674,Chemical Leak,Chlorine,Critical,Light Wind,112.0,89,R03998;R03020;R03986;R02686,3,Northwest,Medical_Response
INC01276,N0284,Pipeline Leak,Sulfur Dioxide,High,Light Wind,324.1,83,R03531,4,West,Evacuate
INC01277,N1978,Pipeline Leak,Sulfur Dioxide,Low,Moderate Wind,290.8,104,R03255,4,West,Medical_Response
INC01278,N1741,Toxic Gas Release,Sulfur Dioxide,Critical,Moderate Wind,176.6,42,R04550,2,North,Shelter
INC01279,N0186,Explosion,None,High,Light Wind,90.6,93,R04102;R03761;R02316,5,Southwest,Shelter
INC01280,N1927,Industrial Fire,None,Critical,Calm,295.5,109,R01520,3,East,Medical_Response
INC01281,N1680,Storage Tank Leak,Nitrogen Dioxide,High,Moderate Wind,157.3,63,R00953;R02331;R01440;R01479,3,Southeast,Road_Closure
INC01282,N0092,Storage Tank Leak,Ammonia,Low,Moderate Wind,222.4,13,R03036,1,North,Reroute
INC01283,N0287,Storage Tank Leak,Ammonia,Critical,Strong Wind,32.0,47,R04016,3,South,Medical_Response
INC01284,N0813,Chemical Leak,Nitrogen Dioxide,High,Moderate Wind,374.5,73,R03469;R01103;R04156,2,Northwest,Evacuate
INC01285,N0575,Chemical Leak,Chlorine,Moderate,Moderate Wind,222.3,30,R03107,2,South,Reroute
INC01286,N0412,Toxic Gas Release,Sulfur Dioxide,High,Moderate Wind,213.3,57,R03524;R00455;R03815;R01255;R04678,3,Southwest,Reroute
INC01287,N0273,Toxic Gas Release,Nitrogen Dioxide,Critical,Strong Wind,436.8,50,R00451,4,Northwest,Emergency_Response
INC01288,N1066,Industrial Fire,None,Critical,Strong Wind,32.1,14,R01646;R03890,2,Southwest,Evacuate
INC01289,N0836,Vehicle Chemical Spill,Ammonia,Moderate,Strong Wind,347.0,77,R04571;R02424;R01917;R03877;R01292,2,North,Medical_Response
INC01290,N1124,Explosion,None,Critical,Strong Wind,342.5,89,R01388;R00211,4,North,Evacuate
INC01291,N0431,Industrial Fire,None,Moderate,Moderate Wind,89.4,104,R03430;R02229;R02172;R00763,4,West,Road_Closure
INC01292,N1678,Industrial Fire,None,Low,Moderate Wind,195.8,36,R03731;R01853,4,South,Emergency_Response
INC01293,N0789,Toxic Gas Release,Chlorine,High,Light Wind,329.8,103,R01891,4,Northwest,Shelter
INC01294,N0769,Chemical Leak,Sulfur Dioxide,High,Moderate Wind,449.8,5,R00594;R01634;R00461,4,East,Medical_Response
INC01295,N1951,Fire,None,High,Strong Wind,194.9,110,R01642;R02574,4,East,Medical_Response
INC01296,N1970,Fire,None,High,Moderate Wind,282.0,38,R04017,3,South,Road_Closure
INC01297,N0551,Fire,None,Critical,Light Wind,310.3,72,R02624,1,Southeast,Emergency_Response
INC01298,N0131,Explosion,None,Critical,Calm,92.5,39,R02726,2,Northeast,Shelter
INC01299,N1576,Storage Tank Leak,Chlorine,High,Strong Wind,438.3,65,R03819;R04037;R01960,2,Southeast,Reroute
INC01300,N1611,Industrial Fire,None,High,Strong Wind,405.8,103,R02182,1,East,Medical_Response
INC01301,N1014,Fire,None,Critical,Calm,399.9,7,R00223;R02666;R01558,2,South,Road_Closure
INC01302,N0168,Pipeline Leak,Nitrogen Dioxide,Low,Moderate Wind,226.8,10,R00789,1,West,Shelter
INC01303,N0630,Industrial Fire,None,High,Moderate Wind,455.0,66,R03991,5,East,Evacuate
INC01304,N0496,Toxic Gas Release,Hydrogen Sulfide,High,Calm,151.4,77,R03486;R01302,5,Northeast,Emergency_Response
INC01305,N0956,Pipeline Leak,Hydrogen Sulfide,Critical,Light Wind,101.2,29,R03753,1,North,Emergency_Response
INC01306,N0303,Vehicle Chemical Spill,Chlorine,High,Light Wind,429.5,15,R02507;R04379,3,Northwest,Shelter
INC01307,N1549,Storage Tank Leak,Sulfur Dioxide,Critical,Strong Wind,476.2,87,R03125,1,Southeast,Evacuate
INC01308,N0562,Industrial Fire,None,Low,Moderate Wind,52.5,26,R01961,3,North,Medical_Response
INC01309,N1159,Toxic Gas Release,Ammonia,High,Moderate Wind,45.5,27,R01359,5,Southwest,Emergency_Response
INC01310,N0390,Explosion,None,High,Moderate Wind,396.2,48,R03595,4,South,Road_Closure
INC01311,N0010,Pipeline Leak,Ammonia,Low,Light Wind,100.5,73,R02036,1,South,Reroute
INC01312,N0950,Pipeline Leak,Sulfur Dioxide,Moderate,Moderate Wind,179.8,57,R04534,3,East,Road_Closure
INC01313,N1056,Storage Tank Leak,Hydrogen Sulfide,Critical,Light Wind,29.3,42,R01412,5,East,Medical_Response
INC01314,N1560,Explosion,None,Low,Light Wind,25.0,59,R00751;R03144,5,East,Shelter
INC01315,N0546,Toxic Gas Release,Sulfur Dioxide,High,Calm,376.8,38,R02546,3,Northeast,Evacuate
INC01316,N1920,Fire,None,Critical,Moderate Wind,302.9,37,R02947,5,South,Emergency_Response
INC01317,N0908,Fire,None,High,Strong Wind,324.6,100,R00407;R03610;R00882,4,East,Shelter
INC01318,N1489,Pipeline Leak,Nitrogen Dioxide,Moderate,Strong Wind,87.9,98,R03220,5,Northwest,Medical_Response
INC01319,N1279,Fire,None,High,Calm,242.2,55,R01604;R04415,3,Northwest,Medical_Response
INC01320,N0580,Fire,None,High,Moderate Wind,483.3,80,R04646,4,West,Reroute
INC01321,N0578,Storage Tank Leak,Ammonia,Critical,Strong Wind,305.8,53,R03926;R02624,2,Southwest,Evacuate
INC01322,N0450,Explosion,None,High,Moderate Wind,116.1,96,R03661;R02279,5,Northwest,Emergency_Response
INC01323,N0762,Fire,None,Moderate,Calm,169.7,102,R04491,5,West,Reroute
INC01324,N0760,Pipeline Leak,Ammonia,Moderate,Moderate Wind,34.4,54,R01381,3,Northeast,Reroute
INC01325,N1227,Pipeline Leak,Chlorine,Critical,Light Wind,10.2,116,R03262;R02074,1,Southeast,Reroute
INC01326,N1703,Pipeline Leak,Chlorine,Critical,Light Wind,224.8,97,R01961;R01663,2,Southwest,Road_Closure
INC01327,N1325,Industrial Fire,None,High,Strong Wind,234.4,67,R02030,4,Northeast,Medical_Response
INC01328,N0512,Toxic Gas Release,Hydrogen Sulfide,High,Strong Wind,273.7,38,R03255;R02105,5,East,Reroute
INC01329,N1360,Pipeline Leak,Chlorine,High,Light Wind,443.2,12,R03474;R04064,5,Southwest,Emergency_Response
INC01330,N1033,Storage Tank Leak,Nitrogen Dioxide,High,Calm,189.0,86,R00628,1,Southeast,Shelter
INC01331,N0971,Chemical Leak,Ammonia,Critical,Moderate Wind,249.2,119,R02060;R03402;R04022,3,East,Evacuate
INC01332,N0723,Storage Tank Leak,Chlorine,High,Strong Wind,138.9,101,R01185,3,West,Emergency_Response
INC01333,N1077,Explosion,None,Moderate,Moderate Wind,159.9,60,R00430;R01929;R03434,4,Southwest,Medical_Response
INC01334,N0896,Storage Tank Leak,Hydrogen Sulfide,High,Strong Wind,322.3,65,R04268,3,Northeast,Shelter
INC01335,N0080,Storage Tank Leak,Ammonia,Moderate,Light Wind,496.9,12,R04309,1,South,Road_Closure
INC01336,N1629,Industrial Fire,None,High,Strong Wind,304.9,24,R01338;R02795,1,East,Medical_Response
INC01337,N1552,Toxic Gas Release,Ammonia,High,Strong Wind,256.0,74,R02383;R01032,5,North,Emergency_Response
INC01338,N1255,Pipeline Leak,Hydrogen Sulfide,High,Moderate Wind,176.5,95,R00139;R04393,5,Southwest,Evacuate
INC01339,N0255,Vehicle Chemical Spill,Sulfur Dioxide,High,Light Wind,283.4,39,R00627,3,Southwest,Emergency_Response
INC01340,N1241,Explosion,None,High,Moderate Wind,50.6,18,R01432;R03406;R00937;R01234,2,East,Reroute
INC01341,N1571,Toxic Gas Release,Nitrogen Dioxide,Critical,Calm,319.4,51,R00989;R00001,2,Southwest,Emergency_Response
INC01342,N1317,Pipeline Leak,Hydrogen Sulfide,Moderate,Strong Wind,290.7,67,R00297;R00113,5,Northeast,Road_Closure
INC01343,N1968,Pipeline Leak,Nitrogen Dioxide,High,Strong Wind,483.2,65,R02563;R02711;R03654;R01136,2,West,Evacuate
INC01344,N0560,Storage Tank Leak,Chlorine,High,Strong Wind,138.0,69,R02155,4,East,Reroute
INC01345,N1269,Pipeline Leak,Hydrogen Sulfide,High,Calm,104.9,101,R00185,4,Northwest,Shelter
INC01346,N0530,Industrial Fire,None,Critical,Calm,276.4,33,R02716;R02725;R04237,5,Southwest,Road_Closure
INC01347,N0928,Storage Tank Leak,Hydrogen Sulfide,High,Moderate Wind,208.5,43,R04250;R00772,1,Northwest,Road_Closure
INC01348,N0091,Industrial Fire,None,High,Strong Wind,471.5,67,R04055;R03614,4,North,Road_Closure
INC01349,N0179,Industrial Fire,None,High,Light Wind,285.2,61,R01977;R04395,4,Northwest,Shelter
INC01350,N1892,Vehicle Chemical Spill,Ammonia,High,Light Wind,11.0,109,R01827;R01734;R01495,2,West,Emergency_Response
INC01351,N0523,Pipeline Leak,Chlorine,Critical,Strong Wind,81.8,15,R01961;R04557;R02308,5,Northeast,Emergency_Response
INC01352,N1877,Explosion,None,High,Calm,207.5,40,R02554,3,Southwest,Reroute
INC01353,N1924,Vehicle Chemical Spill,Nitrogen Dioxide,High,Calm,106.3,94,R02880;R02908;R01110;R04078;R01361,1,East,Evacuate
INC01354,N0931,Fire,None,Critical,Moderate Wind,58.4,30,R01630,2,North,Medical_Response
INC01355,N0470,Pipeline Leak,Ammonia,Critical,Light Wind,307.8,82,R00701,3,Northeast,Emergency_Response
INC01356,N0442,Explosion,None,High,Light Wind,337.9,12,R04287;R04373,2,Southeast,Medical_Response
INC01357,N0984,Industrial Fire,None,Moderate,Light Wind,200.2,13,R00155,3,Southwest,Reroute
INC01358,N1971,Storage Tank Leak,Nitrogen Dioxide,High,Moderate Wind,121.4,4,R03207;R04474,3,North,Road_Closure
INC01359,N1801,Chemical Leak,Sulfur Dioxide,Critical,Light Wind,482.2,23,R02639;R01392;R01218;R03877,1,Southeast,Road_Closure
INC01360,N0961,Pipeline Leak,Hydrogen Sulfide,Low,Calm,361.1,9,R01752,5,Northeast,Shelter
INC01361,N1141,Industrial Fire,None,Moderate,Light Wind,38.8,65,R02005;R04512;R04713;R03882,3,Southeast,Evacuate
INC01362,N1366,Storage Tank Leak,Nitrogen Dioxide,Critical,Moderate Wind,327.8,92,R03840;R03755,1,Northwest,Emergency_Response
INC01363,N1788,Chemical Leak,Sulfur Dioxide,Critical,Light Wind,283.7,103,R02138,3,West,Evacuate
INC01364,N0332,Storage Tank Leak,Ammonia,High,Calm,202.0,67,R04296;R02104;R04688,4,Southeast,Shelter
INC01365,N1387,Toxic Gas Release,Hydrogen Sulfide,Moderate,Calm,86.8,40,R04556;R00323;R03620,2,Southeast,Reroute
INC01366,N1665,Chemical Leak,Ammonia,Moderate,Moderate Wind,328.8,55,R02116;R02252;R00044,3,Southwest,Evacuate
INC01367,N1063,Vehicle Chemical Spill,Sulfur Dioxide,High,Moderate Wind,313.2,74,R01307,2,Northwest,Medical_Response
INC01368,N0469,Chemical Leak,Ammonia,Critical,Calm,168.6,49,R03978;R04779;R04261;R03382,3,Southwest,Road_Closure
INC01369,N0067,Industrial Fire,None,Low,Calm,376.8,30,R01615;R04375;R04471;R04276;R02382,1,East,Road_Closure
INC01370,N0248,Vehicle Chemical Spill,Hydrogen Sulfide,High,Strong Wind,498.6,41,R01794,4,East,Road_Closure
INC01371,N0188,Vehicle Chemical Spill,Chlorine,Critical,Light Wind,417.1,95,R01765,5,Northwest,Evacuate
INC01372,N0380,Explosion,None,High,Strong Wind,217.4,15,R02001,1,Northwest,Road_Closure
INC01373,N1940,Toxic Gas Release,Ammonia,High,Light Wind,306.6,72,R00202;R02031,1,South,Shelter
INC01374,N0512,Pipeline Leak,Ammonia,High,Light Wind,365.3,34,R03782;R00369,4,North,Emergency_Response
INC01375,N0041,Chemical Leak,Hydrogen Sulfide,High,Moderate Wind,228.3,17,R03922;R02831;R04274,3,Northwest,Reroute
INC01376,N1914,Toxic Gas Release,Sulfur Dioxide,Critical,Moderate Wind,114.3,98,R02259,1,East,Evacuate
INC01377,N0792,Toxic Gas Release,Hydrogen Sulfide,High,Calm,456.7,13,R04695;R03782;R03260;R03698;R00646,5,Northeast,Evacuate
INC01378,N1869,Industrial Fire,None,High,Strong Wind,300.7,80,R03894,3,South,Medical_Response
INC01379,N0459,Chemical Leak,Sulfur Dioxide,High,Moderate Wind,172.0,42,R02522;R00410,2,East,Shelter
INC01380,N1543,Fire,None,High,Calm,423.1,20,R00019;R00066;R00551;R02899;R01145,5,South,Evacuate
INC01381,N1120,Pipeline Leak,Hydrogen Sulfide,Critical,Calm,103.9,68,R02825;R00289,5,Northwest,Medical_Response
INC01382,N1025,Fire,None,Moderate,Calm,26.9,102,R03920,5,Northeast,Emergency_Response
INC01383,N1561,Toxic Gas Release,Nitrogen Dioxide,Moderate,Strong Wind,38.3,38,R04523;R04138;R02926;R02310,4,Northeast,Emergency_Response
INC01384,N0265,Fire,None,High,Moderate Wind,291.4,109,R02626;R03208;R03371;R01753;R03748,4,Northeast,Reroute
INC01385,N1207,Industrial Fire,None,Moderate,Light Wind,160.5,106,R01312;R02283,4,East,Shelter
INC01386,N0720,Toxic Gas Release,Ammonia,Moderate,Strong Wind,79.6,79,R00577,5,South,Road_Closure
INC01387,N1745,Storage Tank Leak,Nitrogen Dioxide,High,Calm,384.4,43,R00301;R01794;R03936,4,East,Shelter
INC01388,N0616,Toxic Gas Release,Hydrogen Sulfide,High,Moderate Wind,303.4,77,R04036,1,West,Shelter
INC01389,N0795,Pipeline Leak,Nitrogen Dioxide,Critical,Calm,188.1,75,R03522,3,Southwest,Reroute
INC01390,N1678,Fire,None,Critical,Calm,46.8,91,R01186,3,North,Road_Closure
INC01391,N0699,Toxic Gas Release,Hydrogen Sulfide,High,Moderate Wind,205.7,50,R01314;R01141,1,East,Shelter
INC01392,N1521,Explosion,None,High,Calm,470.0,46,R01871;R02745,1,East,Shelter
INC01393,N0516,Pipeline Leak,Ammonia,High,Moderate Wind,130.5,44,R04419,3,West,Emergency_Response
INC01394,N0652,Vehicle Chemical Spill,Hydrogen Sulfide,Moderate,Light Wind,78.1,117,R00871,5,East,Medical_Response
INC01395,N1838,Toxic Gas Release,Nitrogen Dioxide,Critical,Moderate Wind,85.0,95,R02019,1,North,Reroute
INC01396,N0632,Vehicle Chemical Spill,Nitrogen Dioxide,Moderate,Strong Wind,186.9,23,R04173,1,Southwest,Medical_Response
INC01397,N1584,Explosion,None,Low,Strong Wind,121.9,113,R02928,1,Northeast,Reroute
INC01398,N1110,Explosion,None,High,Moderate Wind,17.3,26,R04543;R04179;R00835,2,West,Reroute
INC01399,N1754,Pipeline Leak,Chlorine,Critical,Strong Wind,391.9,98,R03060,1,South,Reroute
INC01400,N1762,Industrial Fire,None,Low,Calm,281.1,49,R00179;R00078,5,Northwest,Evacuate
INC01401,N0912,Vehicle Chemical Spill,Sulfur Dioxide,Moderate,Calm,62.2,66,R02886,1,South,Reroute
INC01402,N0346,Chemical Leak,Nitrogen Dioxide,Moderate,Moderate Wind,26.0,42,R01383;R04021,3,West,Medical_Response
INC01403,N1228,Vehicle Chemical Spill,Sulfur Dioxide,Moderate,Calm,83.5,48,R02134,4,West,Medical_Response
INC01404,N0477,Vehicle Chemical Spill,Nitrogen Dioxide,Moderate,Light Wind,286.1,10,R02352;R01901,5,North,Shelter
INC01405,N1785,Industrial Fire,None,Moderate,Strong Wind,302.8,42,R04352,2,North,Reroute
INC01406,N1142,Storage Tank Leak,Sulfur Dioxide,High,Light Wind,404.7,6,R00343,2,South,Emergency_Response
INC01407,N1331,Pipeline Leak,Chlorine,Critical,Strong Wind,306.2,33,R03641,2,Southwest,Shelter
INC01408,N1574,Fire,None,High,Calm,465.3,34,R04574;R03033,5,Northwest,Emergency_Response
INC01409,N1305,Vehicle Chemical Spill,Chlorine,High,Calm,492.7,36,R02957;R03053;R02951;R02778;R03078,5,North,Emergency_Response
INC01410,N0907,Vehicle Chemical Spill,Nitrogen Dioxide,Critical,Strong Wind,85.4,112,R01055;R01675,1,Northeast,Reroute
INC01411,N0837,Explosion,None,High,Light Wind,128.6,4,R04500;R01097;R01314,1,North,Reroute
INC01412,N0697,Toxic Gas Release,Ammonia,Critical,Strong Wind,146.5,21,R03360,2,Southeast,Emergency_Response
INC01413,N0344,Explosion,None,Moderate,Light Wind,56.5,46,R00350,4,Northeast,Medical_Response
INC01414,N0908,Toxic Gas Release,Chlorine,Low,Strong Wind,25.3,2,R00910;R04467,3,Northeast,Emergency_Response
INC01415,N0521,Industrial Fire,None,Low,Moderate Wind,483.3,46,R03880;R03340,5,South,Road_Closure
INC01416,N1663,Pipeline Leak,Hydrogen Sulfide,Critical,Light Wind,98.4,94,R02107,5,Northwest,Emergency_Response
INC01417,N0902,Vehicle Chemical Spill,Sulfur Dioxide,Critical,Moderate Wind,87.7,18,R02048;R01259;R03217,5,South,Emergency_Response
INC01418,N0600,Pipeline Leak,Nitrogen Dioxide,Moderate,Light Wind,249.2,50,R04796,5,South,Road_Closure
INC01419,N0144,Industrial Fire,None,High,Moderate Wind,443.1,37,R03412;R01228,5,West,Reroute
INC01420,N1429,Storage Tank Leak,Ammonia,High,Calm,426.4,102,R00574,1,South,Shelter
INC01421,N1659,Pipeline Leak,Hydrogen Sulfide,Critical,Strong Wind,263.8,45,R01876;R02844,5,Southeast,Evacuate
INC01422,N1490,Toxic Gas Release,Hydrogen Sulfide,High,Moderate Wind,279.4,72,R00684,4,Northeast,Emergency_Response
INC01423,N1247,Chemical Leak,Ammonia,Moderate,Strong Wind,447.4,8,R00111,4,Northwest,Shelter
INC01424,N0714,Chemical Leak,Chlorine,High,Moderate Wind,76.7,50,R00883,2,Northwest,Road_Closure
INC01425,N0910,Fire,None,Low,Moderate Wind,12.2,63,R02336;R04620;R01276,5,East,Reroute
INC01426,N0177,Chemical Leak,Hydrogen Sulfide,Moderate,Calm,314.5,29,R03671,5,East,Reroute
INC01427,N1896,Fire,None,High,Light Wind,401.4,66,R03600;R00622,2,Northwest,Evacuate
INC01428,N1291,Vehicle Chemical Spill,Nitrogen Dioxide,Critical,Moderate Wind,422.7,69,R03498,2,Northeast,Medical_Response
INC01429,N0444,Industrial Fire,None,Critical,Strong Wind,464.1,45,R00910,4,West,Medical_Response
INC01430,N0109,Storage Tank Leak,Chlorine,Moderate,Moderate Wind,278.4,108,R03645;R03627,1,West,Reroute
INC01431,N0976,Storage Tank Leak,Ammonia,High,Calm,289.7,69,R02152;R03315;R00894,3,Southeast,Shelter
INC01432,N1715,Chemical Leak,Chlorine,High,Moderate Wind,461.7,86,R01103,1,Southeast,Shelter
INC01433,N0891,Storage Tank Leak,Sulfur Dioxide,High,Light Wind,431.7,81,R00569;R01142,2,West,Evacuate
INC01434,N0389,Storage Tank Leak,Hydrogen Sulfide,High,Moderate Wind,200.1,12,R00255;R03986;R02458,5,North,Road_Closure
INC01435,N1787,Pipeline Leak,Sulfur Dioxide,Moderate,Strong Wind,234.3,9,R01517,5,West,Emergency_Response
INC01436,N0511,Vehicle Chemical Spill,Chlorine,Critical,Strong Wind,432.7,53,R03223,5,Northwest,Emergency_Response
INC01437,N1600,Chemical Leak,Ammonia,Critical,Calm,35.5,51,R00911;R02282,3,West,Medical_Response
INC01438,N1116,Vehicle Chemical Spill,Chlorine,Critical,Calm,397.6,67,R00254;R03424;R00594,5,East,Evacuate
INC01439,N1565,Toxic Gas Release,Sulfur Dioxide,High,Light Wind,439.8,106,R03539,4,East,Reroute
INC01440,N1710,Pipeline Leak,Hydrogen Sulfide,High,Calm,445.3,8,R01956,4,North,Evacuate
INC01441,N0698,Pipeline Leak,Sulfur Dioxide,High,Moderate Wind,254.6,26,R04361;R03119,4,Southeast,Medical_Response
INC01442,N1051,Industrial Fire,None,Critical,Moderate Wind,14.6,117,R03832,5,East,Medical_Response
INC01443,N0442,Storage Tank Leak,Ammonia,Low,Light Wind,45.3,58,R00838;R01718,3,West,Emergency_Response
INC01444,N1472,Vehicle Chemical Spill,Hydrogen Sulfide,Critical,Calm,100.8,102,R01619;R01135,3,Southeast,Emergency_Response
INC01445,N0007,Pipeline Leak,Chlorine,High,Calm,493.4,63,R00353,4,South,Reroute
INC01446,N1728,Industrial Fire,None,Moderate,Moderate Wind,476.4,43,R01038;R02115,4,Northwest,Road_Closure
INC01447,N0433,Storage Tank Leak,Chlorine,High,Light Wind,59.8,59,R00194;R03662,1,North,Evacuate
INC01448,N0751,Industrial Fire,None,Critical,Moderate Wind,259.6,93,R03132;R01047;R00959,2,South,Emergency_Response
INC01449,N1095,Pipeline Leak,Ammonia,Low,Moderate Wind,417.1,99,R00028,5,West,Reroute
INC01450,N1812,Storage Tank Leak,Hydrogen Sulfide,Critical,Light Wind,84.8,48,R04371;R04335;R04797,4,North,Shelter
INC01451,N1868,Fire,None,Critical,Light Wind,186.3,68,R03231;R00427;R03440;R00365,2,East,Reroute
INC01452,N1278,Explosion,None,Critical,Calm,60.3,4,R04062;R01386;R02348,3,East,Shelter
INC01453,N1163,Industrial Fire,None,Moderate,Moderate Wind,292.2,81,R03742;R00349;R03746;R02274,2,Southwest,Reroute
INC01454,N1647,Storage Tank Leak,Hydrogen Sulfide,High,Light Wind,353.7,12,R01595,2,Northwest,Emergency_Response
INC01455,N0216,Storage Tank Leak,Ammonia,Moderate,Light Wind,167.7,36,R02549,4,Southeast,Reroute
INC01456,N1761,Industrial Fire,None,High,Light Wind,407.9,9,R02823;R03472;R04393,4,Northwest,Shelter
INC01457,N1577,Industrial Fire,None,High,Calm,343.9,44,R03264;R00205,5,Southeast,Evacuate
INC01458,N1732,Chemical Leak,Ammonia,Critical,Strong Wind,222.1,70,R00650;R04673,3,West,Medical_Response
INC01459,N1746,Industrial Fire,None,High,Strong Wind,158.7,75,R04555;R03628,2,West,Shelter
INC01460,N1299,Chemical Leak,Chlorine,High,Light Wind,160.5,117,R04203;R00692,3,West,Evacuate
INC01461,N0755,Storage Tank Leak,Sulfur Dioxide,Critical,Calm,236.9,44,R02220,5,East,Shelter
INC01462,N1330,Toxic Gas Release,Hydrogen Sulfide,Critical,Light Wind,374.8,5,R02455,3,Northeast,Evacuate
INC01463,N0944,Fire,None,Moderate,Calm,273.9,82,R01369;R00443;R04119;R04665,4,Southeast,Emergency_Response
INC01464,N1955,Toxic Gas Release,Nitrogen Dioxide,High,Strong Wind,425.5,76,R04679;R02705,4,Northwest,Medical_Response
INC01465,N0675,Industrial Fire,None,Moderate,Light Wind,204.3,22,R03925,3,Southeast,Emergency_Response
INC01466,N0889,Industrial Fire,None,Critical,Strong Wind,71.8,85,R03514,5,Southwest,Medical_Response
INC01467,N0718,Pipeline Leak,Nitrogen Dioxide,Low,Strong Wind,271.5,66,R03544;R03294;R02998,5,Northwest,Reroute
INC01468,N1684,Chemical Leak,Nitrogen Dioxide,Critical,Moderate Wind,33.4,69,R00410,5,Northeast,Reroute
INC01469,N0125,Explosion,None,Critical,Light Wind,369.4,100,R01279,5,West,Medical_Response
INC01470,N1819,Industrial Fire,None,Critical,Moderate Wind,262.5,115,R00130;R03224;R03378;R00531;R03565,4,Southeast,Evacuate
INC01471,N1533,Pipeline Leak,Ammonia,Critical,Calm,393.9,64,R03295,2,East,Shelter
INC01472,N0644,Chemical Leak,Nitrogen Dioxide,High,Light Wind,465.9,105,R04450,1,Northwest,Evacuate
INC01473,N0643,Industrial Fire,None,Critical,Light Wind,426.4,116,R04153;R04588,3,Southwest,Evacuate
INC01474,N0299,Vehicle Chemical Spill,Nitrogen Dioxide,Critical,Light Wind,332.9,40,R00166,5,Southeast,Medical_Response
INC01475,N0001,Fire,None,High,Moderate Wind,114.2,110,R04034;R01378;R04576,5,East,Evacuate
INC01476,N0317,Vehicle Chemical Spill,Nitrogen Dioxide,High,Light Wind,119.4,81,R02306,5,Southeast,Emergency_Response
INC01477,N0494,Fire,None,Critical,Light Wind,232.5,42,R03859;R03607;R02444,2,West,Emergency_Response
INC01478,N1672,Fire,None,High,Strong Wind,24.2,43,R04228,3,South,Reroute
INC01479,N0865,Fire,None,Moderate,Light Wind,24.9,86,R00066;R04490;R03267,2,Northeast,Reroute
INC01480,N1013,Storage Tank Leak,Ammonia,High,Light Wind,458.4,115,R03562;R01918,5,West,Reroute
INC01481,N0125,Storage Tank Leak,Ammonia,Critical,Light Wind,448.7,117,R03218,2,West,Shelter
INC01482,N0198,Fire,None,High,Moderate Wind,485.5,49,R00261;R01404,5,West,Emergency_Response
INC01483,N0979,Storage Tank Leak,Nitrogen Dioxide,Critical,Moderate Wind,279.4,97,R04416;R02178,1,East,Evacuate
INC01484,N1648,Vehicle Chemical Spill,Sulfur Dioxide,High,Calm,200.4,101,R02965,4,Southwest,Road_Closure
INC01485,N1379,Chemical Leak,Sulfur Dioxide,High,Light Wind,142.3,17,R04533;R01592;R03755,2,Southeast,Road_Closure
INC01486,N1471,Chemical Leak,Nitrogen Dioxide,Moderate,Calm,349.8,108,R04653,4,West,Shelter
INC01487,N1869,Chemical Leak,Chlorine,Critical,Light Wind,63.0,25,R01990;R00553,5,East,Road_Closure
INC01488,N1070,Industrial Fire,None,Critical,Moderate Wind,86.6,89,R01585,4,Northeast,Medical_Response
INC01489,N1987,Toxic Gas Release,Ammonia,Critical,Moderate Wind,448.4,113,R03506;R04169;R02227,5,East,Road_Closure
INC01490,N1720,Vehicle Chemical Spill,Sulfur Dioxide,Moderate,Light Wind,366.4,63,R04054;R03741,1,South,Emergency_Response
INC01491,N1123,Industrial Fire,None,Critical,Calm,49.8,10,R00054;R03824,2,Northwest,Medical_Response
INC01492,N0884,Industrial Fire,None,High,Light Wind,297.2,98,R01200,5,Southeast,Reroute
INC01493,N0886,Storage Tank Leak,Hydrogen Sulfide,Moderate,Light Wind,186.8,82,R03211,1,North,Evacuate
INC01494,N1717,Storage Tank Leak,Chlorine,Moderate,Light Wind,219.6,93,R02020,2,Southeast,Emergency_Response
INC01495,N0906,Pipeline Leak,Sulfur Dioxide,Moderate,Light Wind,225.5,61,R02951;R03132;R01132,5,West,Emergency_Response
INC01496,N1572,Vehicle Chemical Spill,Sulfur Dioxide,High,Moderate Wind,333.1,49,R01490;R01602,4,South,Shelter
INC01497,N1416,Industrial Fire,None,High,Light Wind,15.7,56,R04280;R01815,4,Southwest,Emergency_Response
INC01498,N1993,Pipeline Leak,Sulfur Dioxide,Low,Strong Wind,225.0,37,R00432;R04392,4,East,Reroute
INC01499,N0583,Storage Tank Leak,Nitrogen Dioxide,Moderate,Strong Wind,131.3,96,R01690,4,East,Emergency_Response
INC01500,N0337,Chemical Leak,Nitrogen Dioxide,Critical,Moderate Wind,390.6,83,R02083;R00991,1,Southeast,Medical_Response
INC01501,N1789,Vehicle Chemical Spill,Chlorine,High,Calm,359.6,117,R01456;R02191;R02515,2,North,Shelter
INC01502,N1078,Pipeline Leak,Nitrogen Dioxide,High,Strong Wind,146.8,80,R04526;R02048;R01438;R03161,2,South,Medical_Response
INC01503,N1623,Pipeline Leak,Nitrogen Dioxide,Moderate,Moderate Wind,82.4,13,R01760;R01613;R04512,1,Southeast,Emergency_Response
INC01504,N1834,Toxic Gas Release,Chlorine,Moderate,Strong Wind,264.0,27,R04602;R01709,2,North,Emergency_Response
INC01505,N0402,Chemical Leak,Ammonia,High,Calm,55.3,116,R01520;R04028;R04264;R03001,4,Northwest,Evacuate
INC01506,N1950,Chemical Leak,Chlorine,Critical,Strong Wind,89.9,27,R03181,4,Southwest,Road_Closure
INC01507,N1076,Storage Tank Leak,Sulfur Dioxide,Critical,Moderate Wind,396.3,9,R00184;R03004,1,Southwest,Emergency_Response
INC01508,N1497,Explosion,None,Critical,Strong Wind,376.3,18,R04100,3,North,Shelter
INC01509,N0010,Vehicle Chemical Spill,Hydrogen Sulfide,High,Calm,340.3,107,R04234;R04395,1,Northwest,Shelter
INC01510,N0782,Vehicle Chemical Spill,Ammonia,High,Calm,394.2,78,R00429;R03965,5,Northwest,Medical_Response
INC01511,N0307,Storage Tank Leak,Hydrogen Sulfide,Low,Calm,368.4,19,R03256,2,Northeast,Reroute
INC01512,N1447,Storage Tank Leak,Ammonia,High,Light Wind,258.3,45,R04202,4,Southeast,Road_Closure
INC01513,N0761,Fire,None,High,Strong Wind,317.5,77,R02825,5,Southwest,Emergency_Response
INC01514,N1548,Storage Tank Leak,Nitrogen Dioxide,High,Moderate Wind,448.1,107,R01984,1,West,Shelter
INC01515,N1964,Industrial Fire,None,High,Calm,304.6,10,R01332;R03787;R03304;R01270;R01976,4,North,Shelter
INC01516,N1654,Toxic Gas Release,Ammonia,High,Moderate Wind,361.5,114,R00065;R04133;R01344,1,South,Reroute
INC01517,N0932,Pipeline Leak,Nitrogen Dioxide,Critical,Calm,27.0,105,R02137;R01134,4,North,Emergency_Response
INC01518,N0111,Toxic Gas Release,Hydrogen Sulfide,High,Strong Wind,312.5,56,R04756;R01518,2,South,Evacuate
INC01519,N1791,Toxic Gas Release,Sulfur Dioxide,Moderate,Calm,228.9,85,R02786;R02452;R01951,2,East,Medical_Response
INC01520,N1145,Vehicle Chemical Spill,Nitrogen Dioxide,High,Strong Wind,233.2,69,R04365;R00366;R00273,1,South,Evacuate
INC01521,N1640,Chemical Leak,Chlorine,Critical,Calm,105.8,21,R03324,5,Southwest,Shelter
INC01522,N0562,Chemical Leak,Chlorine,High,Moderate Wind,438.6,87,R01930,2,South,Reroute
INC01523,N0648,Chemical Leak,Hydrogen Sulfide,Critical,Calm,113.3,53,R04418;R02505,1,North,Reroute
INC01524,N1474,Vehicle Chemical Spill,Sulfur Dioxide,High,Calm,286.1,98,R00844;R00808;R01896,3,Northwest,Evacuate
INC01525,N0692,Chemical Leak,Nitrogen Dioxide,Low,Moderate Wind,326.2,46,R03409;R03348,3,Southwest,Road_Closure
INC01526,N0606,Pipeline Leak,Hydrogen Sulfide,Critical,Strong Wind,237.2,104,R03049;R00540;R03486;R00970;R04048,3,Northwest,Reroute
INC01527,N0783,Vehicle Chemical Spill,Sulfur Dioxide,High,Moderate Wind,276.2,6,R04665,4,Northeast,Road_Closure
INC01528,N1472,Chemical Leak,Sulfur Dioxide,Critical,Strong Wind,116.7,57,R02483;R01279;R00180,1,Northeast,Evacuate
INC01529,N0544,Industrial Fire,None,High,Light Wind,383.9,73,R03864,5,Northeast,Medical_Response
INC01530,N1805,Toxic Gas Release,Nitrogen Dioxide,High,Moderate Wind,479.1,38,R02733,5,South,Shelter
INC01531,N0636,Chemical Leak,Chlorine,Critical,Strong Wind,188.6,3,R01827;R01622;R03008,5,Southwest,Reroute
INC01532,N0624,Pipeline Leak,Chlorine,Low,Strong Wind,16.1,102,R02572;R02431,5,Southwest,Reroute
INC01533,N1383,Explosion,None,Moderate,Strong Wind,439.8,79,R00608;R02278,5,East,Evacuate
INC01534,N0619,Pipeline Leak,Hydrogen Sulfide,High,Strong Wind,494.5,119,R04578,3,East,Road_Closure
INC01535,N1951,Storage Tank Leak,Chlorine,High,Moderate Wind,36.0,44,R00004,3,North,Emergency_Response
INC01536,N0562,Chemical Leak,Nitrogen Dioxide,Moderate,Moderate Wind,159.1,98,R03029,5,Northeast,Road_Closure
INC01537,N1170,Chemical Leak,Ammonia,High,Calm,233.4,22,R03366,1,Northeast,Shelter
INC01538,N1175,Explosion,None,High,Light Wind,70.4,40,R02250;R04068,1,West,Evacuate
INC01539,N0952,Explosion,None,Moderate,Strong Wind,419.7,50,R01421,1,Northwest,Medical_Response
INC01540,N0632,Explosion,None,High,Calm,37.9,17,R00521,4,Southwest,Reroute
INC01541,N0155,Industrial Fire,None,High,Moderate Wind,307.9,47,R03910;R01530,2,Southwest,Road_Closure
INC01542,N0517,Pipeline Leak,Ammonia,High,Strong Wind,322.4,118,R02021,3,Northeast,Emergency_Response
INC01543,N0165,Industrial Fire,None,High,Calm,366.5,104,R02986;R03751;R04027;R01478;R01470,1,Northwest,Reroute
INC01544,N1250,Industrial Fire,None,Low,Moderate Wind,219.7,13,R00255;R03979;R00848,5,West,Evacuate
INC01545,N1450,Fire,None,Critical,Moderate Wind,375.9,52,R02067,5,Northeast,Medical_Response
INC01546,N0876,Storage Tank Leak,Sulfur Dioxide,High,Calm,69.4,58,R02134;R04470,1,Southwest,Reroute
INC01547,N0329,Industrial Fire,None,Moderate,Calm,438.2,14,R01094,3,Southeast,Shelter
INC01548,N0046,Pipeline Leak,Nitrogen Dioxide,High,Strong Wind,221.1,111,R00015;R04407,1,Northeast,Shelter
INC01549,N1890,Pipeline Leak,Nitrogen Dioxide,High,Strong Wind,329.5,66,R01114;R03742;R00251,1,Northeast,Emergency_Response
INC01550,N1899,Fire,None,Low,Moderate Wind,129.1,62,R02902,4,Northeast,Reroute
INC01551,N0208,Explosion,None,High,Calm,83.1,109,R02329,5,West,Evacuate
INC01552,N0091,Industrial Fire,None,Critical,Moderate Wind,11.9,52,R02734;R03392,4,North,Evacuate
INC01553,N1938,Pipeline Leak,Ammonia,Critical,Calm,116.0,13,R03197;R00034;R00879;R01128;R00374,1,Southwest,Road_Closure
INC01554,N1702,Vehicle Chemical Spill,Ammonia,Critical,Calm,341.8,91,R00966;R01151,2,South,Evacuate
INC01555,N0919,Vehicle Chemical Spill,Ammonia,Moderate,Calm,221.1,60,R03529;R03357;R02326;R04539;R04219,1,East,Medical_Response
INC01556,N1811,Storage Tank Leak,Chlorine,Moderate,Light Wind,201.1,77,R04621,4,Southwest,Emergency_Response
INC01557,N1918,Industrial Fire,None,High,Strong Wind,357.7,68,R02860;R00965,5,South,Emergency_Response
INC01558,N1889,Chemical Leak,Chlorine,Critical,Moderate Wind,463.0,102,R01378;R04095;R01152;R00147;R03207,2,West,Evacuate
INC01559,N1375,Explosion,None,High,Light Wind,248.4,73,R01248;R01728;R02719,5,North,Emergency_Response
INC01560,N0316,Vehicle Chemical Spill,Hydrogen Sulfide,High,Light Wind,184.9,109,R00248;R04708,1,Northwest,Reroute
INC01561,N1383,Explosion,None,Critical,Calm,131.5,90,R04805,1,Southwest,Emergency_Response
INC01562,N1536,Fire,None,Critical,Moderate Wind,460.4,9,R02132,2,South,Emergency_Response
INC01563,N0084,Industrial Fire,None,Critical,Moderate Wind,81.7,11,R01583,3,East,Medical_Response
INC01564,N1521,Toxic Gas Release,Chlorine,High,Light Wind,349.5,35,R01695;R01265;R00942,4,Northeast,Road_Closure
INC01565,N1746,Chemical Leak,Ammonia,Moderate,Strong Wind,86.7,55,R00999,1,East,Evacuate
INC01566,N0759,Industrial Fire,None,High,Strong Wind,354.5,39,R00660;R01491,2,Southeast,Reroute
INC01567,N0124,Vehicle Chemical Spill,Chlorine,High,Strong Wind,459.8,19,R02755;R00815,2,East,Road_Closure
INC01568,N0362,Toxic Gas Release,Chlorine,Moderate,Moderate Wind,382.9,89,R02212,1,West,Road_Closure
INC01569,N0754,Industrial Fire,None,Low,Strong Wind,145.3,113,R00549;R01700;R04736;R02536,3,Southwest,Reroute
INC01570,N1768,Industrial Fire,None,Moderate,Calm,28.1,112,R02225,4,North,Shelter
INC01571,N0955,Storage Tank Leak,Ammonia,Moderate,Moderate Wind,192.0,33,R00247;R03299;R01317,2,Northwest,Shelter
INC01572,N0936,Storage Tank Leak,Nitrogen Dioxide,High,Calm,374.9,95,R03143,4,West,Medical_Response
INC01573,N0204,Vehicle Chemical Spill,Sulfur Dioxide,Critical,Moderate Wind,414.6,49,R03452,2,West,Road_Closure
INC01574,N0288,Storage Tank Leak,Nitrogen Dioxide,High,Light Wind,65.7,47,R03665,5,Southeast,Reroute
INC01575,N1175,Toxic Gas Release,Chlorine,Low,Calm,113.5,78,R00404,2,Northwest,Road_Closure
INC01576,N0015,Toxic Gas Release,Sulfur Dioxide,Low,Strong Wind,91.7,62,R01742,1,North,Shelter
INC01577,N0975,Pipeline Leak,Sulfur Dioxide,Critical,Light Wind,34.6,41,R03340;R02878;R00213,1,Northwest,Evacuate
INC01578,N1838,Explosion,None,Critical,Strong Wind,12.5,32,R00297;R02846;R02403,1,East,Medical_Response
INC01579,N0334,Explosion,None,High,Light Wind,67.0,46,R00250,1,East,Medical_Response
INC01580,N0424,Industrial Fire,None,High,Moderate Wind,79.7,111,R03342,3,West,Emergency_Response
INC01581,N0101,Vehicle Chemical Spill,Sulfur Dioxide,Moderate,Calm,206.8,102,R03326;R00691,3,Northwest,Evacuate
INC01582,N1376,Chemical Leak,Hydrogen Sulfide,Low,Moderate Wind,42.3,83,R03782,3,Southwest,Reroute
INC01583,N1166,Fire,None,Moderate,Moderate Wind,62.7,100,R02405;R00394;R01013,3,Northeast,Emergency_Response
INC01584,N1950,Pipeline Leak,Sulfur Dioxide,Critical,Light Wind,355.7,34,R02666;R00131,1,Northwest,Reroute
INC01585,N1676,Industrial Fire,None,Moderate,Strong Wind,71.5,95,R02616;R02639,1,East,Road_Closure
INC01586,N0665,Storage Tank Leak,Chlorine,High,Moderate Wind,409.4,52,R02740;R02077,4,South,Shelter
INC01587,N1718,Chemical Leak,Ammonia,Critical,Light Wind,182.3,62,R01224,4,Southeast,Road_Closure
INC01588,N1581,Vehicle Chemical Spill,Nitrogen Dioxide,High,Moderate Wind,114.7,59,R00260;R01742,2,Southwest,Evacuate
INC01589,N1315,Vehicle Chemical Spill,Sulfur Dioxide,High,Calm,204.7,22,R04391;R03913,2,Southwest,Shelter
INC01590,N0450,Chemical Leak,Ammonia,High,Moderate Wind,430.7,96,R03381,3,East,Emergency_Response
INC01591,N1060,Explosion,None,Moderate,Strong Wind,18.6,93,R00540,4,West,Emergency_Response
INC01592,N1436,Storage Tank Leak,Hydrogen Sulfide,High,Moderate Wind,487.2,86,R01817,2,Northwest,Medical_Response
INC01593,N1191,Toxic Gas Release,Ammonia,High,Strong Wind,111.1,53,R00373,4,North,Evacuate
INC01594,N0544,Pipeline Leak,Ammonia,High,Calm,93.9,19,R04494;R02949;R01149;R03480,5,West,Medical_Response
INC01595,N0595,Storage Tank Leak,Nitrogen Dioxide,Moderate,Strong Wind,9.8,99,R00415,1,Northwest,Evacuate
INC01596,N0542,Vehicle Chemical Spill,Nitrogen Dioxide,Critical,Calm,155.5,88,R00566;R00108,5,East,Shelter
INC01597,N1025,Chemical Leak,Ammonia,High,Strong Wind,499.1,9,R02294;R01084;R00758,3,Northeast,Reroute
INC01598,N0618,Explosion,None,High,Strong Wind,332.4,68,R02774,4,East,Emergency_Response
INC01599,N1583,Explosion,None,High,Moderate Wind,305.4,2,R02537;R03380;R02507,5,Northeast,Evacuate
INC01600,N1563,Vehicle Chemical Spill,Nitrogen Dioxide,High,Moderate Wind,443.9,31,R03295;R04095;R03159,2,East,Reroute
INC01601,N0733,Fire,None,High,Calm,148.7,10,R01612,1,South,Evacuate
INC01602,N1023,Chemical Leak,Chlorine,Critical,Calm,281.0,36,R01959;R03353;R02951;R03251,5,South,Road_Closure
INC01603,N0325,Storage Tank Leak,Ammonia,High,Light Wind,354.4,90,R03320;R01469,5,Northwest,Road_Closure
INC01604,N0347,Explosion,None,High,Strong Wind,490.3,9,R04292;R01914,1,Southwest,Shelter
INC01605,N0266,Vehicle Chemical Spill,Ammonia,High,Strong Wind,336.0,56,R03945,2,Northwest,Road_Closure
INC01606,N0585,Fire,None,High,Moderate Wind,235.4,83,R01924;R00981;R00121,1,Northwest,Medical_Response
INC01607,N0611,Explosion,None,Critical,Strong Wind,133.3,41,R03073;R00980;R01310;R01721,1,Southeast,Emergency_Response
INC01608,N1647,Toxic Gas Release,Hydrogen Sulfide,High,Calm,239.9,90,R00604;R00628,3,Northwest,Emergency_Response
INC01609,N1292,Explosion,None,Moderate,Light Wind,165.8,38,R01339;R01491;R01097;R01664,4,South,Medical_Response
INC01610,N1693,Fire,None,Moderate,Light Wind,355.1,2,R04785,5,East,Evacuate
INC01611,N0426,Vehicle Chemical Spill,Chlorine,Moderate,Strong Wind,444.7,83,R02777;R03271,2,Northwest,Road_Closure
INC01612,N1295,Fire,None,High,Strong Wind,324.6,38,R03986;R00067;R00849;R01919,2,Northwest,Road_Closure
INC01613,N1736,Fire,None,High,Calm,438.2,39,R00980,2,Northwest,Road_Closure
INC01614,N0705,Pipeline Leak,Chlorine,High,Calm,286.9,13,R04499;R03097;R03714,5,South,Road_Closure
INC01615,N1107,Pipeline Leak,Nitrogen Dioxide,High,Light Wind,393.2,107,R04217;R00610;R02217,3,North,Road_Closure
INC01616,N1971,Explosion,None,High,Strong Wind,421.1,115,R04559,3,Southeast,Evacuate
INC01617,N0141,Fire,None,Low,Light Wind,266.7,83,R01911;R03730;R01141;R00521,3,South,Road_Closure
INC01618,N0025,Pipeline Leak,Hydrogen Sulfide,Moderate,Moderate Wind,386.3,31,R02061,2,North,Reroute
INC01619,N1426,Pipeline Leak,Ammonia,High,Strong Wind,89.0,88,R00502,2,Southeast,Evacuate
INC01620,N1372,Explosion,None,Moderate,Light Wind,74.4,63,R02117,2,North,Road_Closure
INC01621,N1894,Fire,None,Low,Light Wind,129.7,54,R03898;R04424,2,East,Reroute
INC01622,N0987,Fire,None,Moderate,Moderate Wind,374.7,54,R00563;R01146;R01075;R03555,4,Northeast,Medical_Response
INC01623,N1244,Fire,None,Moderate,Strong Wind,183.8,59,R00706;R01896,2,Southeast,Emergency_Response
INC01624,N1869,Storage Tank Leak,Nitrogen Dioxide,High,Light Wind,234.5,27,R02872,5,North,Road_Closure
INC01625,N0123,Pipeline Leak,Ammonia,Moderate,Moderate Wind,146.9,83,R04590;R02004;R02100;R01110,2,North,Emergency_Response
INC01626,N0097,Explosion,None,Moderate,Moderate Wind,375.8,84,R03103,4,South,Evacuate
INC01627,N1553,Industrial Fire,None,Critical,Light Wind,334.6,15,R01540;R04640,2,East,Evacuate
INC01628,N0003,Storage Tank Leak,Sulfur Dioxide,Moderate,Calm,48.5,101,R04682,4,Northwest,Road_Closure
INC01629,N1986,Pipeline Leak,Ammonia,High,Calm,216.3,109,R01957;R00863,4,North,Reroute
INC01630,N0727,Pipeline Leak,Sulfur Dioxide,Low,Moderate Wind,383.5,96,R00834;R00626;R04623,2,Southeast,Emergency_Response
INC01631,N1610,Pipeline Leak,Sulfur Dioxide,High,Moderate Wind,290.2,27,R01788;R03173;R03353,5,West,Medical_Response
INC01632,N1817,Industrial Fire,None,Moderate,Moderate Wind,224.6,77,R01538;R04607;R03316,4,Northeast,Shelter
INC01633,N1702,Explosion,None,Moderate,Calm,492.6,59,R04141;R04623;R01330;R03413;R00272,5,South,Medical_Response
INC01634,N0270,Vehicle Chemical Spill,Chlorine,Low,Calm,456.2,53,R01609,3,South,Evacuate
INC01635,N1847,Industrial Fire,None,Moderate,Calm,359.3,31,R01528,4,North,Medical_Response
INC01636,N1973,Industrial Fire,None,High,Moderate Wind,199.8,96,R03646;R03841;R01875,5,North,Evacuate
INC01637,N0244,Explosion,None,Low,Calm,361.6,8,R02269;R04337;R02872,3,South,Evacuate
INC01638,N1171,Fire,None,Moderate,Moderate Wind,328.2,14,R04309,4,Southeast,Medical_Response
INC01639,N1124,Industrial Fire,None,Moderate,Moderate Wind,331.1,103,R02739,3,North,Medical_Response
INC01640,N0525,Chemical Leak,Nitrogen Dioxide,High,Calm,496.8,65,R01767;R01314;R00733,5,West,Emergency_Response
INC01641,N0964,Toxic Gas Release,Ammonia,High,Light Wind,281.3,63,R01956;R03340;R02945;R03581,2,Southeast,Medical_Response
INC01642,N1371,Explosion,None,Critical,Light Wind,34.0,104,R00617,2,Northwest,Shelter
INC01643,N0573,Vehicle Chemical Spill,Chlorine,Low,Moderate Wind,337.2,2,R03031;R01351,3,East,Emergency_Response
INC01644,N0796,Toxic Gas Release,Chlorine,High,Strong Wind,112.2,26,R03653,5,South,Shelter
INC01645,N0163,Fire,None,Moderate,Strong Wind,47.4,33,R00534,5,Southwest,Shelter
INC01646,N0015,Industrial Fire,None,High,Calm,243.1,25,R02906,3,Southeast,Emergency_Response
INC01647,N1702,Toxic Gas Release,Nitrogen Dioxide,Low,Strong Wind,83.7,1,R01257,1,Northwest,Emergency_Response
INC01648,N0740,Explosion,None,Critical,Light Wind,312.0,85,R01290;R02560,2,North,Medical_Response
INC01649,N1635,Explosion,None,Moderate,Moderate Wind,15.1,89,R01382,4,North,Medical_Response
INC01650,N0964,Pipeline Leak,Hydrogen Sulfide,High,Strong Wind,351.0,82,R02558;R03170,5,Northwest,Road_Closure
INC01651,N1064,Toxic Gas Release,Nitrogen Dioxide,Low,Strong Wind,438.0,117,R02544;R01771;R00520,3,Southeast,Evacuate
INC01652,N0758,Storage Tank Leak,Nitrogen Dioxide,Critical,Light Wind,93.3,77,R03408,2,Northwest,Road_Closure
INC01653,N1846,Fire,None,Moderate,Moderate Wind,461.9,61,R01690;R04422;R00585,2,East,Evacuate
INC01654,N1075,Explosion,None,High,Moderate Wind,350.9,80,R02113,3,North,Emergency_Response
INC01655,N0598,Industrial Fire,None,High,Moderate Wind,138.0,119,R01187;R01315;R03655;R03815,1,Southwest,Emergency_Response
INC01656,N0212,Explosion,None,Low,Strong Wind,122.8,43,R00713,4,North,Shelter
INC01657,N0526,Explosion,None,Moderate,Strong Wind,62.6,102,R03504;R00401,3,Southwest,Medical_Response
INC01658,N1442,Vehicle Chemical Spill,Sulfur Dioxide,High,Calm,213.2,71,R01754,3,Northwest,Medical_Response
INC01659,N1051,Vehicle Chemical Spill,Hydrogen Sulfide,Moderate,Light Wind,497.8,115,R03693;R02928,1,Northeast,Reroute
INC01660,N1287,Storage Tank Leak,Sulfur Dioxide,High,Strong Wind,65.2,112,R01334,3,East,Reroute
INC01661,N1289,Vehicle Chemical Spill,Nitrogen Dioxide,Low,Strong Wind,389.4,22,R03834;R00611,4,Southeast,Reroute
INC01662,N0646,Industrial Fire,None,High,Moderate Wind,221.0,35,R01277;R03357;R00115;R03970,3,North,Shelter
INC01663,N1315,Chemical Leak,Ammonia,Critical,Strong Wind,341.6,59,R03762;R02567,5,Southeast,Shelter
INC01664,N1624,Storage Tank Leak,Sulfur Dioxide,Critical,Calm,272.3,102,R04015;R04779;R02449,1,Southeast,Reroute
INC01665,N0131,Industrial Fire,None,Moderate,Strong Wind,387.8,1,R02294;R04011,1,South,Evacuate
INC01666,N1862,Toxic Gas Release,Chlorine,Critical,Strong Wind,477.8,87,R01040;R03405;R03141,5,Northwest,Reroute
INC01667,N1831,Vehicle Chemical Spill,Nitrogen Dioxide,High,Light Wind,349.8,75,R00998;R02758,5,Southeast,Emergency_Response
INC01668,N0479,Chemical Leak,Sulfur Dioxide,Moderate,Moderate Wind,161.7,67,R03460;R03017,4,South,Road_Closure
INC01669,N0844,Pipeline Leak,Sulfur Dioxide,Moderate,Strong Wind,290.3,5,R03335,4,East,Emergency_Response
INC01670,N0481,Chemical Leak,Ammonia,Critical,Strong Wind,376.2,16,R01829;R04560;R03211,4,North,Road_Closure
INC01671,N0691,Explosion,None,Low,Calm,81.2,77,R01363,5,East,Reroute
INC01672,N1580,Toxic Gas Release,Hydrogen Sulfide,Critical,Light Wind,109.7,73,R01502;R02681;R00780,2,East,Emergency_Response
INC01673,N0992,Pipeline Leak,Hydrogen Sulfide,Critical,Strong Wind,340.3,29,R04241,3,Northwest,Evacuate
INC01674,N1536,Storage Tank Leak,Sulfur Dioxide,High,Moderate Wind,33.2,61,R02464;R03549,4,Southeast,Emergency_Response
INC01675,N0566,Fire,None,Low,Calm,217.4,80,R00550,1,Southeast,Reroute
INC01676,N0728,Pipeline Leak,Nitrogen Dioxide,High,Calm,360.4,5,R00992,5,South,Evacuate
INC01677,N0982,Industrial Fire,None,High,Light Wind,243.3,68,R02013;R00868;R01462,2,Southeast,Emergency_Response
INC01678,N0011,Explosion,None,Critical,Light Wind,106.0,44,R01099;R00840;R01058;R00963,3,Southeast,Emergency_Response
INC01679,N1077,Fire,None,Critical,Calm,394.1,61,R01931;R04524;R00783,5,Southeast,Reroute
INC01680,N1464,Toxic Gas Release,Chlorine,Moderate,Strong Wind,171.5,68,R04802;R03764,4,South,Medical_Response
INC01681,N1363,Pipeline Leak,Chlorine,Critical,Strong Wind,427.8,81,R04222;R03973,2,Northeast,Emergency_Response
INC01682,N0683,Storage Tank Leak,Chlorine,Critical,Strong Wind,46.1,101,R01270,1,West,Evacuate
INC01683,N0768,Chemical Leak,Ammonia,High,Calm,218.9,105,R01944;R03657;R02642;R03371;R00199,5,North,Shelter
INC01684,N1913,Vehicle Chemical Spill,Sulfur Dioxide,Moderate,Strong Wind,422.8,70,R04685,3,Southwest,Shelter
INC01685,N0005,Pipeline Leak,Chlorine,High,Calm,53.8,82,R03807;R02635,2,Southeast,Shelter
INC01686,N1761,Chemical Leak,Sulfur Dioxide,Critical,Calm,262.1,22,R02137,5,South,Evacuate
INC01687,N1210,Explosion,None,Critical,Calm,439.4,90,R03405;R04192;R01744;R00187,2,Southeast,Shelter
INC01688,N1488,Fire,None,Critical,Moderate Wind,481.7,83,R00897,3,South,Shelter
INC01689,N0274,Chemical Leak,Nitrogen Dioxide,High,Strong Wind,221.2,63,R01028;R00758,4,Southwest,Evacuate
INC01690,N0663,Industrial Fire,None,Critical,Light Wind,116.1,38,R02880;R02438,1,North,Emergency_Response
INC01691,N0417,Industrial Fire,None,Critical,Calm,183.2,75,R02402,1,Southwest,Emergency_Response
INC01692,N1106,Pipeline Leak,Hydrogen Sulfide,Low,Strong Wind,146.9,114,R03990;R03985;R01463;R00218,4,Northeast,Medical_Response
INC01693,N1106,Toxic Gas Release,Hydrogen Sulfide,Critical,Light Wind,351.6,77,R01914,2,South,Emergency_Response
INC01694,N0102,Vehicle Chemical Spill,Hydrogen Sulfide,High,Moderate Wind,160.8,117,R02022;R01262,4,Southwest,Shelter
INC01695,N1305,Toxic Gas Release,Sulfur Dioxide,Critical,Light Wind,22.8,54,R04221,1,Southeast,Evacuate
INC01696,N1221,Chemical Leak,Sulfur Dioxide,Critical,Light Wind,482.8,4,R02564;R01143,2,North,Reroute
INC01697,N0909,Storage Tank Leak,Nitrogen Dioxide,Critical,Moderate Wind,217.4,8,R00416,1,East,Evacuate
INC01698,N0199,Explosion,None,High,Moderate Wind,445.9,13,R03345;R02182;R02096;R03473,5,Northwest,Evacuate
INC01699,N1118,Explosion,None,Moderate,Light Wind,113.7,119,R00559;R03600,2,South,Shelter
INC01700,N1036,Fire,None,High,Light Wind,416.2,10,R03745;R01264,2,Northeast,Road_Closure
INC01701,N1660,Explosion,None,Moderate,Light Wind,396.3,76,R00858;R02820,1,North,Road_Closure
INC01702,N0923,Industrial Fire,None,Critical,Moderate Wind,161.2,98,R01940,4,Northwest,Road_Closure
INC01703,N1638,Storage Tank Leak,Hydrogen Sulfide,Moderate,Moderate Wind,180.7,7,R01376;R04057;R04589;R01546;R02820,2,West,Evacuate
INC01704,N1090,Toxic Gas Release,Ammonia,High,Strong Wind,459.2,51,R00044,5,East,Medical_Response
INC01705,N0602,Pipeline Leak,Ammonia,Low,Calm,129.1,76,R04532;R01335,1,North,Medical_Response
INC01706,N1994,Vehicle Chemical Spill,Hydrogen Sulfide,High,Strong Wind,356.2,102,R04029,3,South,Shelter
INC01707,N1319,Storage Tank Leak,Ammonia,Moderate,Strong Wind,279.7,58,R01000;R00478,3,South,Evacuate
INC01708,N1385,Fire,None,High,Strong Wind,340.3,44,R02655;R03903,4,Southeast,Medical_Response
INC01709,N0231,Explosion,None,High,Light Wind,404.4,81,R01679;R01501,4,Northeast,Emergency_Response
INC01710,N0081,Fire,None,High,Strong Wind,302.2,13,R03436,3,Southwest,Evacuate
INC01711,N1599,Pipeline Leak,Hydrogen Sulfide,Critical,Strong Wind,23.3,96,R00853;R00637;R04786,4,East,Evacuate
INC01712,N0045,Chemical Leak,Sulfur Dioxide,High,Moderate Wind,298.7,41,R03114,5,Southwest,Road_Closure
INC01713,N0764,Pipeline Leak,Chlorine,High,Moderate Wind,441.4,119,R01771;R03383,1,Southeast,Evacuate
INC01714,N1927,Chemical Leak,Sulfur Dioxide,High,Light Wind,483.7,90,R02364,4,North,Road_Closure
INC01715,N2000,Vehicle Chemical Spill,Hydrogen Sulfide,High,Moderate Wind,35.4,2,R00814;R00121,1,West,Road_Closure
INC01716,N1595,Toxic Gas Release,Ammonia,High,Calm,172.7,115,R01130;R00183,5,Southeast,Evacuate
INC01717,N1505,Vehicle Chemical Spill,Sulfur Dioxide,Critical,Moderate Wind,147.8,96,R04015;R01864,3,Southeast,Reroute
INC01718,N0289,Toxic Gas Release,Nitrogen Dioxide,High,Light Wind,40.8,84,R03685;R01228,4,West,Shelter
INC01719,N0723,Pipeline Leak,Sulfur Dioxide,Critical,Moderate Wind,496.8,34,R00695,3,Northeast,Reroute
INC01720,N0594,Industrial Fire,None,Critical,Strong Wind,240.6,86,R01082;R02046,3,East,Evacuate
INC01721,N1663,Toxic Gas Release,Sulfur Dioxide,Low,Strong Wind,495.6,75,R00882;R00369;R00536,5,West,Reroute
INC01722,N1626,Explosion,None,High,Calm,224.4,91,R03984,3,South,Road_Closure
INC01723,N1121,Pipeline Leak,Hydrogen Sulfide,Moderate,Moderate Wind,441.7,25,R00785;R03990;R04639;R02602,4,Southeast,Medical_Response
INC01724,N0748,Vehicle Chemical Spill,Chlorine,Moderate,Strong Wind,304.7,37,R04789;R00877,1,West,Medical_Response
INC01725,N1267,Fire,None,High,Strong Wind,183.8,117,R00235,5,West,Evacuate
INC01726,N1944,Fire,None,High,Strong Wind,185.9,55,R01692;R04402;R00507;R02589;R02903,4,East,Reroute
INC01727,N0738,Storage Tank Leak,Hydrogen Sulfide,High,Moderate Wind,155.7,76,R04234,3,Southeast,Shelter
INC01728,N1845,Fire,None,Low,Calm,227.4,105,R00305;R04043,1,North,Emergency_Response
INC01729,N1426,Toxic Gas Release,Ammonia,High,Calm,207.4,20,R04738;R00491,4,Northwest,Emergency_Response
INC01730,N0794,Storage Tank Leak,Ammonia,High,Strong Wind,345.9,1,R00063;R02892;R00893,4,North,Evacuate
INC01731,N1318,Storage Tank Leak,Sulfur Dioxide,High,Calm,468.6,57,R03047,2,Southwest,Road_Closure
INC01732,N1229,Chemical Leak,Chlorine,Moderate,Light Wind,149.8,107,R00896;R01612,4,Northwest,Emergency_Response
INC01733,N0747,Chemical Leak,Sulfur Dioxide,Moderate,Moderate Wind,312.2,54,R01702;R02591,1,Northwest,Medical_Response
INC01734,N1965,Vehicle Chemical Spill,Chlorine,Critical,Moderate Wind,42.8,90,R00194;R02370;R00641;R03969;R03024,1,Southwest,Reroute
INC01735,N0515,Explosion,None,High,Moderate Wind,171.3,73,R01168;R00447;R03824;R02083,4,West,Evacuate
INC01736,N0321,Vehicle Chemical Spill,Chlorine,High,Moderate Wind,305.8,117,R03317;R02302;R00877,2,Northwest,Shelter
INC01737,N0303,Toxic Gas Release,Chlorine,Low,Calm,262.8,23,R01856;R02980,3,East,Road_Closure
INC01738,N0413,Toxic Gas Release,Chlorine,Critical,Strong Wind,94.0,12,R03954;R02203;R03681;R01445,5,North,Medical_Response
INC01739,N0714,Explosion,None,Critical,Light Wind,143.5,30,R00200;R00518,1,Southeast,Shelter
INC01740,N1519,Fire,None,Moderate,Light Wind,442.3,39,R02355,5,South,Reroute
INC01741,N1366,Industrial Fire,None,High,Light Wind,148.8,5,R00741,4,West,Reroute
INC01742,N1437,Vehicle Chemical Spill,Hydrogen Sulfide,Critical,Moderate Wind,334.6,13,R04476;R02574;R00778;R01564,2,Northwest,Reroute
INC01743,N1690,Explosion,None,High,Strong Wind,444.4,53,R04218;R04570,5,South,Emergency_Response
INC01744,N0381,Chemical Leak,Hydrogen Sulfide,High,Light Wind,311.5,70,R00293;R04501,1,South,Medical_Response
INC01745,N1246,Vehicle Chemical Spill,Ammonia,High,Calm,125.6,57,R00271;R03415;R03123;R03478;R01636,3,Northeast,Emergency_Response
INC01746,N0027,Explosion,None,High,Strong Wind,126.4,53,R04238,3,East,Evacuate
INC01747,N0746,Chemical Leak,Chlorine,Critical,Calm,356.7,106,R04729,4,North,Reroute
INC01748,N1480,Pipeline Leak,Ammonia,High,Strong Wind,118.1,1,R03549;R02947;R00569;R03185;R02120,2,Northeast,Emergency_Response
INC01749,N1191,Explosion,None,Low,Moderate Wind,34.5,57,R02186,5,Southeast,Shelter
INC01750,N0094,Fire,None,Critical,Strong Wind,488.5,10,R03550;R03525;R03660,1,Southeast,Emergency_Response
INC01751,N0353,Storage Tank Leak,Hydrogen Sulfide,High,Calm,203.9,75,R02867;R02984;R01233,5,Northeast,Road_Closure
INC01752,N0623,Fire,None,Critical,Moderate Wind,389.4,89,R03257;R00488;R01345,5,Southwest,Reroute
INC01753,N1137,Industrial Fire,None,High,Calm,360.2,91,R00216;R02627;R02404,2,Southwest,Emergency_Response
INC01754,N0665,Fire,None,High,Moderate Wind,329.1,15,R00350,4,South,Emergency_Response
INC01755,N1160,Pipeline Leak,Nitrogen Dioxide,High,Calm,234.5,72,R00513;R02930,2,Southeast,Road_Closure
INC01756,N1132,Chemical Leak,Chlorine,High,Strong Wind,381.0,48,R01270;R03228;R02910,2,East,Evacuate
INC01757,N0717,Pipeline Leak,Nitrogen Dioxide,Moderate,Calm,382.5,13,R02546,1,Southwest,Reroute
INC01758,N1730,Chemical Leak,Ammonia,Moderate,Light Wind,138.7,88,R04025,3,South,Road_Closure
INC01759,N0517,Storage Tank Leak,Ammonia,Critical,Calm,391.9,110,R02465,1,East,Evacuate
INC01760,N0288,Vehicle Chemical Spill,Sulfur Dioxide,High,Strong Wind,497.8,87,R01182;R00743;R04148,5,Southwest,Medical_Response
INC01761,N0587,Vehicle Chemical Spill,Hydrogen Sulfide,High,Strong Wind,166.7,83,R01403,1,West,Shelter
INC01762,N1959,Industrial Fire,None,Moderate,Strong Wind,227.5,66,R02476,3,North,Evacuate
INC01763,N0994,Fire,None,High,Light Wind,283.5,24,R00285,4,Southwest,Evacuate
INC01764,N1972,Vehicle Chemical Spill,Nitrogen Dioxide,Critical,Calm,195.6,62,R02830,5,Southeast,Shelter
INC01765,N1207,Pipeline Leak,Nitrogen Dioxide,High,Calm,441.0,52,R04025;R03026;R03292;R01123,2,Northwest,Emergency_Response
INC01766,N1509,Pipeline Leak,Chlorine,Moderate,Strong Wind,66.5,113,R02129;R01602,1,East,Emergency_Response
INC01767,N1952,Vehicle Chemical Spill,Ammonia,Low,Strong Wind,445.0,113,R01209;R02293,5,East,Medical_Response
INC01768,N1284,Pipeline Leak,Nitrogen Dioxide,Critical,Strong Wind,488.1,85,R00433,2,Southeast,Shelter
INC01769,N1806,Explosion,None,Moderate,Moderate Wind,234.0,60,R01723;R03815;R04680,3,Southwest,Medical_Response
INC01770,N1235,Storage Tank Leak,Chlorine,Critical,Strong Wind,86.2,91,R03011,5,Southwest,Medical_Response
INC01771,N1299,Chemical Leak,Sulfur Dioxide,Moderate,Strong Wind,169.6,3,R02889;R00874,4,Southeast,Reroute
INC01772,N1091,Industrial Fire,None,High,Moderate Wind,498.1,15,R04156;R03859;R04130,1,Northwest,Reroute
INC01773,N0872,Explosion,None,High,Light Wind,182.7,68,R02385,1,Southwest,Medical_Response
INC01774,N1911,Storage Tank Leak,Ammonia,Critical,Light Wind,298.7,91,R03472;R00601,1,South,Reroute
INC01775,N0731,Vehicle Chemical Spill,Ammonia,High,Calm,422.8,1,R02520;R04075;R03495;R03492,1,Northeast,Road_Closure
INC01776,N1352,Storage Tank Leak,Nitrogen Dioxide,High,Moderate Wind,482.5,63,R00048,5,South,Medical_Response
INC01777,N1880,Storage Tank Leak,Sulfur Dioxide,Moderate,Moderate Wind,91.6,45,R04008;R04398,3,Northeast,Road_Closure
INC01778,N0525,Fire,None,Moderate,Moderate Wind,470.9,80,R02629;R03170,3,Northeast,Medical_Response
INC01779,N1772,Fire,None,Critical,Light Wind,196.8,55,R04747;R03429,4,South,Medical_Response
INC01780,N1141,Fire,None,Moderate,Moderate Wind,459.6,75,R04432,4,Southeast,Evacuate
INC01781,N1764,Vehicle Chemical Spill,Sulfur Dioxide,Critical,Moderate Wind,372.9,47,R03535;R00754;R01819,2,Southeast,Emergency_Response
INC01782,N1629,Explosion,None,Critical,Calm,125.7,71,R02872;R00958;R04766,3,Northwest,Road_Closure
INC01783,N1123,Fire,None,Moderate,Light Wind,157.7,25,R03845;R01125,1,West,Road_Closure
INC01784,N1854,Vehicle Chemical Spill,Hydrogen Sulfide,High,Strong Wind,265.0,58,R01621,1,North,Shelter
INC01785,N0719,Chemical Leak,Chlorine,Moderate,Calm,254.0,73,R02712,2,East,Road_Closure
INC01786,N1205,Vehicle Chemical Spill,Chlorine,Low,Light Wind,64.5,58,R00212;R01233;R00902,1,Northwest,Emergency_Response
INC01787,N0383,Storage Tank Leak,Sulfur Dioxide,Critical,Calm,458.3,19,R01205,2,West,Shelter
INC01788,N0943,Chemical Leak,Sulfur Dioxide,Critical,Light Wind,433.0,51,R01539;R00727,5,Northwest,Road_Closure
INC01789,N0004,Pipeline Leak,Ammonia,Critical,Strong Wind,197.0,85,R02324,5,East,Reroute
INC01790,N1330,Vehicle Chemical Spill,Nitrogen Dioxide,High,Moderate Wind,74.9,102,R03790,1,West,Medical_Response
INC01791,N0832,Toxic Gas Release,Nitrogen Dioxide,High,Strong Wind,374.9,110,R03622,2,North,Road_Closure
INC01792,N0539,Fire,None,Critical,Moderate Wind,267.5,97,R00455,4,North,Evacuate
INC01793,N1059,Fire,None,Low,Strong Wind,395.7,114,R03462,5,East,Road_Closure
INC01794,N1777,Industrial Fire,None,High,Light Wind,50.4,56,R04186;R03715,5,Northwest,Shelter
INC01795,N0073,Chemical Leak,Nitrogen Dioxide,Moderate,Strong Wind,483.2,96,R00399;R02293;R00565,4,East,Road_Closure
INC01796,N0903,Storage Tank Leak,Ammonia,High,Calm,450.5,37,R03566;R04164;R02504;R04257,5,West,Road_Closure
INC01797,N1728,Vehicle Chemical Spill,Ammonia,Critical,Light Wind,345.1,109,R02909;R00630;R03427,5,Northeast,Evacuate
INC01798,N0258,Explosion,None,Critical,Light Wind,94.6,34,R04088;R01109,4,Southeast,Reroute
INC01799,N1879,Chemical Leak,Hydrogen Sulfide,Critical,Light Wind,229.0,69,R03900,3,North,Reroute
INC01800,N0836,Pipeline Leak,Nitrogen Dioxide,Critical,Calm,260.0,21,R00125,3,Southeast,Road_Closure
INC01801,N1336,Storage Tank Leak,Hydrogen Sulfide,Moderate,Moderate Wind,5.7,104,R01641,4,Northeast,Evacuate
INC01802,N0388,Chemical Leak,Sulfur Dioxide,Moderate,Moderate Wind,333.7,92,R02345;R03864;R00835,3,West,Road_Closure
INC01803,N1484,Toxic Gas Release,Ammonia,Moderate,Calm,32.6,72,R01240,1,West,Shelter
INC01804,N1434,Explosion,None,Critical,Moderate Wind,262.6,74,R01067;R02986;R01207;R02265;R00216,3,South,Evacuate
INC01805,N0887,Fire,None,Moderate,Calm,474.1,26,R04760,2,Southeast,Evacuate
INC01806,N1773,Industrial Fire,None,High,Strong Wind,85.7,65,R03667,3,Southeast,Reroute
INC01807,N1952,Storage Tank Leak,Ammonia,Moderate,Light Wind,253.0,87,R03342;R03906;R02739,5,Northwest,Emergency_Response
INC01808,N0908,Toxic Gas Release,Nitrogen Dioxide,Critical,Calm,415.9,20,R00196,3,West,Reroute
INC01809,N1787,Industrial Fire,None,Critical,Strong Wind,235.4,43,R01433;R01822;R03020;R03421,4,North,Reroute
INC01810,N1897,Storage Tank Leak,Chlorine,Critical,Calm,183.4,1,R01443;R02337;R04480;R03147,3,Northeast,Road_Closure
INC01811,N1767,Storage Tank Leak,Hydrogen Sulfide,High,Calm,15.1,108,R00022;R02441,5,South,Shelter
INC01812,N1695,Pipeline Leak,Hydrogen Sulfide,Low,Light Wind,289.3,108,R03898,2,West,Road_Closure
INC01813,N1337,Vehicle Chemical Spill,Hydrogen Sulfide,High,Calm,327.4,61,R04792,4,North,Shelter
INC01814,N1381,Toxic Gas Release,Chlorine,High,Strong Wind,303.1,24,R00084;R03861;R02094;R03641,4,Northwest,Medical_Response
INC01815,N1224,Toxic Gas Release,Ammonia,High,Strong Wind,386.0,10,R01143;R00581;R00173;R02525,1,North,Evacuate
INC01816,N1375,Explosion,None,Critical,Calm,298.8,15,R01188,2,East,Evacuate
INC01817,N1621,Storage Tank Leak,Hydrogen Sulfide,Moderate,Calm,449.2,65,R00820;R00263,3,West,Reroute
INC01818,N1628,Storage Tank Leak,Hydrogen Sulfide,High,Strong Wind,320.3,16,R04798;R04592;R04701,4,North,Medical_Response
INC01819,N0329,Pipeline Leak,Hydrogen Sulfide,Low,Calm,316.5,96,R04465;R02566;R02121,2,West,Medical_Response
INC01820,N0355,Vehicle Chemical Spill,Sulfur Dioxide,Critical,Calm,125.6,55,R01389;R03708;R02375,1,Northwest,Shelter
INC01821,N0797,Vehicle Chemical Spill,Chlorine,High,Calm,57.3,51,R03518,5,South,Emergency_Response
INC01822,N1180,Industrial Fire,None,Moderate,Calm,310.9,80,R03362,1,Northwest,Medical_Response
INC01823,N0759,Explosion,None,High,Moderate Wind,365.8,5,R03480;R02659;R00009;R00471,5,North,Road_Closure
INC01824,N0845,Explosion,None,Low,Light Wind,170.0,37,R02255,3,West,Road_Closure
INC01825,N0466,Pipeline Leak,Nitrogen Dioxide,Moderate,Calm,355.7,100,R02611,2,East,Road_Closure
INC01826,N0714,Vehicle Chemical Spill,Nitrogen Dioxide,Critical,Calm,379.2,43,R04315;R02055,4,North,Emergency_Response
INC01827,N1132,Fire,None,High,Moderate Wind,167.5,30,R00761,3,Northeast,Road_Closure
INC01828,N0867,Explosion,None,High,Light Wind,361.6,15,R01001,3,Northwest,Shelter
INC01829,N1167,Chemical Leak,Chlorine,High,Moderate Wind,238.9,88,R03585;R04450;R01531;R02976;R00603,1,East,Shelter
INC01830,N0340,Explosion,None,High,Calm,33.6,39,R03965;R04556,4,North,Reroute
INC01831,N1425,Industrial Fire,None,Moderate,Moderate Wind,195.9,65,R01979;R04734;R03112;R03284,5,Southwest,Emergency_Response
INC01832,N1914,Storage Tank Leak,Chlorine,High,Calm,303.8,2,R01248;R00724,4,East,Shelter
INC01833,N0990,Vehicle Chemical Spill,Nitrogen Dioxide,Critical,Strong Wind,242.8,87,R02408,4,West,Evacuate
INC01834,N1501,Toxic Gas Release,Ammonia,High,Moderate Wind,407.7,41,R01532,2,North,Road_Closure
INC01835,N0344,Toxic Gas Release,Hydrogen Sulfide,High,Light Wind,206.2,7,R02612,2,East,Emergency_Response
INC01836,N1254,Explosion,None,Critical,Moderate Wind,336.1,106,R03079,4,Northwest,Emergency_Response
INC01837,N1618,Toxic Gas Release,Nitrogen Dioxide,Critical,Moderate Wind,221.1,56,R01831;R01634,3,Northwest,Emergency_Response
INC01838,N0356,Vehicle Chemical Spill,Chlorine,High,Light Wind,46.5,105,R00419;R04071,4,Northeast,Emergency_Response
INC01839,N1383,Storage Tank Leak,Nitrogen Dioxide,High,Moderate Wind,117.5,20,R01463;R04565,4,Northeast,Reroute
INC01840,N0254,Fire,None,Critical,Moderate Wind,291.7,100,R01818,4,Southeast,Emergency_Response
INC01841,N1681,Explosion,None,High,Strong Wind,267.2,18,R04098;R04286;R03301,5,Southwest,Shelter
INC01842,N0551,Pipeline Leak,Chlorine,High,Light Wind,163.4,114,R04553;R00951,2,Southwest,Emergency_Response
INC01843,N1534,Vehicle Chemical Spill,Hydrogen Sulfide,Moderate,Calm,410.8,51,R00103,2,North,Evacuate
INC01844,N1278,Chemical Leak,Chlorine,Critical,Calm,347.2,4,R01198;R02353,2,Southeast,Medical_Response
INC01845,N0961,Pipeline Leak,Hydrogen Sulfide,Low,Light Wind,55.8,82,R02848;R00975,1,North,Emergency_Response
INC01846,N0531,Toxic Gas Release,Sulfur Dioxide,Critical,Strong Wind,104.8,53,R03758,3,North,Emergency_Response
INC01847,N1567,Vehicle Chemical Spill,Sulfur Dioxide,Moderate,Light Wind,58.1,108,R04116,2,North,Road_Closure
INC01848,N1279,Vehicle Chemical Spill,Sulfur Dioxide,High,Light Wind,140.3,50,R00524;R04494,2,Southwest,Shelter
INC01849,N1096,Industrial Fire,None,High,Moderate Wind,432.2,44,R02052;R04398,3,North,Medical_Response
INC01850,N1424,Fire,None,Critical,Moderate Wind,493.0,77,R04507;R03378,4,West,Road_Closure
INC01851,N1986,Explosion,None,Critical,Moderate Wind,23.5,21,R02928,5,Southeast,Road_Closure
INC01852,N1377,Vehicle Chemical Spill,Hydrogen Sulfide,High,Moderate Wind,318.4,103,R04695;R01301,5,East,Shelter
INC01853,N0243,Toxic Gas Release,Nitrogen Dioxide,High,Strong Wind,77.6,63,R03608,2,West,Evacuate
INC01854,N1859,Storage Tank Leak,Ammonia,Critical,Strong Wind,74.8,102,R00522,3,Northeast,Reroute
INC01855,N1948,Fire,None,High,Strong Wind,402.6,10,R01581;R04353,1,North,Road_Closure
INC01856,N0219,Fire,None,High,Calm,476.2,40,R04617;R03793,2,Southwest,Medical_Response
INC01857,N1687,Storage Tank Leak,Sulfur Dioxide,High,Strong Wind,158.8,41,R02541;R02764,2,West,Emergency_Response
INC01858,N0451,Pipeline Leak,Hydrogen Sulfide,High,Light Wind,459.7,96,R02725;R03068,3,Northeast,Shelter
INC01859,N1022,Vehicle Chemical Spill,Hydrogen Sulfide,Moderate,Calm,339.7,20,R02362;R04707;R04668,5,Southeast,Evacuate
INC01860,N0251,Industrial Fire,None,High,Moderate Wind,265.7,81,R01313;R01759;R02146;R02561,1,Northeast,Evacuate
INC01861,N0236,Storage Tank Leak,Hydrogen Sulfide,Moderate,Strong Wind,458.4,89,R03250;R00683;R02285,4,Northwest,Shelter
INC01862,N1333,Chemical Leak,Chlorine,High,Light Wind,210.8,110,R03135;R04769,5,East,Reroute
INC01863,N1874,Toxic Gas Release,Nitrogen Dioxide,Low,Strong Wind,388.2,29,R02097,1,East,Reroute
INC01864,N1642,Vehicle Chemical Spill,Sulfur Dioxide,Moderate,Strong Wind,390.0,94,R02195;R01233,3,Northeast,Reroute
INC01865,N0765,Storage Tank Leak,Chlorine,Critical,Calm,226.0,13,R01086;R00831;R03879,3,Northeast,Medical_Response
INC01866,N0027,Vehicle Chemical Spill,Ammonia,Critical,Light Wind,20.8,5,R02042;R02658,5,Northeast,Medical_Response
INC01867,N0199,Chemical Leak,Hydrogen Sulfide,Moderate,Moderate Wind,409.9,77,R00483,5,West,Shelter
INC01868,N0096,Vehicle Chemical Spill,Ammonia,Low,Calm,69.6,83,R00994,5,East,Road_Closure
INC01869,N0717,Chemical Leak,Sulfur Dioxide,High,Calm,64.7,78,R01679,5,South,Medical_Response
INC01870,N1569,Storage Tank Leak,Hydrogen Sulfide,High,Moderate Wind,159.1,97,R02886,2,Southwest,Emergency_Response
INC01871,N0084,Fire,None,High,Light Wind,161.6,92,R04040,2,North,Reroute
INC01872,N0971,Vehicle Chemical Spill,Sulfur Dioxide,Moderate,Calm,228.4,23,R03488;R04524,1,North,Reroute
INC01873,N1611,Storage Tank Leak,Ammonia,Moderate,Moderate Wind,199.1,64,R01244,4,Northeast,Evacuate
INC01874,N1688,Chemical Leak,Sulfur Dioxide,High,Moderate Wind,259.3,84,R01080;R04594,5,East,Reroute
INC01875,N0606,Chemical Leak,Nitrogen Dioxide,High,Strong Wind,355.3,107,R01169,4,Northeast,Medical_Response
INC01876,N0215,Explosion,None,Critical,Moderate Wind,66.1,95,R01208,1,Southeast,Reroute
INC01877,N1267,Explosion,None,Critical,Moderate Wind,484.1,96,R01114,3,Northwest,Shelter
INC01878,N0056,Storage Tank Leak,Hydrogen Sulfide,Low,Light Wind,312.0,50,R00456,4,Northeast,Shelter
INC01879,N0367,Vehicle Chemical Spill,Chlorine,High,Moderate Wind,440.9,79,R04382,4,North,Road_Closure
INC01880,N0926,Vehicle Chemical Spill,Nitrogen Dioxide,Critical,Light Wind,22.0,62,R01423,4,Southwest,Emergency_Response
INC01881,N0762,Storage Tank Leak,Nitrogen Dioxide,High,Moderate Wind,407.4,22,R02934,1,Southwest,Road_Closure
INC01882,N1062,Pipeline Leak,Ammonia,High,Calm,468.8,108,R04110,3,West,Emergency_Response
INC01883,N0065,Chemical Leak,Chlorine,High,Calm,458.1,78,R01644,4,South,Evacuate
INC01884,N1231,Toxic Gas Release,Nitrogen Dioxide,High,Light Wind,347.3,105,R00372;R03633;R01124;R02073,4,Southeast,Reroute
INC01885,N1086,Explosion,None,Critical,Light Wind,28.5,109,R01329,1,Southwest,Evacuate
INC01886,N0737,Chemical Leak,Ammonia,Moderate,Moderate Wind,356.2,12,R02169;R01001,5,East,Emergency_Response
INC01887,N0765,Storage Tank Leak,Hydrogen Sulfide,Critical,Light Wind,221.5,25,R01999;R02755,2,Southwest,Evacuate
INC01888,N1382,Industrial Fire,None,Moderate,Strong Wind,405.3,15,R04032;R01204,3,West,Emergency_Response
INC01889,N1095,Explosion,None,Moderate,Light Wind,459.9,22,R02306;R02639;R04334,4,Southeast,Reroute
INC01890,N0401,Toxic Gas Release,Chlorine,Critical,Moderate Wind,121.5,89,R00516;R04230;R01538,5,Southwest,Medical_Response
INC01891,N1971,Chemical Leak,Hydrogen Sulfide,Moderate,Calm,78.8,43,R02358;R02508,1,Northwest,Road_Closure
INC01892,N1621,Pipeline Leak,Hydrogen Sulfide,High,Light Wind,314.8,49,R00482,1,Southwest,Reroute
INC01893,N0313,Fire,None,Moderate,Strong Wind,402.9,34,R01701;R01487,4,West,Reroute
INC01894,N0438,Explosion,None,Moderate,Calm,417.6,76,R00476,3,South,Road_Closure
INC01895,N1694,Explosion,None,High,Calm,150.4,29,R03737,4,Northeast,Road_Closure
INC01896,N1056,Fire,None,Critical,Moderate Wind,395.3,41,R02163,3,North,Evacuate
INC01897,N0741,Fire,None,Critical,Moderate Wind,109.0,55,R01672,4,South,Road_Closure
INC01898,N0644,Storage Tank Leak,Sulfur Dioxide,Critical,Moderate Wind,358.4,19,R03311;R01728;R02687;R03965,1,South,Emergency_Response
INC01899,N0488,Pipeline Leak,Chlorine,High,Light Wind,145.4,53,R04451,1,West,Road_Closure
INC01900,N0734,Vehicle Chemical Spill,Nitrogen Dioxide,Critical,Light Wind,193.7,27,R01267,1,West,Evacuate
INC01901,N1843,Explosion,None,Low,Light Wind,109.7,48,R03570;R04619;R01798,5,North,Reroute
INC01902,N0733,Pipeline Leak,Ammonia,High,Light Wind,231.3,98,R03136,3,Northwest,Emergency_Response
INC01903,N0275,Pipeline Leak,Nitrogen Dioxide,Critical,Light Wind,453.5,38,R01489;R01218,2,Southwest,Road_Closure
INC01904,N0906,Pipeline Leak,Hydrogen Sulfide,Moderate,Moderate Wind,118.2,113,R04658,2,North,Emergency_Response
INC01905,N0688,Vehicle Chemical Spill,Ammonia,Critical,Strong Wind,65.5,39,R00781;R00497,3,East,Medical_Response
INC01906,N1836,Fire,None,Moderate,Light Wind,471.1,45,R03146;R01166;R02294;R00176,2,North,Reroute
INC01907,N1261,Industrial Fire,None,Moderate,Moderate Wind,429.8,114,R04229;R02533,2,Southeast,Road_Closure
INC01908,N0969,Storage Tank Leak,Ammonia,High,Strong Wind,169.8,39,R02845,4,Northwest,Reroute
INC01909,N1351,Fire,None,Low,Strong Wind,329.2,9,R04417;R04523;R04565;R03874;R03053,3,Southwest,Emergency_Response
INC01910,N0465,Chemical Leak,Hydrogen Sulfide,Low,Strong Wind,111.6,53,R01393,2,Southwest,Medical_Response
INC01911,N1715,Industrial Fire,None,High,Light Wind,103.2,51,R00116,2,North,Road_Closure
INC01912,N1438,Storage Tank Leak,Hydrogen Sulfide,Moderate,Calm,169.5,45,R02074;R01640;R02276,1,Southeast,Reroute
INC01913,N0943,Industrial Fire,None,Low,Moderate Wind,121.4,43,R01613;R00212;R03122,4,Northeast,Medical_Response
INC01914,N1475,Explosion,None,Low,Strong Wind,22.9,48,R03376,1,West,Medical_Response
INC01915,N0617,Toxic Gas Release,Chlorine,High,Calm,96.4,77,R04618;R03378;R02906,1,East,Road_Closure
INC01916,N1770,Pipeline Leak,Sulfur Dioxide,Critical,Strong Wind,306.2,15,R03086,3,Southwest,Emergency_Response
INC01917,N1663,Vehicle Chemical Spill,Nitrogen Dioxide,Moderate,Strong Wind,62.2,54,R04175;R00269,3,North,Medical_Response
INC01918,N0045,Storage Tank Leak,Hydrogen Sulfide,Moderate,Calm,449.4,93,R04012,3,Southeast,Road_Closure
INC01919,N0972,Explosion,None,High,Strong Wind,135.8,69,R04495,2,North,Evacuate
INC01920,N0197,Pipeline Leak,Chlorine,Moderate,Strong Wind,91.5,16,R03512;R03843;R04485;R03421;R03995,5,Northeast,Emergency_Response
INC01921,N1863,Vehicle Chemical Spill,Chlorine,Moderate,Moderate Wind,468.0,55,R02571;R04001,5,Northwest,Road_Closure
INC01922,N1560,Chemical Leak,Nitrogen Dioxide,High,Moderate Wind,17.9,6,R03396,5,North,Medical_Response
INC01923,N1580,Vehicle Chemical Spill,Hydrogen Sulfide,Moderate,Light Wind,253.8,57,R01322;R00120,2,East,Medical_Response
INC01924,N1482,Pipeline Leak,Nitrogen Dioxide,High,Strong Wind,201.2,36,R02245,5,Southeast,Road_Closure
INC01925,N1469,Toxic Gas Release,Hydrogen Sulfide,High,Light Wind,258.6,58,R01372;R04321;R03942,4,South,Emergency_Response
INC01926,N1852,Industrial Fire,None,High,Strong Wind,6.9,45,R00218,1,West,Evacuate
INC01927,N0131,Vehicle Chemical Spill,Ammonia,High,Calm,461.4,77,R00072,1,South,Road_Closure
INC01928,N1228,Toxic Gas Release,Chlorine,Critical,Strong Wind,335.0,52,R00180,3,North,Road_Closure
INC01929,N1306,Industrial Fire,None,Moderate,Light Wind,141.1,111,R03080,2,Southeast,Shelter
INC01930,N1751,Vehicle Chemical Spill,Hydrogen Sulfide,Moderate,Calm,402.2,88,R01584;R00535,2,North,Emergency_Response
INC01931,N0324,Pipeline Leak,Nitrogen Dioxide,Low,Calm,493.2,38,R04269;R04214,1,North,Shelter
INC01932,N1681,Industrial Fire,None,Low,Moderate Wind,458.3,80,R02695;R00355;R01182,3,Southwest,Medical_Response
INC01933,N1318,Fire,None,High,Moderate Wind,367.3,80,R00064,2,Southeast,Medical_Response
INC01934,N0759,Vehicle Chemical Spill,Ammonia,Critical,Strong Wind,229.4,102,R03397;R01292;R02163;R01942,4,South,Reroute
INC01935,N1245,Industrial Fire,None,Critical,Calm,297.9,17,R01342;R02721,4,East,Road_Closure
INC01936,N1099,Industrial Fire,None,Low,Light Wind,164.0,18,R00564;R01394;R02774,5,Southeast,Reroute
INC01937,N1146,Explosion,None,Critical,Light Wind,412.8,2,R03239,3,South,Evacuate
INC01938,N0095,Toxic Gas Release,Nitrogen Dioxide,Critical,Calm,132.5,105,R04280,2,Southeast,Reroute
INC01939,N0832,Vehicle Chemical Spill,Nitrogen Dioxide,Low,Strong Wind,263.6,8,R00569,2,East,Medical_Response
INC01940,N0704,Toxic Gas Release,Chlorine,Low,Strong Wind,103.1,40,R04236,5,West,Emergency_Response
INC01941,N1723,Explosion,None,High,Light Wind,198.9,83,R03288;R02235;R02526;R02660,2,West,Shelter
INC01942,N1897,Industrial Fire,None,High,Light Wind,349.1,23,R03790;R04252;R02875,5,North,Reroute
INC01943,N1891,Storage Tank Leak,Nitrogen Dioxide,Low,Strong Wind,395.9,24,R00887;R03001;R01533;R02846,3,Northwest,Reroute
INC01944,N0348,Pipeline Leak,Sulfur Dioxide,Moderate,Calm,345.6,92,R04130,4,Southeast,Road_Closure
INC01945,N0175,Chemical Leak,Sulfur Dioxide,High,Light Wind,452.7,73,R02845,1,East,Medical_Response
INC01946,N0136,Chemical Leak,Chlorine,Moderate,Moderate Wind,91.9,16,R02851;R02878,4,South,Emergency_Response
INC01947,N0855,Fire,None,High,Moderate Wind,110.1,66,R01554;R01296,5,Southwest,Reroute
INC01948,N0206,Industrial Fire,None,High,Strong Wind,282.1,89,R03180;R01606,3,Northwest,Emergency_Response
INC01949,N1104,Fire,None,High,Strong Wind,307.1,44,R02684,5,Northwest,Shelter
INC01950,N1435,Chemical Leak,Hydrogen Sulfide,Moderate,Strong Wind,380.6,101,R04582;R02310;R02112,5,Northeast,Road_Closure
INC01951,N0138,Explosion,None,Critical,Calm,423.0,71,R01371,5,West,Evacuate
INC01952,N1496,Storage Tank Leak,Hydrogen Sulfide,High,Calm,273.1,104,R03800;R04344,4,South,Evacuate
INC01953,N1194,Chemical Leak,Sulfur Dioxide,High,Calm,117.1,67,R03203,1,Southwest,Reroute
INC01954,N0075,Explosion,None,Moderate,Strong Wind,244.8,3,R04209;R01231,3,West,Road_Closure
INC01955,N1682,Explosion,None,High,Strong Wind,64.2,9,R00736;R03164,3,Southwest,Evacuate
INC01956,N1787,Industrial Fire,None,High,Calm,265.3,11,R03732;R00079,1,Northeast,Road_Closure
INC01957,N1244,Vehicle Chemical Spill,Ammonia,High,Light Wind,41.1,7,R03752;R00172;R03093,2,West,Reroute
INC01958,N0207,Pipeline Leak,Sulfur Dioxide,High,Light Wind,10.5,79,R02955,1,Southeast,Medical_Response
INC01959,N1857,Vehicle Chemical Spill,Sulfur Dioxide,Moderate,Strong Wind,281.0,2,R04800,2,West,Reroute
INC01960,N0250,Vehicle Chemical Spill,Ammonia,Moderate,Calm,240.5,119,R01262;R02355;R04702;R02611,3,East,Evacuate
INC01961,N1063,Vehicle Chemical Spill,Hydrogen Sulfide,Moderate,Light Wind,210.1,86,R03400,2,Southeast,Evacuate
INC01962,N0740,Pipeline Leak,Ammonia,Low,Light Wind,19.5,114,R03636;R03518;R01991,2,South,Shelter
INC01963,N0293,Fire,None,Moderate,Moderate Wind,402.7,105,R04539,4,Southwest,Road_Closure
INC01964,N0765,Explosion,None,Moderate,Calm,267.7,46,R03576;R01603;R02090,3,Northeast,Road_Closure
INC01965,N0938,Pipeline Leak,Ammonia,Moderate,Moderate Wind,20.8,1,R01335;R00925;R01849,1,Northwest,Reroute
INC01966,N0502,Chemical Leak,Chlorine,Moderate,Moderate Wind,317.5,41,R02152,1,Southeast,Road_Closure
INC01967,N1631,Storage Tank Leak,Ammonia,Low,Light Wind,257.1,34,R00111;R01740,3,Northeast,Evacuate
INC01968,N1300,Chemical Leak,Chlorine,High,Moderate Wind,421.4,36,R00866,2,East,Shelter
INC01969,N0223,Vehicle Chemical Spill,Chlorine,High,Calm,351.5,23,R00650;R03323,3,Southwest,Shelter
INC01970,N0738,Chemical Leak,Hydrogen Sulfide,High,Light Wind,373.6,111,R04767;R01215,3,Southwest,Road_Closure
INC01971,N1389,Toxic Gas Release,Nitrogen Dioxide,High,Strong Wind,481.9,18,R04749;R04026;R02156,4,Southeast,Reroute
INC01972,N1991,Industrial Fire,None,Critical,Strong Wind,395.0,84,R03595;R01298,4,Northeast,Shelter
INC01973,N1210,Explosion,None,Critical,Moderate Wind,378.8,104,R04597,2,Northwest,Reroute
INC01974,N1926,Vehicle Chemical Spill,Sulfur Dioxide,Critical,Strong Wind,114.2,35,R00275;R02876,5,South,Evacuate
INC01975,N1324,Pipeline Leak,Chlorine,High,Strong Wind,300.5,21,R00758;R03163,4,West,Shelter
INC01976,N0069,Industrial Fire,None,Low,Calm,185.5,20,R01782;R03832,1,Southeast,Emergency_Response
INC01977,N1478,Storage Tank Leak,Sulfur Dioxide,High,Moderate Wind,126.1,86,R03590;R02463,4,West,Reroute
INC01978,N1756,Pipeline Leak,Sulfur Dioxide,Critical,Calm,278.7,55,R00952,3,West,Reroute
INC01979,N0454,Pipeline Leak,Nitrogen Dioxide,High,Strong Wind,413.0,66,R02763;R00643;R04634,3,South,Evacuate
INC01980,N0839,Pipeline Leak,Nitrogen Dioxide,Moderate,Calm,162.6,17,R04213;R00613,4,Southwest,Evacuate
INC01981,N0424,Industrial Fire,None,Low,Calm,365.7,92,R00186;R01749;R01497,5,South,Reroute
INC01982,N1871,Toxic Gas Release,Ammonia,High,Moderate Wind,274.5,55,R04329;R01356;R02856;R00518,3,South,Emergency_Response
INC01983,N1374,Industrial Fire,None,Moderate,Light Wind,183.3,92,R02180;R01111;R00748;R03981,3,West,Medical_Response
INC01984,N1483,Storage Tank Leak,Ammonia,Moderate,Strong Wind,269.2,65,R01672,2,Northwest,Evacuate
INC01985,N0494,Vehicle Chemical Spill,Hydrogen Sulfide,Low,Light Wind,428.1,74,R04129;R02345,4,South,Medical_Response
INC01986,N1980,Storage Tank Leak,Hydrogen Sulfide,Moderate,Strong Wind,190.2,76,R04099;R00920;R01303;R00503,5,Northeast,Emergency_Response
INC01987,N1010,Fire,None,High,Light Wind,366.4,35,R04275,1,Southeast,Medical_Response
INC01988,N1353,Toxic Gas Release,Nitrogen Dioxide,High,Strong Wind,348.7,70,R00586;R00528;R00603,3,North,Shelter
INC01989,N1272,Industrial Fire,None,Moderate,Calm,108.1,54,R03200;R01047;R03015;R03924;R00608,3,Northeast,Road_Closure
INC01990,N0358,Fire,None,Moderate,Strong Wind,260.5,48,R02771;R02613,5,Southeast,Medical_Response
INC01991,N0757,Pipeline Leak,Ammonia,High,Strong Wind,371.6,30,R02374,1,East,Evacuate
INC01992,N0497,Toxic Gas Release,Ammonia,High,Light Wind,125.8,82,R01610;R03989;R00405,1,Northeast,Emergency_Response
INC01993,N0770,Explosion,None,High,Calm,405.4,33,R01208;R00152,5,West,Shelter
INC01994,N0356,Pipeline Leak,Sulfur Dioxide,High,Strong Wind,123.4,109,R03951;R04190;R04683;R03321,5,Southeast,Reroute
INC01995,N1049,Vehicle Chemical Spill,Hydrogen Sulfide,Low,Light Wind,308.3,68,R00150;R02851;R00600;R02750,2,South,Emergency_Response
INC01996,N0198,Fire,None,Low,Moderate Wind,400.8,112,R03945,1,Northwest,Medical_Response
INC01997,N0485,Storage Tank Leak,Hydrogen Sulfide,High,Moderate Wind,183.6,28,R00814;R01873,4,Southeast,Emergency_Response
INC01998,N1972,Chemical Leak,Hydrogen Sulfide,Critical,Moderate Wind,417.6,103,R03056;R02297;R03744,5,East,Shelter
INC01999,N1332,Fire,None,Low,Moderate Wind,89.1,115,R04056;R00985,1,North,Shelter
INC02000,N1815,Chemical Leak,Hydrogen Sulfide,High,Moderate Wind,273.7,49,R02168,1,East,Medical_Response
INC02001,N0749,Toxic Gas Release,Nitrogen Dioxide,Moderate,Light Wind,251.6,22,R02368,1,East,Shelter
INC02002,N1291,Industrial Fire,None,High,Strong Wind,132.4,23,R02593,5,South,Evacuate
INC02003,N1277,Fire,None,Critical,Calm,291.6,21,R04595,5,Southwest,Emergency_Response
INC02004,N0623,Vehicle Chemical Spill,Ammonia,Critical,Calm,196.4,55,R00560;R00728;R02737;R01222,4,East,Evacuate
INC02005,N0680,Pipeline Leak,Sulfur Dioxide,Moderate,Strong Wind,392.6,15,R00743;R02645,3,Northeast,Emergency_Response
INC02006,N1792,Storage Tank Leak,Sulfur Dioxide,Critical,Strong Wind,194.8,41,R01855;R01445;R01228,2,Northeast,Emergency_Response
INC02007,N1869,Industrial Fire,None,High,Moderate Wind,196.6,91,R03070,5,East,Emergency_Response
INC02008,N0702,Explosion,None,High,Calm,178.7,41,R02405,1,Southeast,Medical_Response
INC02009,N0328,Industrial Fire,None,High,Calm,158.3,52,R02729;R01404,2,South,Emergency_Response
INC02010,N1073,Explosion,None,High,Strong Wind,303.3,77,R02774,2,East,Evacuate
INC02011,N0515,Storage Tank Leak,Sulfur Dioxide,High,Moderate Wind,153.5,14,R02551,5,Southwest,Medical_Response
INC02012,N0619,Vehicle Chemical Spill,Sulfur Dioxide,Low,Light Wind,421.1,69,R00012;R02145,3,West,Evacuate
INC02013,N0454,Pipeline Leak,Ammonia,Moderate,Strong Wind,471.4,56,R02042,4,East,Road_Closure
INC02014,N1669,Explosion,None,Low,Calm,23.3,38,R04106,3,North,Emergency_Response
INC02015,N0747,Vehicle Chemical Spill,Chlorine,Low,Light Wind,98.6,46,R04522;R02797,3,Southeast,Reroute
INC02016,N1820,Explosion,None,Low,Strong Wind,337.1,118,R03014;R01931;R03992;R02024;R01379,1,North,Reroute
INC02017,N1936,Storage Tank Leak,Hydrogen Sulfide,Low,Moderate Wind,17.6,84,R02240;R00057;R02898,4,East,Road_Closure
INC02018,N1591,Industrial Fire,None,Moderate,Moderate Wind,315.6,43,R01723;R04192,3,East,Evacuate
INC02019,N0827,Storage Tank Leak,Hydrogen Sulfide,High,Calm,455.8,91,R00354;R00461;R03259,1,Northeast,Reroute
INC02020,N0755,Chemical Leak,Hydrogen Sulfide,Moderate,Strong Wind,413.4,36,R02643,3,East,Reroute
INC02021,N0508,Pipeline Leak,Sulfur Dioxide,Critical,Calm,345.0,117,R02674,3,Northeast,Reroute
INC02022,N0793,Vehicle Chemical Spill,Ammonia,Moderate,Moderate Wind,188.8,10,R03064;R03660;R00069;R01355,5,Northwest,Reroute
INC02023,N0355,Explosion,None,High,Calm,307.6,65,R04652;R02442,2,Northeast,Reroute
INC02024,N0614,Industrial Fire,None,High,Strong Wind,10.2,91,R00273;R02067;R03836;R03178,2,North,Reroute
INC02025,N0137,Vehicle Chemical Spill,Hydrogen Sulfide,Moderate,Light Wind,218.3,40,R02811;R01938;R04261;R04432,2,West,Reroute
INC02026,N1663,Chemical Leak,Ammonia,Low,Calm,250.9,94,R01851;R01168;R00743;R01415,1,South,Emergency_Response
INC02027,N0475,Toxic Gas Release,Nitrogen Dioxide,Critical,Calm,241.6,88,R03978,5,West,Reroute
INC02028,N1927,Industrial Fire,None,High,Light Wind,497.0,100,R02736;R00846,1,Northeast,Emergency_Response
INC02029,N0673,Industrial Fire,None,Critical,Moderate Wind,327.7,87,R02493;R00942;R04174,3,North,Evacuate
INC02030,N1185,Fire,None,Critical,Moderate Wind,246.5,118,R00403,3,Southeast,Shelter
INC02031,N1648,Explosion,None,Critical,Calm,177.9,75,R03584;R01001,2,South,Shelter
INC02032,N0148,Fire,None,High,Strong Wind,46.2,62,R03742;R03398;R03395;R03697,5,Southwest,Medical_Response
INC02033,N0172,Industrial Fire,None,Low,Moderate Wind,423.4,54,R00372,4,South,Shelter
INC02034,N1166,Pipeline Leak,Hydrogen Sulfide,Moderate,Strong Wind,253.3,99,R04438;R02479,2,Northwest,Evacuate
INC02035,N0564,Fire,None,Critical,Calm,260.2,47,R00942;R02900,3,East,Medical_Response
INC02036,N1722,Vehicle Chemical Spill,Ammonia,High,Light Wind,84.8,52,R02056,1,Southeast,Shelter
INC02037,N0233,Fire,None,Moderate,Strong Wind,248.5,40,R02579;R03600,2,Northeast,Road_Closure
INC02038,N0857,Explosion,None,Critical,Strong Wind,291.1,91,R01500;R02165,4,North,Emergency_Response
INC02039,N0076,Chemical Leak,Ammonia,High,Moderate Wind,70.4,63,R03986;R03678,5,Southwest,Evacuate
INC02040,N1416,Pipeline Leak,Ammonia,Critical,Strong Wind,58.7,94,R03944;R00205;R02653,2,Southeast,Shelter
INC02041,N0796,Storage Tank Leak,Chlorine,Moderate,Strong Wind,439.9,37,R02248,5,North,Reroute
INC02042,N0482,Vehicle Chemical Spill,Sulfur Dioxide,Critical,Strong Wind,52.8,49,R00402,3,East,Medical_Response
INC02043,N1616,Chemical Leak,Sulfur Dioxide,High,Moderate Wind,81.0,30,R00278;R01968;R04362;R03455,5,East,Road_Closure
INC02044,N0901,Storage Tank Leak,Sulfur Dioxide,Critical,Strong Wind,434.8,2,R02513,2,North,Medical_Response
INC02045,N0864,Explosion,None,Moderate,Strong Wind,28.0,29,R01978,1,East,Emergency_Response
INC02046,N0338,Explosion,None,Critical,Strong Wind,368.6,38,R02250,5,North,Road_Closure
INC02047,N0402,Toxic Gas Release,Hydrogen Sulfide,High,Light Wind,456.9,100,R00831,2,Northwest,Road_Closure
INC02048,N0259,Vehicle Chemical Spill,Sulfur Dioxide,Moderate,Calm,306.2,5,R03567;R03580;R03210,3,North,Road_Closure
INC02049,N1045,Explosion,None,Critical,Calm,118.9,91,R00821,3,East,Road_Closure
INC02050,N0179,Chemical Leak,Ammonia,High,Light Wind,277.4,89,R02303;R04039,1,East,Shelter
INC02051,N1516,Fire,None,Moderate,Moderate Wind,209.5,100,R03004,3,North,Reroute
INC02052,N0940,Toxic Gas Release,Ammonia,Critical,Calm,46.8,59,R02036;R00304;R02741,5,West,Evacuate
INC02053,N1284,Vehicle Chemical Spill,Hydrogen Sulfide,High,Calm,402.5,95,R04807,3,South,Road_Closure
INC02054,N1142,Pipeline Leak,Ammonia,High,Light Wind,81.1,68,R01951;R00359;R04008,1,West,Evacuate
INC02055,N0670,Storage Tank Leak,Sulfur Dioxide,High,Calm,176.1,34,R01616;R00890;R01091;R00110;R01293,4,North,Reroute
INC02056,N0167,Vehicle Chemical Spill,Ammonia,Low,Moderate Wind,344.3,75,R04294,2,East,Medical_Response
INC02057,N1617,Vehicle Chemical Spill,Ammonia,Moderate,Moderate Wind,334.5,73,R04367;R00194,4,South,Evacuate
INC02058,N0932,Vehicle Chemical Spill,Sulfur Dioxide,High,Strong Wind,329.1,24,R01080;R03716;R02748,5,Northeast,Reroute
INC02059,N0718,Toxic Gas Release,Hydrogen Sulfide,Moderate,Moderate Wind,174.7,94,R04197;R03201,2,East,Evacuate
INC02060,N0381,Toxic Gas Release,Nitrogen Dioxide,High,Calm,163.7,116,R02386;R01500;R04533,4,North,Medical_Response
INC02061,N1087,Fire,None,High,Moderate Wind,184.5,61,R03462;R01112,5,Northwest,Emergency_Response
INC02062,N0685,Toxic Gas Release,Hydrogen Sulfide,Moderate,Moderate Wind,468.8,19,R01041,2,East,Shelter
INC02063,N0522,Storage Tank Leak,Nitrogen Dioxide,High,Light Wind,273.6,22,R03965,5,North,Evacuate
INC02064,N0916,Toxic Gas Release,Ammonia,Moderate,Light Wind,162.7,51,R01595,5,Northwest,Emergency_Response
INC02065,N0278,Vehicle Chemical Spill,Hydrogen Sulfide,Low,Light Wind,356.0,27,R04457,3,Southeast,Shelter
INC02066,N0297,Fire,None,High,Light Wind,156.8,65,R04432;R04057,5,Southeast,Shelter
INC02067,N1287,Toxic Gas Release,Sulfur Dioxide,High,Moderate Wind,348.3,97,R03599,2,North,Evacuate
INC02068,N0969,Storage Tank Leak,Hydrogen Sulfide,Moderate,Strong Wind,387.7,92,R00863;R04710,3,Southeast,Medical_Response
INC02069,N1994,Explosion,None,Moderate,Calm,162.1,60,R02184,4,West,Road_Closure
INC02070,N0402,Industrial Fire,None,Low,Strong Wind,191.4,13,R04499;R00906;R00131;R03869,3,North,Road_Closure
INC02071,N1060,Toxic Gas Release,Hydrogen Sulfide,Moderate,Light Wind,68.6,115,R01735;R01455,2,West,Shelter
INC02072,N0996,Vehicle Chemical Spill,Nitrogen Dioxide,High,Strong Wind,120.2,83,R03819;R03449;R01294;R00101;R01498,3,East,Evacuate
INC02073,N0810,Fire,None,Moderate,Light Wind,52.3,52,R03055;R03351;R01451;R03693,2,Southeast,Emergency_Response
INC02074,N0905,Fire,None,Critical,Strong Wind,23.2,68,R03987,4,Northeast,Shelter
INC02075,N0368,Chemical Leak,Hydrogen Sulfide,Critical,Light Wind,115.2,63,R02876;R04690,3,Southwest,Reroute
INC02076,N1314,Vehicle Chemical Spill,Sulfur Dioxide,Critical,Calm,292.8,86,R04392;R02189;R01669,1,Northeast,Reroute
INC02077,N1161,Chemical Leak,Sulfur Dioxide,High,Strong Wind,154.4,108,R00327;R00899;R01591,2,North,Emergency_Response
INC02078,N1277,Explosion,None,High,Strong Wind,161.6,58,R04677;R03837,3,Northwest,Medical_Response
INC02079,N0013,Industrial Fire,None,Critical,Strong Wind,83.0,82,R03190,3,Northeast,Evacuate
INC02080,N0846,Explosion,None,High,Strong Wind,7.1,56,R01528;R03945,2,Southeast,Medical_Response
INC02081,N1785,Fire,None,High,Calm,288.9,94,R01936,2,Northwest,Emergency_Response
INC02082,N0344,Toxic Gas Release,Chlorine,Moderate,Strong Wind,302.1,83,R04196,5,Southeast,Medical_Response
INC02083,N1402,Chemical Leak,Sulfur Dioxide,Critical,Strong Wind,251.2,94,R04576,4,Southeast,Emergency_Response
INC02084,N0791,Industrial Fire,None,High,Light Wind,173.8,99,R02150;R04282;R03752;R02783,1,Northeast,Medical_Response
INC02085,N0374,Chemical Leak,Nitrogen Dioxide,Moderate,Light Wind,295.9,65,R02827,4,East,Emergency_Response
INC02086,N0423,Industrial Fire,None,High,Calm,37.1,8,R03561,2,West,Shelter
INC02087,N0621,Toxic Gas Release,Ammonia,Critical,Light Wind,106.7,110,R02802;R03105,2,North,Road_Closure
INC02088,N0809,Fire,None,Low,Calm,112.0,17,R04480;R03047,1,Southwest,Reroute
INC02089,N1933,Toxic Gas Release,Chlorine,Low,Calm,343.8,99,R00551;R03451,1,South,Reroute
INC02090,N0744,Industrial Fire,None,Critical,Calm,45.6,4,R03897;R01020,2,Northwest,Reroute
INC02091,N0755,Chemical Leak,Hydrogen Sulfide,Moderate,Strong Wind,294.0,73,R03454;R04007,3,Southeast,Reroute
INC02092,N0617,Vehicle Chemical Spill,Sulfur Dioxide,Low,Strong Wind,328.9,42,R02635;R02825;R02549;R02561,5,South,Shelter
INC02093,N1654,Explosion,None,Moderate,Light Wind,203.2,42,R04182,5,Northeast,Road_Closure
INC02094,N0742,Toxic Gas Release,Ammonia,Low,Calm,113.4,78,R01638,1,North,Evacuate
INC02095,N0196,Chemical Leak,Ammonia,High,Calm,304.2,76,R01846;R03827,3,Southwest,Evacuate
INC02096,N0719,Vehicle Chemical Spill,Ammonia,Low,Calm,201.6,102,R00436,2,Southwest,Shelter
INC02097,N1577,Storage Tank Leak,Hydrogen Sulfide,Critical,Strong Wind,483.9,107,R01390,3,North,Emergency_Response
INC02098,N0611,Chemical Leak,Nitrogen Dioxide,Moderate,Strong Wind,330.3,38,R02787,2,Southeast,Medical_Response
INC02099,N0646,Pipeline Leak,Sulfur Dioxide,High,Strong Wind,309.5,111,R02390,5,Southeast,Evacuate
INC02100,N1361,Chemical Leak,Hydrogen Sulfide,High,Light Wind,294.3,37,R02138;R01967,4,Southeast,Medical_Response
INC02101,N0869,Fire,None,Critical,Calm,136.6,12,R02669,2,Northeast,Road_Closure
INC02102,N0900,Pipeline Leak,Ammonia,Low,Light Wind,16.5,32,R03939,1,Northeast,Reroute
INC02103,N0875,Industrial Fire,None,Moderate,Strong Wind,157.0,87,R00128;R03376,1,South,Evacuate
INC02104,N0874,Fire,None,High,Strong Wind,492.1,111,R03431;R01643;R03748,5,Southwest,Medical_Response
INC02105,N1316,Storage Tank Leak,Sulfur Dioxide,Moderate,Moderate Wind,144.4,110,R00577;R01429;R00883,3,South,Road_Closure
INC02106,N0793,Toxic Gas Release,Nitrogen Dioxide,Low,Moderate Wind,197.3,71,R00961,5,South,Medical_Response
INC02107,N0578,Vehicle Chemical Spill,Sulfur Dioxide,Moderate,Strong Wind,461.4,16,R04183;R02457;R04244;R01769;R01653,2,Southwest,Road_Closure
INC02108,N1425,Storage Tank Leak,Sulfur Dioxide,High,Light Wind,416.7,91,R00185,1,South,Shelter
INC02109,N0726,Pipeline Leak,Hydrogen Sulfide,Low,Moderate Wind,316.2,1,R04806,2,South,Emergency_Response
INC02110,N0851,Explosion,None,High,Light Wind,237.2,84,R02044;R00159,1,West,Evacuate
INC02111,N1151,Explosion,None,Critical,Strong Wind,481.9,92,R03603;R01243;R04252,4,Southwest,Medical_Response
INC02112,N0020,Vehicle Chemical Spill,Nitrogen Dioxide,Critical,Light Wind,266.4,24,R00631,1,North,Evacuate
INC02113,N1890,Chemical Leak,Nitrogen Dioxide,High,Light Wind,47.9,118,R04003,2,South,Medical_Response
INC02114,N1442,Industrial Fire,None,High,Moderate Wind,452.9,6,R02208,4,South,Evacuate
INC02115,N0815,Explosion,None,High,Moderate Wind,441.3,54,R03894,3,North,Evacuate
INC02116,N0031,Fire,None,Critical,Moderate Wind,39.5,29,R00493;R00624;R02179,5,Southwest,Medical_Response
INC02117,N0757,Storage Tank Leak,Chlorine,High,Calm,310.4,58,R00173;R04504;R04134,5,West,Emergency_Response
INC02118,N1118,Chemical Leak,Hydrogen Sulfide,High,Calm,183.6,73,R00902,3,Southwest,Emergency_Response
INC02119,N0280,Explosion,None,Low,Strong Wind,233.2,79,R02171,1,Southwest,Evacuate
INC02120,N0881,Explosion,None,Critical,Calm,190.3,57,R00243,3,Northwest,Emergency_Response
INC02121,N1700,Pipeline Leak,Nitrogen Dioxide,Critical,Strong Wind,215.7,117,R00812;R00157;R03111,1,East,Evacuate
INC02122,N1771,Fire,None,Low,Moderate Wind,102.4,46,R04524;R04621,4,Southeast,Evacuate
INC02123,N1613,Industrial Fire,None,Low,Calm,15.6,42,R04223,4,Northwest,Reroute
INC02124,N1202,Fire,None,Moderate,Light Wind,328.6,26,R01699;R00483,3,North,Medical_Response
INC02125,N1158,Fire,None,High,Light Wind,229.7,77,R00996;R03702,5,Southeast,Reroute
INC02126,N0331,Industrial Fire,None,High,Calm,385.3,61,R00082;R02174;R04691,1,East,Shelter
INC02127,N1003,Fire,None,High,Light Wind,362.8,54,R03315;R00958,3,South,Shelter
INC02128,N0909,Pipeline Leak,Nitrogen Dioxide,Moderate,Moderate Wind,438.1,118,R01656;R03707;R01214,2,South,Reroute
INC02129,N1523,Industrial Fire,None,High,Moderate Wind,182.8,99,R04307;R03136;R03572;R04742;R01831,5,North,Emergency_Response
INC02130,N0178,Vehicle Chemical Spill,Chlorine,High,Light Wind,376.2,65,R01751;R00649,1,North,Road_Closure
INC02131,N1687,Fire,None,High,Moderate Wind,209.6,1,R02964,3,East,Shelter
INC02132,N0585,Explosion,None,High,Calm,320.7,39,R03104;R04596,2,Southwest,Emergency_Response
INC02133,N1488,Fire,None,Critical,Strong Wind,231.2,50,R04237;R00849,1,Northwest,Medical_Response
INC02134,N1098,Explosion,None,High,Light Wind,231.6,6,R00223,4,Southeast,Road_Closure
INC02135,N0808,Industrial Fire,None,High,Moderate Wind,51.5,39,R02269;R04335;R03700;R00382,5,South,Evacuate
INC02136,N1926,Pipeline Leak,Chlorine,Moderate,Moderate Wind,287.1,13,R01783;R03724,3,East,Road_Closure
INC02137,N1029,Fire,None,Moderate,Calm,168.2,117,R01929;R02327;R00916;R04436;R02547,3,Southwest,Medical_Response
INC02138,N1316,Vehicle Chemical Spill,Sulfur Dioxide,High,Light Wind,90.7,113,R00219;R00376;R00127,2,North,Emergency_Response
INC02139,N1135,Pipeline Leak,Chlorine,Moderate,Light Wind,188.9,56,R03934;R03435;R02424,1,South,Evacuate
INC02140,N0699,Explosion,None,High,Calm,51.0,3,R00064,1,Northeast,Shelter
INC02141,N1367,Pipeline Leak,Nitrogen Dioxide,High,Calm,112.4,117,R02490,3,Southwest,Reroute
INC02142,N0377,Explosion,None,High,Calm,28.8,112,R03660;R02718;R00332;R01028,3,West,Medical_Response
INC02143,N1727,Storage Tank Leak,Hydrogen Sulfide,High,Moderate Wind,250.4,12,R01890;R00838,4,Southwest,Emergency_Response
INC02144,N0376,Vehicle Chemical Spill,Nitrogen Dioxide,High,Light Wind,471.8,24,R03238,5,Northeast,Shelter
INC02145,N0916,Chemical Leak,Ammonia,Low,Calm,169.5,100,R03088,1,Northeast,Emergency_Response
INC02146,N0467,Industrial Fire,None,High,Calm,279.8,96,R02738,4,Southwest,Evacuate
INC02147,N1231,Chemical Leak,Nitrogen Dioxide,High,Light Wind,412.1,114,R03524,5,Southeast,Road_Closure
INC02148,N0506,Vehicle Chemical Spill,Sulfur Dioxide,Moderate,Calm,153.1,54,R04624,4,West,Medical_Response
INC02149,N0178,Vehicle Chemical Spill,Nitrogen Dioxide,Low,Strong Wind,495.8,37,R02712;R03740,2,Northwest,Evacuate
INC02150,N0102,Pipeline Leak,Nitrogen Dioxide,High,Moderate Wind,497.0,47,R04343;R00287,3,West,Shelter
INC02151,N1585,Vehicle Chemical Spill,Sulfur Dioxide,Critical,Strong Wind,461.0,30,R03832,1,Northwest,Reroute
INC02152,N0520,Pipeline Leak,Chlorine,High,Strong Wind,30.2,13,R01007;R01565;R04633,4,Southeast,Emergency_Response
INC02153,N0164,Chemical Leak,Ammonia,High,Moderate Wind,192.6,119,R01710,3,Southeast,Evacuate
INC02154,N0934,Fire,None,High,Calm,225.1,107,R02949;R02241,3,South,Shelter
INC02155,N0589,Storage Tank Leak,Hydrogen Sulfide,High,Moderate Wind,460.4,18,R02973,1,Southeast,Reroute
INC02156,N1699,Chemical Leak,Nitrogen Dioxide,Critical,Strong Wind,344.6,38,R03187;R03699;R00738;R04466,2,South,Road_Closure
INC02157,N1527,Pipeline Leak,Ammonia,Moderate,Moderate Wind,402.7,6,R00339;R00742,4,South,Reroute
INC02158,N0692,Industrial Fire,None,High,Calm,390.5,117,R01975;R04042,5,Southwest,Road_Closure
INC02159,N0180,Explosion,None,Low,Calm,481.1,115,R04020,4,East,Shelter
INC02160,N1268,Fire,None,Moderate,Light Wind,297.5,96,R02532,5,West,Emergency_Response
INC02161,N1357,Industrial Fire,None,Critical,Calm,146.1,29,R03173,3,Southwest,Emergency_Response
INC02162,N1796,Industrial Fire,None,Moderate,Moderate Wind,325.2,17,R03611;R00659,2,North,Reroute
INC02163,N0872,Toxic Gas Release,Nitrogen Dioxide,Critical,Calm,261.7,40,R00259,1,North,Evacuate
INC02164,N0128,Toxic Gas Release,Hydrogen Sulfide,High,Light Wind,301.3,31,R00044;R01182,1,North,Reroute
INC02165,N0451,Chemical Leak,Sulfur Dioxide,High,Calm,388.6,23,R02294;R03819,1,East,Emergency_Response
INC02166,N0621,Industrial Fire,None,High,Strong Wind,305.7,98,R03959,1,West,Shelter
INC02167,N1951,Chemical Leak,Nitrogen Dioxide,Critical,Calm,150.2,58,R03514;R02869,2,Southwest,Shelter
INC02168,N1751,Storage Tank Leak,Hydrogen Sulfide,Moderate,Strong Wind,164.3,87,R03080;R03894,4,Northeast,Medical_Response
INC02169,N1344,Chemical Leak,Hydrogen Sulfide,High,Moderate Wind,379.9,98,R02717,1,Northeast,Road_Closure
INC02170,N0406,Chemical Leak,Ammonia,Moderate,Strong Wind,485.7,55,R02443,2,Southeast,Medical_Response
INC02171,N0809,Vehicle Chemical Spill,Ammonia,Moderate,Moderate Wind,298.4,96,R04587;R00382;R02369,1,South,Emergency_Response
INC02172,N0876,Chemical Leak,Hydrogen Sulfide,Moderate,Strong Wind,106.3,72,R01030,5,Southwest,Medical_Response
INC02173,N1706,Toxic Gas Release,Ammonia,Moderate,Light Wind,384.8,11,R00651;R02506,5,North,Emergency_Response
INC02174,N1350,Fire,None,High,Calm,20.9,117,R00667;R04335,2,East,Emergency_Response
INC02175,N0221,Toxic Gas Release,Nitrogen Dioxide,High,Light Wind,180.8,65,R00593,3,Northeast,Emergency_Response
INC02176,N1104,Toxic Gas Release,Ammonia,Critical,Light Wind,224.8,80,R03373,1,Northwest,Medical_Response
INC02177,N0523,Vehicle Chemical Spill,Hydrogen Sulfide,High,Strong Wind,457.5,97,R04370,1,Northwest,Emergency_Response
INC02178,N1584,Toxic Gas Release,Ammonia,Critical,Strong Wind,34.4,86,R03481;R00849;R02778,1,South,Medical_Response
INC02179,N0025,Chemical Leak,Chlorine,Critical,Calm,270.1,37,R02580,3,Southwest,Reroute
INC02180,N1155,Industrial Fire,None,High,Light Wind,206.3,73,R01695;R00035;R01893;R04501,4,Northwest,Shelter
INC02181,N1404,Pipeline Leak,Chlorine,Moderate,Light Wind,139.0,113,R03283,3,East,Medical_Response
INC02182,N0265,Vehicle Chemical Spill,Ammonia,High,Light Wind,389.8,20,R03811,1,Northeast,Road_Closure
INC02183,N1336,Industrial Fire,None,Critical,Moderate Wind,80.8,105,R03911,3,East,Reroute
INC02184,N0186,Explosion,None,Moderate,Moderate Wind,447.5,73,R04309;R03782,3,Southwest,Evacuate
INC02185,N0604,Toxic Gas Release,Sulfur Dioxide,High,Calm,151.0,58,R01694,3,Southwest,Evacuate
INC02186,N1887,Explosion,None,Critical,Calm,328.4,7,R04780;R04323,4,West,Evacuate
INC02187,N0085,Explosion,None,Moderate,Moderate Wind,376.5,72,R04693;R04390,4,East,Emergency_Response
INC02188,N0679,Pipeline Leak,Chlorine,Low,Strong Wind,411.5,41,R00569,2,Northeast,Emergency_Response
INC02189,N1629,Vehicle Chemical Spill,Hydrogen Sulfide,Moderate,Moderate Wind,376.1,10,R02360;R01458,5,South,Emergency_Response
INC02190,N0667,Fire,None,Moderate,Strong Wind,388.9,105,R00675;R04473,3,South,Reroute
INC02191,N0639,Pipeline Leak,Nitrogen Dioxide,Low,Strong Wind,471.8,37,R00983,2,North,Emergency_Response
INC02192,N0653,Chemical Leak,Chlorine,Critical,Light Wind,455.2,25,R01168;R01103;R04736,3,West,Shelter
INC02193,N0838,Chemical Leak,Chlorine,High,Moderate Wind,425.8,38,R01677,4,East,Medical_Response
INC02194,N0442,Explosion,None,Critical,Moderate Wind,340.3,15,R03252,2,East,Shelter
INC02195,N1741,Explosion,None,High,Moderate Wind,186.9,84,R02388;R01685;R00571,1,Southwest,Medical_Response
INC02196,N0683,Industrial Fire,None,Critical,Light Wind,445.7,43,R02350;R00511,2,Northwest,Shelter
INC02197,N1880,Fire,None,Low,Moderate Wind,247.3,117,R02834,1,Northwest,Reroute
INC02198,N1342,Pipeline Leak,Nitrogen Dioxide,High,Strong Wind,125.1,86,R03953,1,Southwest,Medical_Response
INC02199,N0524,Chemical Leak,Nitrogen Dioxide,High,Calm,382.4,57,R01986,1,East,Shelter
INC02200,N1310,Pipeline Leak,Ammonia,High,Calm,377.9,51,R04632,3,Northwest,Medical_Response
INC02201,N0766,Pipeline Leak,Hydrogen Sulfide,High,Moderate Wind,354.4,72,R02779,1,South,Reroute
INC02202,N0439,Industrial Fire,None,Critical,Light Wind,428.0,112,R02312;R03012;R02234,4,North,Emergency_Response
INC02203,N0829,Industrial Fire,None,Moderate,Calm,393.6,80,R01740;R03428,5,Northeast,Shelter
INC02204,N0359,Toxic Gas Release,Nitrogen Dioxide,Critical,Strong Wind,58.3,53,R01588;R02836;R00486,2,West,Road_Closure
INC02205,N0118,Toxic Gas Release,Nitrogen Dioxide,Low,Light Wind,445.9,92,R01214,4,Northeast,Medical_Response
INC02206,N0273,Pipeline Leak,Nitrogen Dioxide,Moderate,Strong Wind,473.4,34,R01972;R00358,1,Northwest,Road_Closure
INC02207,N0210,Chemical Leak,Hydrogen Sulfide,Moderate,Light Wind,30.0,84,R03813;R03786,4,West,Road_Closure
INC02208,N1609,Vehicle Chemical Spill,Ammonia,Moderate,Moderate Wind,393.6,57,R00565;R03131;R02068;R00111;R03882,3,West,Medical_Response
INC02209,N1041,Storage Tank Leak,Ammonia,Moderate,Moderate Wind,428.1,116,R00323;R04437;R04009,5,Northwest,Medical_Response
INC02210,N0879,Industrial Fire,None,Low,Light Wind,365.0,52,R00595;R02318;R04475,1,South,Road_Closure
INC02211,N1340,Fire,None,Moderate,Strong Wind,262.2,85,R03030;R00422,5,Southwest,Emergency_Response
INC02212,N1996,Pipeline Leak,Ammonia,High,Light Wind,137.3,68,R00336;R04554,5,Southwest,Emergency_Response
INC02213,N1569,Storage Tank Leak,Sulfur Dioxide,Moderate,Light Wind,153.6,50,R00293,3,Northwest,Emergency_Response
INC02214,N1502,Chemical Leak,Sulfur Dioxide,Low,Light Wind,340.8,110,R03740,5,Northeast,Emergency_Response
INC02215,N1815,Toxic Gas Release,Sulfur Dioxide,Moderate,Moderate Wind,49.5,26,R03209;R00060,1,Southwest,Evacuate
INC02216,N1934,Pipeline Leak,Sulfur Dioxide,Low,Calm,420.1,38,R04003;R00364;R03582,1,North,Road_Closure
INC02217,N1353,Industrial Fire,None,Critical,Strong Wind,445.0,94,R01191,4,North,Reroute
INC02218,N1813,Explosion,None,Low,Strong Wind,218.8,44,R00433,1,South,Reroute
INC02219,N1502,Pipeline Leak,Chlorine,Critical,Moderate Wind,16.0,89,R01217;R03752,1,Southeast,Medical_Response
INC02220,N1741,Fire,None,High,Calm,103.7,5,R04540,1,Southeast,Emergency_Response
INC02221,N0252,Chemical Leak,Ammonia,High,Light Wind,15.4,105,R01766;R01133,5,Southwest,Medical_Response
INC02222,N0917,Storage Tank Leak,Ammonia,High,Strong Wind,78.2,82,R00806;R03481,1,Southeast,Medical_Response
INC02223,N1577,Explosion,None,High,Moderate Wind,402.0,13,R03443;R03345,2,Southwest,Emergency_Response
INC02224,N0072,Fire,None,Moderate,Strong Wind,46.2,70,R01616,3,West,Medical_Response
INC02225,N0081,Vehicle Chemical Spill,Chlorine,Critical,Light Wind,384.2,86,R00020;R01694;R02946;R02322;R03758,2,Northwest,Evacuate
INC02226,N1270,Fire,None,High,Strong Wind,390.2,89,R04384,3,West,Road_Closure
INC02227,N0333,Pipeline Leak,Hydrogen Sulfide,High,Moderate Wind,154.2,86,R04744,5,North,Emergency_Response
INC02228,N1531,Chemical Leak,Sulfur Dioxide,Critical,Light Wind,152.5,110,R01474,1,South,Medical_Response
INC02229,N0279,Fire,None,Critical,Moderate Wind,15.7,34,R02218;R01576;R03322,2,Northeast,Road_Closure
INC02230,N1376,Storage Tank Leak,Chlorine,High,Light Wind,410.0,12,R01404,5,Northwest,Evacuate
INC02231,N0372,Industrial Fire,None,Moderate,Moderate Wind,482.2,16,R03654;R03903,2,Southeast,Reroute
INC02232,N0652,Industrial Fire,None,High,Calm,70.1,41,R01695,2,Northeast,Shelter
INC02233,N1037,Chemical Leak,Ammonia,High,Strong Wind,201.3,45,R01670,3,East,Reroute
INC02234,N0232,Explosion,None,High,Strong Wind,106.3,60,R03136,4,Northeast,Reroute
INC02235,N0533,Toxic Gas Release,Nitrogen Dioxide,High,Moderate Wind,66.1,88,R03647,3,Northwest,Reroute
INC02236,N1085,Industrial Fire,None,Low,Calm,131.0,6,R03489,2,Northwest,Road_Closure
INC02237,N0384,Vehicle Chemical Spill,Nitrogen Dioxide,Low,Moderate Wind,415.2,101,R00209;R01535;R03816;R02626,4,Northwest,Reroute
INC02238,N0105,Vehicle Chemical Spill,Nitrogen Dioxide,Low,Light Wind,470.0,103,R02424;R03316,4,North,Evacuate
INC02239,N0737,Pipeline Leak,Chlorine,High,Strong Wind,74.8,59,R04597;R03034,4,Northwest,Road_Closure
INC02240,N1442,Fire,None,High,Strong Wind,446.6,66,R01192,4,West,Reroute
INC02241,N0902,Chemical Leak,Hydrogen Sulfide,Moderate,Light Wind,133.5,81,R04120;R01270,3,Northeast,Evacuate
INC02242,N1536,Pipeline Leak,Chlorine,Moderate,Moderate Wind,421.2,112,R01896,4,North,Road_Closure
INC02243,N1940,Explosion,None,Critical,Calm,254.5,116,R02139,2,North,Medical_Response
INC02244,N1840,Toxic Gas Release,Hydrogen Sulfide,High,Strong Wind,454.8,73,R00726;R02519;R02536,3,Southwest,Evacuate
INC02245,N0692,Explosion,None,Critical,Moderate Wind,7.4,8,R02334,5,West,Reroute
INC02246,N1016,Chemical Leak,Sulfur Dioxide,Low,Light Wind,339.7,93,R01203;R00789;R03932,2,West,Evacuate
INC02247,N0379,Industrial Fire,None,High,Moderate Wind,57.0,32,R01174;R01763,4,Northwest,Emergency_Response
INC02248,N0638,Pipeline Leak,Sulfur Dioxide,Moderate,Light Wind,402.5,38,R02781,2,North,Emergency_Response
INC02249,N0410,Fire,None,High,Strong Wind,81.7,86,R04599,2,Southwest,Emergency_Response
INC02250,N1617,Pipeline Leak,Chlorine,Critical,Strong Wind,455.7,34,R01802,1,East,Shelter
INC02251,N1880,Storage Tank Leak,Sulfur Dioxide,Low,Calm,69.7,90,R01328;R04510;R01310;R01556,4,East,Road_Closure
INC02252,N0159,Toxic Gas Release,Hydrogen Sulfide,High,Strong Wind,130.2,58,R03917;R01195,1,Southeast,Emergency_Response
INC02253,N1955,Toxic Gas Release,Chlorine,Moderate,Moderate Wind,413.6,91,R04698;R01309,2,Southwest,Emergency_Response
INC02254,N1617,Storage Tank Leak,Hydrogen Sulfide,Moderate,Strong Wind,403.0,106,R04328;R04126,1,West,Road_Closure
INC02255,N1764,Storage Tank Leak,Hydrogen Sulfide,Critical,Moderate Wind,245.7,91,R00900,3,South,Emergency_Response
INC02256,N0272,Chemical Leak,Sulfur Dioxide,High,Light Wind,333.3,88,R03073;R00311,4,West,Road_Closure
INC02257,N0137,Storage Tank Leak,Chlorine,Critical,Moderate Wind,219.9,62,R01817,2,Northeast,Medical_Response
INC02258,N1792,Explosion,None,High,Moderate Wind,290.1,52,R00234,4,North,Evacuate
INC02259,N0332,Vehicle Chemical Spill,Sulfur Dioxide,High,Strong Wind,5.2,112,R02836,2,South,Evacuate
INC02260,N1784,Explosion,None,High,Calm,380.4,97,R02194;R01866;R00929,5,West,Evacuate
INC02261,N1784,Pipeline Leak,Ammonia,Critical,Light Wind,50.6,11,R03775,1,Northeast,Evacuate
INC02262,N0255,Explosion,None,Critical,Moderate Wind,451.1,75,R04452;R03897,3,Northwest,Evacuate
INC02263,N1561,Toxic Gas Release,Sulfur Dioxide,High,Strong Wind,71.4,89,R01715;R02836,4,West,Shelter
INC02264,N1608,Explosion,None,High,Light Wind,170.7,114,R02864;R02012,5,Northeast,Shelter
INC02265,N0019,Toxic Gas Release,Hydrogen Sulfide,Critical,Moderate Wind,463.0,113,R04726,5,Southeast,Reroute
INC02266,N0485,Storage Tank Leak,Hydrogen Sulfide,High,Calm,49.6,55,R02298,2,East,Emergency_Response
INC02267,N0783,Storage Tank Leak,Hydrogen Sulfide,Critical,Strong Wind,380.7,33,R03907;R04686,5,Southwest,Evacuate
INC02268,N1807,Industrial Fire,None,Moderate,Light Wind,285.5,65,R01078,1,Northwest,Reroute
INC02269,N1481,Toxic Gas Release,Ammonia,High,Strong Wind,317.1,67,R01819,3,Northeast,Reroute
INC02270,N0642,Toxic Gas Release,Hydrogen Sulfide,Moderate,Light Wind,75.6,78,R04309;R01604;R03173,2,North,Road_Closure
INC02271,N0873,Fire,None,Critical,Light Wind,291.7,105,R02828;R03037,5,West,Road_Closure
INC02272,N0536,Toxic Gas Release,Sulfur Dioxide,Moderate,Moderate Wind,403.2,21,R03746,1,East,Road_Closure
INC02273,N1190,Fire,None,Critical,Strong Wind,207.2,94,R00006,1,South,Road_Closure
INC02274,N0145,Vehicle Chemical Spill,Hydrogen Sulfide,High,Strong Wind,218.1,1,R04702,5,West,Shelter
INC02275,N1550,Storage Tank Leak,Nitrogen Dioxide,Low,Strong Wind,58.7,31,R01788,5,Northeast,Medical_Response
INC02276,N1132,Storage Tank Leak,Hydrogen Sulfide,Critical,Strong Wind,40.6,111,R01784,5,West,Medical_Response
INC02277,N0622,Fire,None,High,Strong Wind,82.0,94,R01230,3,Northwest,Medical_Response
INC02278,N1388,Pipeline Leak,Chlorine,Critical,Light Wind,73.1,89,R02417;R04114;R04351;R02077,5,South,Evacuate
INC02279,N1668,Vehicle Chemical Spill,Hydrogen Sulfide,High,Calm,415.2,16,R04212,4,Southwest,Road_Closure
INC02280,N0283,Industrial Fire,None,High,Light Wind,54.0,64,R01941;R00566;R04022,2,West,Medical_Response
INC02281,N1625,Explosion,None,Moderate,Calm,104.2,114,R01575,4,Southwest,Emergency_Response
INC02282,N1956,Vehicle Chemical Spill,Nitrogen Dioxide,Moderate,Moderate Wind,246.9,116,R04102,2,East,Emergency_Response
INC02283,N0293,Storage Tank Leak,Sulfur Dioxide,Critical,Light Wind,481.2,30,R02409,1,Southeast,Shelter
INC02284,N0731,Explosion,None,Moderate,Moderate Wind,305.2,40,R02097;R01161,2,Northeast,Emergency_Response
INC02285,N0494,Toxic Gas Release,Nitrogen Dioxide,High,Light Wind,137.5,113,R00595;R02395;R03304,4,West,Evacuate
INC02286,N0130,Storage Tank Leak,Hydrogen Sulfide,High,Strong Wind,256.3,102,R03513;R03177;R01316,4,West,Medical_Response
INC02287,N1207,Vehicle Chemical Spill,Sulfur Dioxide,High,Calm,35.5,74,R03822;R01301;R02813;R00962,2,Southeast,Emergency_Response
INC02288,N0409,Pipeline Leak,Hydrogen Sulfide,High,Strong Wind,92.6,14,R00064,2,Northwest,Road_Closure
INC02289,N1310,Explosion,None,Moderate,Strong Wind,114.9,119,R03707;R04088,2,Southeast,Medical_Response
INC02290,N1676,Toxic Gas Release,Ammonia,Critical,Calm,395.6,90,R03699;R04027,5,Northwest,Road_Closure
INC02291,N0931,Toxic Gas Release,Ammonia,Moderate,Calm,256.2,73,R02144,2,Southeast,Reroute
INC02292,N0094,Fire,None,Critical,Calm,114.0,57,R04049;R03478,3,South,Reroute
INC02293,N1650,Fire,None,High,Moderate Wind,486.8,17,R01665,2,South,Medical_Response
INC02294,N1149,Explosion,None,High,Light Wind,258.6,16,R03941,5,South,Shelter
INC02295,N1779,Storage Tank Leak,Chlorine,High,Moderate Wind,185.4,6,R02801;R01228;R03429,3,Northeast,Medical_Response
INC02296,N1529,Chemical Leak,Hydrogen Sulfide,Critical,Light Wind,441.6,41,R00011,2,Northeast,Evacuate
INC02297,N1870,Fire,None,Moderate,Calm,288.8,91,R02001;R00889;R00825,4,West,Shelter
INC02298,N0539,Storage Tank Leak,Nitrogen Dioxide,Low,Calm,81.2,25,R00066,5,North,Road_Closure
INC02299,N0025,Chemical Leak,Sulfur Dioxide,High,Light Wind,83.6,20,R04000,2,South,Emergency_Response
INC02300,N1145,Industrial Fire,None,Critical,Light Wind,395.1,84,R04221;R03328;R03859,3,Northwest,Shelter
INC02301,N1024,Pipeline Leak,Chlorine,Low,Strong Wind,306.0,118,R01535,2,Southeast,Emergency_Response
INC02302,N0335,Vehicle Chemical Spill,Hydrogen Sulfide,Moderate,Moderate Wind,216.5,1,R03517;R04561;R00715,5,Northwest,Evacuate
INC02303,N0040,Storage Tank Leak,Hydrogen Sulfide,Low,Strong Wind,185.5,27,R04218;R00385,3,Southeast,Shelter
INC02304,N1981,Explosion,None,Low,Strong Wind,448.9,91,R00386,3,Southwest,Shelter
INC02305,N0307,Vehicle Chemical Spill,Nitrogen Dioxide,Critical,Strong Wind,258.1,109,R00826;R03582,2,Southeast,Medical_Response
INC02306,N0116,Chemical Leak,Sulfur Dioxide,High,Moderate Wind,219.6,63,R00764;R00401,2,Northwest,Shelter
INC02307,N1125,Chemical Leak,Chlorine,Moderate,Calm,417.1,60,R01715;R02392,5,Northeast,Reroute
INC02308,N1760,Storage Tank Leak,Ammonia,Critical,Strong Wind,109.1,84,R00364;R03242,2,Northeast,Road_Closure
INC02309,N1173,Explosion,None,High,Calm,130.5,116,R03933,2,South,Medical_Response
INC02310,N0361,Storage Tank Leak,Ammonia,Moderate,Strong Wind,134.0,26,R00318;R02079,4,Northeast,Shelter
INC02311,N1158,Toxic Gas Release,Chlorine,High,Moderate Wind,415.4,85,R00262;R04203,5,South,Shelter
INC02312,N0795,Toxic Gas Release,Chlorine,Critical,Moderate Wind,56.8,84,R01409;R02698,4,East,Medical_Response
INC02313,N1877,Fire,None,Moderate,Calm,373.0,91,R00464,4,Northwest,Road_Closure
INC02314,N1536,Pipeline Leak,Ammonia,High,Strong Wind,409.4,45,R00737;R00888,1,Northwest,Reroute
INC02315,N0064,Industrial Fire,None,Critical,Moderate Wind,174.2,1,R00324;R04669;R00955,1,Southwest,Reroute
INC02316,N1125,Storage Tank Leak,Nitrogen Dioxide,High,Light Wind,236.8,65,R02421;R02238;R02457;R00853,4,West,Medical_Response
INC02317,N0121,Chemical Leak,Nitrogen Dioxide,Low,Strong Wind,259.1,111,R02756,1,South,Evacuate
INC02318,N1059,Pipeline Leak,Chlorine,High,Strong Wind,305.4,5,R03245,2,South,Shelter
INC02319,N1975,Fire,None,High,Strong Wind,487.3,115,R03368,5,West,Road_Closure
INC02320,N1654,Chemical Leak,Chlorine,High,Light Wind,278.5,23,R00456,1,West,Evacuate
INC02321,N0279,Vehicle Chemical Spill,Hydrogen Sulfide,High,Light Wind,165.6,46,R00451,4,South,Road_Closure
INC02322,N0340,Fire,None,Moderate,Moderate Wind,199.0,19,R03220,2,East,Medical_Response
INC02323,N0412,Explosion,None,High,Calm,57.6,105,R03924,1,North,Reroute
INC02324,N1867,Explosion,None,High,Light Wind,81.8,7,R00214;R03560,3,Southwest,Road_Closure
INC02325,N1211,Chemical Leak,Sulfur Dioxide,High,Calm,325.9,74,R00590;R01663,1,South,Evacuate
INC02326,N1136,Industrial Fire,None,Moderate,Strong Wind,427.2,101,R04685,2,North,Reroute
INC02327,N0096,Vehicle Chemical Spill,Chlorine,Critical,Strong Wind,291.9,21,R01135;R01325,3,Northeast,Medical_Response
INC02328,N1474,Industrial Fire,None,Low,Moderate Wind,130.5,20,R01927,5,South,Shelter
INC02329,N0953,Toxic Gas Release,Hydrogen Sulfide,High,Strong Wind,12.7,20,R01780;R02805;R02789,5,South,Evacuate
INC02330,N0776,Vehicle Chemical Spill,Chlorine,Low,Strong Wind,99.8,71,R04102;R02914,4,West,Emergency_Response
INC02331,N0986,Toxic Gas Release,Hydrogen Sulfide,Moderate,Moderate Wind,368.2,67,R01474;R03902;R00550;R01548,2,North,Shelter
INC02332,N0760,Industrial Fire,None,Critical,Moderate Wind,91.8,100,R04697;R04331,4,West,Road_Closure
INC02333,N1701,Vehicle Chemical Spill,Sulfur Dioxide,Critical,Moderate Wind,17.9,79,R01479,3,Southwest,Road_Closure
INC02334,N0293,Toxic Gas Release,Hydrogen Sulfide,High,Light Wind,184.9,47,R00990,5,East,Emergency_Response
INC02335,N1810,Industrial Fire,None,High,Moderate Wind,81.1,56,R01505,3,East,Road_Closure
INC02336,N0783,Vehicle Chemical Spill,Chlorine,Moderate,Calm,76.4,81,R00847,3,West,Medical_Response
INC02337,N0327,Vehicle Chemical Spill,Sulfur Dioxide,High,Strong Wind,101.2,20,R03561,1,Northwest,Medical_Response
INC02338,N1001,Storage Tank Leak,Chlorine,High,Strong Wind,123.3,84,R00589,3,Southwest,Road_Closure
INC02339,N1686,Industrial Fire,None,Moderate,Light Wind,444.8,2,R03100;R03337,4,Southwest,Reroute
INC02340,N1679,Storage Tank Leak,Chlorine,Critical,Moderate Wind,304.6,112,R02109,3,Southeast,Emergency_Response
INC02341,N0949,Fire,None,High,Strong Wind,458.7,84,R02268,5,West,Road_Closure
INC02342,N1312,Fire,None,Moderate,Calm,93.7,77,R02517,3,Northwest,Medical_Response
INC02343,N1334,Pipeline Leak,Chlorine,High,Light Wind,28.8,80,R03378;R01185;R00634,3,East,Shelter
INC02344,N1904,Storage Tank Leak,Hydrogen Sulfide,Critical,Moderate Wind,18.3,1,R04673,3,West,Road_Closure
INC02345,N0269,Chemical Leak,Nitrogen Dioxide,Critical,Moderate Wind,17.5,82,R01620;R03042,2,Southeast,Reroute
INC02346,N1847,Industrial Fire,None,Critical,Moderate Wind,60.1,88,R02579;R03244;R03344;R00551;R00502,3,Northeast,Medical_Response
INC02347,N1747,Pipeline Leak,Sulfur Dioxide,Low,Light Wind,83.9,74,R02581;R03160;R01530;R01803,2,South,Emergency_Response
INC02348,N0106,Explosion,None,High,Moderate Wind,405.4,4,R00475,3,West,Shelter
INC02349,N1850,Explosion,None,High,Strong Wind,117.2,75,R02972;R02018,3,North,Medical_Response
INC02350,N0079,Fire,None,Low,Moderate Wind,80.8,21,R00343;R02712;R03374,1,Northwest,Medical_Response
INC02351,N1547,Chemical Leak,Chlorine,High,Strong Wind,291.9,50,R00442;R02741,2,North,Evacuate
INC02352,N0268,Chemical Leak,Hydrogen Sulfide,High,Strong Wind,342.8,14,R04691;R02216,1,South,Shelter
INC02353,N0567,Toxic Gas Release,Nitrogen Dioxide,Moderate,Strong Wind,146.6,20,R01043,1,North,Evacuate
INC02354,N0237,Pipeline Leak,Hydrogen Sulfide,High,Moderate Wind,394.1,96,R00074,3,Northwest,Medical_Response
INC02355,N1736,Vehicle Chemical Spill,Hydrogen Sulfide,Critical,Strong Wind,252.6,62,R02154;R00618,1,East,Medical_Response
INC02356,N1822,Pipeline Leak,Ammonia,Critical,Moderate Wind,25.0,44,R03357;R03690;R03636;R02742;R03931,2,Southwest,Road_Closure
INC02357,N0090,Pipeline Leak,Chlorine,High,Calm,164.2,21,R02067,1,West,Road_Closure
INC02358,N1979,Pipeline Leak,Sulfur Dioxide,High,Moderate Wind,219.9,32,R01539;R04718;R02664;R01461;R02871,1,Northeast,Shelter
INC02359,N0405,Chemical Leak,Nitrogen Dioxide,High,Calm,27.7,10,R03268;R04043,3,West,Shelter
INC02360,N1854,Toxic Gas Release,Hydrogen Sulfide,Critical,Calm,13.1,76,R03072;R00504,2,Southeast,Evacuate
INC02361,N1307,Pipeline Leak,Ammonia,Critical,Light Wind,333.0,105,R03318,2,Northeast,Road_Closure
INC02362,N0577,Industrial Fire,None,Critical,Strong Wind,410.5,71,R03560,5,North,Shelter
INC02363,N0415,Industrial Fire,None,Moderate,Calm,174.7,57,R03381;R03371,4,West,Medical_Response
INC02364,N0742,Chemical Leak,Nitrogen Dioxide,Low,Light Wind,377.0,2,R02005,1,Northeast,Shelter
INC02365,N0107,Storage Tank Leak,Nitrogen Dioxide,Moderate,Calm,6.5,94,R03335,3,North,Evacuate
INC02366,N1059,Toxic Gas Release,Hydrogen Sulfide,Moderate,Light Wind,7.1,40,R04694;R01596;R02004,4,Northeast,Reroute
INC02367,N0339,Toxic Gas Release,Hydrogen Sulfide,High,Light Wind,12.1,117,R02773;R04758,5,East,Medical_Response
INC02368,N0500,Vehicle Chemical Spill,Hydrogen Sulfide,Moderate,Light Wind,387.3,70,R00541;R01337;R01216,4,East,Evacuate
INC02369,N1814,Chemical Leak,Chlorine,Moderate,Calm,185.4,14,R01781;R01021;R01703;R03697,1,North,Road_Closure
INC02370,N0952,Explosion,None,Critical,Strong Wind,452.1,16,R02449;R00011,2,Southwest,Evacuate
INC02371,N1015,Industrial Fire,None,High,Calm,386.4,85,R00406,5,Southwest,Medical_Response
INC02372,N1723,Industrial Fire,None,High,Light Wind,463.4,42,R03058;R03022;R02052;R04115,2,West,Road_Closure
INC02373,N1953,Storage Tank Leak,Sulfur Dioxide,Critical,Moderate Wind,471.2,40,R04798,2,North,Medical_Response
INC02374,N1595,Industrial Fire,None,Low,Strong Wind,404.0,56,R00860;R01430;R03685;R04391,5,Northwest,Road_Closure
INC02375,N1516,Explosion,None,Critical,Strong Wind,233.2,19,R03046,4,West,Medical_Response
INC02376,N0661,Vehicle Chemical Spill,Chlorine,High,Light Wind,299.7,60,R02002,4,Northwest,Road_Closure
INC02377,N1364,Toxic Gas Release,Ammonia,High,Light Wind,448.7,59,R02817,5,Southeast,Evacuate
INC02378,N0464,Chemical Leak,Ammonia,High,Moderate Wind,498.1,26,R03784,3,Northwest,Reroute
INC02379,N1253,Chemical Leak,Sulfur Dioxide,Low,Light Wind,159.5,19,R03295,5,West,Reroute
INC02380,N1256,Explosion,None,High,Strong Wind,108.6,118,R03324;R03945;R03923,2,Northeast,Road_Closure
INC02381,N0002,Pipeline Leak,Sulfur Dioxide,High,Moderate Wind,317.5,90,R02266,3,Southeast,Road_Closure
INC02382,N1681,Fire,None,High,Calm,107.5,24,R04211;R00822;R02832;R04160;R01693,1,Southwest,Reroute
INC02383,N1097,Pipeline Leak,Sulfur Dioxide,High,Light Wind,65.4,61,R03859,3,West,Evacuate
INC02384,N0450,Vehicle Chemical Spill,Hydrogen Sulfide,Moderate,Light Wind,18.8,33,R00291;R04211,2,East,Emergency_Response
INC02385,N0631,Vehicle Chemical Spill,Chlorine,High,Strong Wind,451.0,76,R01745;R00402;R01864,1,East,Road_Closure
INC02386,N0467,Explosion,None,Moderate,Light Wind,254.1,17,R03365,5,South,Road_Closure
INC02387,N1659,Industrial Fire,None,Critical,Light Wind,485.8,103,R04558,1,East,Road_Closure
INC02388,N1904,Vehicle Chemical Spill,Sulfur Dioxide,High,Strong Wind,413.4,62,R02896;R01464;R04039;R02442,3,South,Road_Closure
INC02389,N1914,Explosion,None,Critical,Strong Wind,485.3,95,R00950;R01576;R04740;R00030;R04449,2,Northwest,Evacuate
INC02390,N0151,Toxic Gas Release,Hydrogen Sulfide,High,Calm,234.1,22,R01075;R04503;R00298;R00406,2,Southeast,Emergency_Response
INC02391,N0459,Pipeline Leak,Sulfur Dioxide,Critical,Strong Wind,238.8,83,R01464;R03157,2,Northeast,Medical_Response
INC02392,N0050,Vehicle Chemical Spill,Chlorine,High,Calm,207.4,66,R04532;R01678;R04699;R01149,2,Southwest,Shelter
INC02393,N0830,Vehicle Chemical Spill,Nitrogen Dioxide,Low,Calm,290.7,22,R04563,1,Southwest,Medical_Response
INC02394,N0234,Storage Tank Leak,Nitrogen Dioxide,High,Calm,454.7,55,R00037,4,East,Road_Closure
INC02395,N0759,Explosion,None,Critical,Moderate Wind,365.6,33,R03750;R00683,1,East,Emergency_Response
INC02396,N1140,Explosion,None,High,Moderate Wind,275.1,25,R03307;R04367,4,West,Shelter
INC02397,N0460,Explosion,None,Low,Moderate Wind,314.6,17,R00461,3,Southwest,Road_Closure
INC02398,N0174,Storage Tank Leak,Sulfur Dioxide,Moderate,Moderate Wind,350.9,63,R01327,2,South,Shelter
INC02399,N1802,Chemical Leak,Nitrogen Dioxide,Low,Moderate Wind,171.2,12,R01364,2,Northeast,Reroute
INC02400,N1415,Vehicle Chemical Spill,Sulfur Dioxide,Moderate,Calm,175.6,108,R02518;R02043;R03208,3,Northeast,Road_Closure
INC02401,N0608,Chemical Leak,Ammonia,High,Strong Wind,205.9,43,R00792,1,Southwest,Evacuate
INC02402,N0653,Storage Tank Leak,Hydrogen Sulfide,High,Moderate Wind,467.1,5,R04504,4,North,Reroute
INC02403,N1959,Storage Tank Leak,Ammonia,High,Calm,492.0,52,R02250,1,West,Shelter
INC02404,N1328,Chemical Leak,Hydrogen Sulfide,Moderate,Moderate Wind,75.8,5,R03754;R01734,5,Southeast,Evacuate
INC02405,N1315,Fire,None,Moderate,Light Wind,272.7,116,R04594;R04485;R04441,1,West,Shelter
INC02406,N0590,Industrial Fire,None,Critical,Strong Wind,189.2,76,R03695;R04494;R03650,5,Northeast,Evacuate
INC02407,N0508,Fire,None,High,Light Wind,383.4,78,R03116,1,Northeast,Emergency_Response
INC02408,N1124,Industrial Fire,None,Moderate,Light Wind,40.3,54,R01537,4,North,Shelter
INC02409,N0714,Storage Tank Leak,Ammonia,High,Strong Wind,445.5,6,R02769;R04515,1,Southeast,Evacuate
INC02410,N0511,Storage Tank Leak,Chlorine,Moderate,Moderate Wind,15.8,96,R03683,2,Northwest,Medical_Response
INC02411,N1721,Fire,None,Low,Light Wind,321.6,70,R03911,3,South,Shelter
INC02412,N1203,Industrial Fire,None,Critical,Calm,178.2,74,R04211,3,Southeast,Road_Closure
INC02413,N1173,Pipeline Leak,Nitrogen Dioxide,High,Calm,22.3,19,R01321,4,Northwest,Reroute
INC02414,N0949,Chemical Leak,Hydrogen Sulfide,High,Light Wind,316.5,84,R01611;R01968;R00344,1,Southeast,Shelter
INC02415,N1655,Pipeline Leak,Ammonia,Critical,Moderate Wind,35.9,76,R00808,2,West,Evacuate
INC02416,N0538,Chemical Leak,Sulfur Dioxide,High,Strong Wind,488.5,47,R00872;R04583,2,North,Shelter
INC02417,N1087,Chemical Leak,Ammonia,High,Moderate Wind,463.6,16,R00498,4,Southwest,Emergency_Response
INC02418,N1246,Storage Tank Leak,Hydrogen Sulfide,High,Moderate Wind,67.8,86,R00282;R03427;R02307,5,Southwest,Reroute
INC02419,N1486,Toxic Gas Release,Chlorine,Moderate,Calm,273.5,14,R01822;R02231;R01746;R04710,2,Southwest,Shelter
INC02420,N1145,Vehicle Chemical Spill,Sulfur Dioxide,Moderate,Strong Wind,303.4,56,R03943,5,Northwest,Evacuate
INC02421,N0522,Toxic Gas Release,Chlorine,High,Moderate Wind,39.1,39,R01543;R02248,1,Southwest,Evacuate
INC02422,N0494,Vehicle Chemical Spill,Chlorine,High,Calm,306.8,3,R00820;R01486;R02676;R00595;R02129,2,East,Emergency_Response
INC02423,N1909,Explosion,None,Low,Strong Wind,481.8,81,R02300,2,Northeast,Reroute
INC02424,N1414,Vehicle Chemical Spill,Nitrogen Dioxide,Critical,Light Wind,185.7,118,R01582;R00034,1,North,Shelter
INC02425,N1626,Fire,None,High,Moderate Wind,467.5,10,R00527;R01326;R03829,1,South,Evacuate
INC02426,N1644,Explosion,None,High,Calm,109.4,26,R02183;R02921,2,Northwest,Emergency_Response
INC02427,N0234,Chemical Leak,Nitrogen Dioxide,High,Strong Wind,196.5,55,R04186;R00989;R03446,2,North,Evacuate
INC02428,N1240,Toxic Gas Release,Hydrogen Sulfide,Critical,Calm,154.8,104,R01109;R00934,4,Northeast,Evacuate
INC02429,N0244,Storage Tank Leak,Nitrogen Dioxide,Low,Moderate Wind,249.1,80,R01998;R04103;R01062,2,Northeast,Emergency_Response
INC02430,N0850,Toxic Gas Release,Ammonia,High,Strong Wind,75.5,110,R04285;R04712;R02793,3,Northeast,Shelter
INC02431,N0890,Chemical Leak,Nitrogen Dioxide,Critical,Strong Wind,348.5,115,R02098,3,Southeast,Evacuate
INC02432,N1790,Storage Tank Leak,Hydrogen Sulfide,Low,Strong Wind,373.3,72,R00019;R01113;R02933;R01980;R03306,1,South,Emergency_Response
INC02433,N0503,Chemical Leak,Hydrogen Sulfide,High,Calm,488.4,55,R04013,2,Southeast,Shelter
INC02434,N0804,Pipeline Leak,Ammonia,Critical,Light Wind,421.9,7,R03555;R03970,4,Southwest,Medical_Response
INC02435,N1992,Chemical Leak,Hydrogen Sulfide,Critical,Calm,323.9,41,R00939;R01653,4,Southeast,Emergency_Response
INC02436,N0589,Explosion,None,Moderate,Strong Wind,226.8,74,R03741,1,Northwest,Road_Closure
INC02437,N1533,Pipeline Leak,Chlorine,High,Moderate Wind,386.8,103,R00701;R01551;R01189,3,East,Medical_Response
INC02438,N1311,Vehicle Chemical Spill,Ammonia,Critical,Moderate Wind,376.1,59,R03301;R02731,4,Southeast,Medical_Response
INC02439,N1009,Fire,None,High,Light Wind,125.9,3,R00779;R03507,4,Northeast,Medical_Response
INC02440,N1944,Fire,None,High,Calm,393.9,16,R03124;R01998;R04139,4,West,Emergency_Response
INC02441,N1691,Industrial Fire,None,Critical,Light Wind,43.3,41,R00507,2,North,Reroute
INC02442,N0046,Industrial Fire,None,High,Strong Wind,449.1,87,R01622,3,Northwest,Emergency_Response
INC02443,N1227,Explosion,None,Moderate,Calm,484.2,109,R03969;R00860,1,East,Road_Closure
INC02444,N0182,Explosion,None,Critical,Light Wind,428.8,82,R03343;R01813;R01014,3,East,Emergency_Response
INC02445,N0411,Toxic Gas Release,Ammonia,Critical,Moderate Wind,109.7,6,R04631;R04634;R01112,5,Northwest,Reroute
INC02446,N1467,Toxic Gas Release,Chlorine,Moderate,Light Wind,286.6,22,R01583,4,Southwest,Shelter
INC02447,N0321,Explosion,None,High,Strong Wind,181.0,46,R00054;R01695,5,Southeast,Road_Closure
INC02448,N0974,Toxic Gas Release,Chlorine,High,Calm,250.8,83,R04494;R03069,1,Southeast,Emergency_Response
INC02449,N0108,Chemical Leak,Hydrogen Sulfide,Moderate,Strong Wind,327.1,102,R01089,4,Southwest,Shelter
INC02450,N1037,Explosion,None,Critical,Light Wind,306.1,3,R01396;R04142;R02426;R00658,5,Northwest,Reroute
INC02451,N1833,Chemical Leak,Sulfur Dioxide,Moderate,Moderate Wind,240.2,113,R01982,4,South,Road_Closure
INC02452,N1576,Vehicle Chemical Spill,Nitrogen Dioxide,High,Light Wind,404.9,54,R01789;R00206,5,West,Shelter
INC02453,N1806,Storage Tank Leak,Chlorine,Critical,Light Wind,445.5,74,R01727,5,East,Road_Closure
INC02454,N0630,Industrial Fire,None,Critical,Calm,355.2,115,R02605,2,East,Evacuate
INC02455,N1235,Vehicle Chemical Spill,Chlorine,High,Calm,284.9,11,R00680,1,South,Road_Closure
INC02456,N0980,Chemical Leak,Sulfur Dioxide,Low,Moderate Wind,322.9,59,R04235,3,South,Road_Closure
INC02457,N0491,Vehicle Chemical Spill,Sulfur Dioxide,Moderate,Strong Wind,155.8,62,R02076,5,Northwest,Road_Closure
INC02458,N0930,Pipeline Leak,Sulfur Dioxide,Low,Moderate Wind,231.5,58,R00173;R01273;R02881;R04031,2,Northeast,Medical_Response
INC02459,N1013,Explosion,None,Low,Light Wind,95.7,80,R04048,5,North,Reroute
INC02460,N0998,Pipeline Leak,Sulfur Dioxide,Critical,Calm,115.8,111,R04238,4,Northeast,Evacuate
INC02461,N1882,Vehicle Chemical Spill,Hydrogen Sulfide,Moderate,Calm,29.3,2,R03976;R00461,3,East,Medical_Response
INC02462,N0957,Explosion,None,Critical,Strong Wind,187.9,102,R02063;R02496;R03976,5,West,Evacuate
INC02463,N0901,Explosion,None,Critical,Moderate Wind,155.1,119,R03845,3,Southwest,Shelter
INC02464,N0588,Industrial Fire,None,Moderate,Strong Wind,291.5,77,R02613;R02444,1,East,Evacuate
INC02465,N1121,Pipeline Leak,Sulfur Dioxide,Low,Calm,212.8,27,R00659;R03971,1,West,Evacuate
INC02466,N0466,Industrial Fire,None,Critical,Calm,369.7,65,R04167;R01998,3,Southeast,Emergency_Response
INC02467,N1648,Toxic Gas Release,Chlorine,Moderate,Moderate Wind,30.7,99,R02644,5,Northwest,Road_Closure
INC02468,N1025,Industrial Fire,None,High,Strong Wind,60.0,3,R03758;R01691;R04653;R00143;R04183,4,East,Medical_Response
INC02469,N1806,Chemical Leak,Sulfur Dioxide,High,Light Wind,162.3,111,R04598;R04310,4,North,Medical_Response
INC02470,N0439,Industrial Fire,None,Critical,Strong Wind,497.6,37,R04540,4,Southwest,Shelter
INC02471,N0309,Vehicle Chemical Spill,Hydrogen Sulfide,Critical,Light Wind,490.6,119,R04365;R00004,3,Northeast,Road_Closure
INC02472,N1887,Pipeline Leak,Chlorine,Moderate,Calm,112.6,26,R01496;R04542;R04047,4,South,Evacuate
INC02473,N1073,Pipeline Leak,Chlorine,High,Moderate Wind,193.0,79,R03488,3,East,Road_Closure
INC02474,N0008,Fire,None,Critical,Calm,246.3,40,R04003,3,Southwest,Emergency_Response
INC02475,N1005,Pipeline Leak,Ammonia,Critical,Strong Wind,395.2,65,R01305;R03414,4,Northwest,Emergency_Response
INC02476,N0840,Industrial Fire,None,Low,Moderate Wind,274.4,65,R00052;R04735,3,Southeast,Evacuate
INC02477,N1627,Pipeline Leak,Sulfur Dioxide,Critical,Strong Wind,226.4,103,R04090,4,Southwest,Road_Closure
INC02478,N0997,Industrial Fire,None,Critical,Strong Wind,196.0,44,R00538,2,South,Medical_Response
INC02479,N0515,Toxic Gas Release,Sulfur Dioxide,Moderate,Moderate Wind,422.3,16,R02717;R01190;R04663,3,Northeast,Reroute
INC02480,N0987,Explosion,None,High,Calm,109.3,20,R00903;R00730,5,East,Shelter
INC02481,N0597,Explosion,None,Low,Strong Wind,68.8,19,R01618;R04486;R03706;R01040,2,Northwest,Evacuate
INC02482,N0718,Explosion,None,Critical,Calm,38.5,37,R04162;R00975,5,North,Shelter
INC02483,N0073,Vehicle Chemical Spill,Hydrogen Sulfide,Low,Calm,73.7,113,R04258,2,Northeast,Road_Closure
INC02484,N1422,Pipeline Leak,Sulfur Dioxide,Critical,Calm,413.5,81,R00270;R02989;R03630;R02264,1,Northeast,Medical_Response
INC02485,N1753,Fire,None,High,Moderate Wind,15.8,55,R00727;R02570;R00045,5,North,Shelter
INC02486,N0068,Toxic Gas Release,Hydrogen Sulfide,Low,Strong Wind,65.2,105,R03161,5,West,Medical_Response
INC02487,N1407,Storage Tank Leak,Chlorine,Critical,Moderate Wind,358.0,113,R03344;R04229,2,East,Evacuate
INC02488,N0383,Chemical Leak,Ammonia,Moderate,Strong Wind,142.5,82,R02388;R00605,1,Northeast,Road_Closure
INC02489,N0391,Chemical Leak,Hydrogen Sulfide,High,Strong Wind,444.0,16,R03238;R01476,3,West,Road_Closure
INC02490,N1159,Chemical Leak,Chlorine,High,Calm,217.5,110,R02840,4,Southeast,Reroute
INC02491,N1012,Fire,None,Moderate,Moderate Wind,296.6,96,R02455;R00214;R03027;R01702,5,East,Medical_Response
INC02492,N0299,Industrial Fire,None,High,Moderate Wind,312.1,76,R00026,4,South,Reroute
INC02493,N1285,Toxic Gas Release,Nitrogen Dioxide,Moderate,Strong Wind,365.7,79,R00914,3,Southwest,Road_Closure
INC02494,N1931,Vehicle Chemical Spill,Hydrogen Sulfide,Critical,Light Wind,360.7,114,R04101;R03844;R00197;R03693,1,West,Road_Closure
INC02495,N0951,Industrial Fire,None,Critical,Strong Wind,365.7,101,R00938,1,Northeast,Road_Closure
INC02496,N0805,Pipeline Leak,Ammonia,High,Light Wind,385.6,12,R02849;R04249;R01109,5,North,Emergency_Response
INC02497,N1170,Vehicle Chemical Spill,Chlorine,Critical,Moderate Wind,67.9,91,R00420,4,South,Shelter
INC02498,N1375,Industrial Fire,None,High,Calm,377.8,110,R03796,5,West,Medical_Response
INC02499,N0776,Storage Tank Leak,Hydrogen Sulfide,Moderate,Light Wind,5.8,67,R04418,2,East,Evacuate
INC02500,N0604,Toxic Gas Release,Sulfur Dioxide,Moderate,Moderate Wind,209.2,102,R00836;R03683,3,North,Road_Closure
INC02501,N0474,Industrial Fire,None,Critical,Calm,86.0,91,R02670,1,Northeast,Evacuate
INC02502,N0173,Chemical Leak,Chlorine,Critical,Strong Wind,320.2,63,R02719;R03103,3,East,Emergency_Response
INC02503,N1828,Chemical Leak,Ammonia,Low,Moderate Wind,94.0,81,R03581,3,East,Shelter
INC02504,N0280,Storage Tank Leak,Ammonia,High,Calm,404.9,37,R00842;R00706;R03622;R02805;R03053,4,Southeast,Medical_Response
INC02505,N1077,Vehicle Chemical Spill,Hydrogen Sulfide,Critical,Moderate Wind,322.8,8,R04395;R00743,5,North,Reroute
INC02506,N0339,Vehicle Chemical Spill,Sulfur Dioxide,Critical,Light Wind,456.0,41,R03064;R02011,5,East,Emergency_Response
INC02507,N1145,Storage Tank Leak,Sulfur Dioxide,High,Strong Wind,397.0,15,R04581,1,Southwest,Emergency_Response
INC02508,N0623,Industrial Fire,None,High,Light Wind,62.1,41,R02411;R03986;R02719,1,West,Reroute
INC02509,N0605,Explosion,None,Low,Moderate Wind,471.2,21,R00928,2,East,Road_Closure
INC02510,N1632,Pipeline Leak,Nitrogen Dioxide,High,Calm,381.2,67,R00081,1,West,Evacuate
INC02511,N0431,Pipeline Leak,Ammonia,Moderate,Moderate Wind,381.2,42,R02884;R01750;R02493,3,East,Road_Closure
INC02512,N0562,Chemical Leak,Nitrogen Dioxide,High,Moderate Wind,22.4,115,R00627;R03799,1,South,Medical_Response
INC02513,N0350,Fire,None,High,Moderate Wind,251.7,99,R02422;R02040;R00784,4,Southwest,Evacuate
INC02514,N1849,Pipeline Leak,Chlorine,High,Moderate Wind,49.2,68,R00686;R02191;R02841,4,Southeast,Medical_Response
INC02515,N1640,Explosion,None,Moderate,Light Wind,485.0,55,R00093,1,East,Emergency_Response
INC02516,N0326,Fire,None,Low,Light Wind,393.0,119,R03437,3,South,Medical_Response
INC02517,N1927,Explosion,None,Moderate,Strong Wind,302.1,76,R04054,3,West,Road_Closure
INC02518,N1909,Industrial Fire,None,Moderate,Moderate Wind,85.5,12,R03382;R02889;R04802,4,Northwest,Road_Closure
INC02519,N0209,Storage Tank Leak,Ammonia,High,Strong Wind,245.1,21,R00044,3,South,Shelter
INC02520,N1812,Toxic Gas Release,Ammonia,Critical,Moderate Wind,495.2,109,R04747;R02422;R02529,3,West,Evacuate
INC02521,N1545,Storage Tank Leak,Sulfur Dioxide,Critical,Light Wind,205.7,25,R02783,1,East,Medical_Response
INC02522,N0844,Explosion,None,Moderate,Calm,412.4,18,R03807,5,Northeast,Emergency_Response
INC02523,N1369,Vehicle Chemical Spill,Nitrogen Dioxide,Low,Moderate Wind,85.6,104,R00080;R03827;R01335,1,Southeast,Shelter
INC02524,N1356,Storage Tank Leak,Sulfur Dioxide,High,Light Wind,157.8,119,R02074;R00839;R01665,5,South,Evacuate
INC02525,N1667,Toxic Gas Release,Chlorine,High,Strong Wind,316.0,46,R04188;R04426,1,Northeast,Emergency_Response
INC02526,N0420,Vehicle Chemical Spill,Chlorine,Moderate,Strong Wind,37.0,33,R00113;R04165,5,Southwest,Evacuate
INC02527,N1115,Fire,None,Low,Moderate Wind,492.6,8,R04087;R04105;R01993;R04006,1,East,Medical_Response
INC02528,N0485,Chemical Leak,Chlorine,Moderate,Calm,58.5,87,R00887,5,East,Reroute
INC02529,N1047,Pipeline Leak,Hydrogen Sulfide,Critical,Strong Wind,482.2,3,R01592,2,North,Medical_Response
INC02530,N1236,Fire,None,Critical,Moderate Wind,248.0,47,R03729;R04431,4,South,Road_Closure
INC02531,N0118,Storage Tank Leak,Ammonia,High,Light Wind,294.0,3,R01114,2,Northwest,Evacuate
INC02532,N1923,Toxic Gas Release,Hydrogen Sulfide,Critical,Strong Wind,304.3,22,R00359,5,South,Evacuate
INC02533,N1975,Vehicle Chemical Spill,Sulfur Dioxide,High,Light Wind,310.8,6,R02062,1,East,Road_Closure
INC02534,N0679,Toxic Gas Release,Ammonia,Critical,Calm,227.9,103,R04175,2,South,Reroute
INC02535,N0087,Storage Tank Leak,Sulfur Dioxide,High,Calm,415.4,83,R02712,4,Northeast,Road_Closure
INC02536,N1455,Explosion,None,Moderate,Moderate Wind,359.1,83,R00754,4,North,Road_Closure
INC02537,N1902,Vehicle Chemical Spill,Nitrogen Dioxide,Moderate,Calm,472.9,95,R04737;R04500,1,North,Medical_Response
INC02538,N0122,Chemical Leak,Sulfur Dioxide,High,Calm,140.0,34,R00532;R04427;R02294;R04670;R01496,2,East,Reroute
INC02539,N0223,Pipeline Leak,Chlorine,Critical,Moderate Wind,499.5,5,R03999,5,West,Emergency_Response
INC02540,N1104,Vehicle Chemical Spill,Nitrogen Dioxide,High,Strong Wind,458.4,41,R04382,1,West,Emergency_Response
INC02541,N0820,Chemical Leak,Hydrogen Sulfide,High,Moderate Wind,291.6,22,R00698;R02958,3,West,Emergency_Response
INC02542,N0478,Chemical Leak,Ammonia,High,Strong Wind,223.7,48,R03706;R02270,2,West,Shelter
INC02543,N0941,Toxic Gas Release,Hydrogen Sulfide,Critical,Moderate Wind,63.3,3,R03331,1,North,Emergency_Response
INC02544,N0809,Pipeline Leak,Sulfur Dioxide,High,Calm,227.1,63,R02388;R01866;R01324,3,West,Reroute
INC02545,N1544,Explosion,None,Low,Light Wind,426.2,64,R01508;R03736,5,Southwest,Medical_Response
INC02546,N1488,Storage Tank Leak,Sulfur Dioxide,Critical,Light Wind,312.2,63,R01016;R01630,1,Northwest,Road_Closure
INC02547,N0418,Pipeline Leak,Hydrogen Sulfide,Moderate,Strong Wind,493.4,49,R01857;R01884,3,West,Medical_Response
INC02548,N1162,Storage Tank Leak,Sulfur Dioxide,Critical,Strong Wind,91.6,11,R00418,4,West,Shelter
INC02549,N1410,Storage Tank Leak,Hydrogen Sulfide,Critical,Moderate Wind,135.7,101,R02253;R01819,1,North,Emergency_Response
INC02550,N0573,Vehicle Chemical Spill,Sulfur Dioxide,High,Strong Wind,276.3,19,R03450,5,Southeast,Medical_Response
INC02551,N0185,Storage Tank Leak,Sulfur Dioxide,Moderate,Light Wind,479.6,74,R00458;R02387,3,South,Evacuate
INC02552,N1419,Explosion,None,High,Moderate Wind,397.4,51,R02513;R02207,3,Northwest,Evacuate
INC02553,N0596,Pipeline Leak,Sulfur Dioxide,Moderate,Moderate Wind,111.8,22,R02105;R04391,2,North,Road_Closure
INC02554,N1786,Pipeline Leak,Sulfur Dioxide,High,Calm,472.4,113,R02918;R04097;R04425,4,East,Emergency_Response
INC02555,N1180,Fire,None,Moderate,Calm,15.7,86,R01504;R01858,5,East,Shelter
INC02556,N1713,Vehicle Chemical Spill,Chlorine,Critical,Moderate Wind,125.1,105,R04430,2,East,Shelter
INC02557,N1017,Vehicle Chemical Spill,Nitrogen Dioxide,Low,Light Wind,227.5,87,R00908,2,South,Evacuate
INC02558,N1950,Toxic Gas Release,Hydrogen Sulfide,Critical,Light Wind,461.4,88,R00657;R03863;R00599,4,Northwest,Road_Closure
INC02559,N0731,Explosion,None,High,Strong Wind,194.0,116,R00851,4,Northeast,Shelter
INC02560,N0747,Industrial Fire,None,High,Calm,126.8,44,R00292,4,Southwest,Shelter
INC02561,N1836,Industrial Fire,None,High,Light Wind,448.8,20,R03095,2,Northwest,Evacuate
INC02562,N0827,Pipeline Leak,Hydrogen Sulfide,High,Light Wind,465.9,52,R04707;R02152,1,Southeast,Medical_Response
INC02563,N0435,Pipeline Leak,Nitrogen Dioxide,High,Strong Wind,388.8,35,R04196,2,South,Medical_Response
INC02564,N1073,Explosion,None,Critical,Light Wind,319.8,111,R00420;R01618,1,South,Reroute
INC02565,N0045,Toxic Gas Release,Ammonia,High,Calm,98.9,56,R03765,4,East,Evacuate
INC02566,N0995,Chemical Leak,Hydrogen Sulfide,High,Strong Wind,328.7,48,R03738;R04130;R00531;R02739;R02980,4,Northwest,Road_Closure
INC02567,N1859,Pipeline Leak,Hydrogen Sulfide,Moderate,Light Wind,78.0,13,R00113;R02633;R01709;R03888;R02866,1,West,Shelter
INC02568,N1740,Toxic Gas Release,Sulfur Dioxide,High,Light Wind,204.3,29,R02973,1,Southeast,Shelter
INC02569,N0889,Pipeline Leak,Nitrogen Dioxide,High,Light Wind,239.9,65,R03564;R02341,2,West,Evacuate
INC02570,N1937,Chemical Leak,Sulfur Dioxide,High,Calm,355.8,116,R00235;R03214,3,East,Shelter
INC02571,N0323,Explosion,None,Moderate,Moderate Wind,79.6,82,R03465;R03852;R03913,5,Southwest,Emergency_Response
INC02572,N0898,Explosion,None,Critical,Light Wind,88.9,67,R00231,3,Northeast,Reroute
INC02573,N1734,Explosion,None,High,Light Wind,313.4,40,R03073,5,Southeast,Medical_Response
INC02574,N1438,Pipeline Leak,Chlorine,High,Strong Wind,156.1,9,R01345;R02806;R01934,4,North,Road_Closure
INC02575,N1554,Pipeline Leak,Chlorine,Critical,Moderate Wind,286.5,68,R00740,4,Northeast,Reroute
INC02576,N0159,Industrial Fire,None,Moderate,Strong Wind,464.0,91,R01768,2,East,Shelter
INC02577,N0825,Explosion,None,Low,Strong Wind,246.2,109,R00509,2,East,Evacuate
INC02578,N0302,Explosion,None,Moderate,Moderate Wind,346.5,87,R00611;R00933;R01212,1,West,Medical_Response
INC02579,N0940,Pipeline Leak,Chlorine,High,Calm,202.2,83,R00822,3,North,Emergency_Response
INC02580,N0943,Fire,None,High,Calm,216.6,14,R04313,5,Northwest,Road_Closure
INC02581,N1184,Industrial Fire,None,Low,Light Wind,396.8,25,R03885;R00646;R01682,4,West,Emergency_Response
INC02582,N0268,Vehicle Chemical Spill,Ammonia,Critical,Light Wind,125.8,4,R03584;R02216,4,Northwest,Shelter
INC02583,N0704,Vehicle Chemical Spill,Hydrogen Sulfide,High,Light Wind,130.6,116,R00029;R04697;R00250;R00335,3,Northeast,Medical_Response
INC02584,N1102,Toxic Gas Release,Chlorine,High,Strong Wind,364.5,1,R03973;R02336;R03899,2,West,Emergency_Response
INC02585,N0089,Vehicle Chemical Spill,Sulfur Dioxide,Moderate,Moderate Wind,384.4,104,R00575,5,South,Reroute
INC02586,N0557,Chemical Leak,Sulfur Dioxide,Critical,Strong Wind,356.4,71,R01078;R01913;R01990,4,Northwest,Reroute
INC02587,N0924,Vehicle Chemical Spill,Nitrogen Dioxide,Critical,Calm,183.7,108,R04113,5,North,Reroute
INC02588,N0895,Explosion,None,Critical,Calm,455.5,92,R00889;R02242;R03708;R03834;R01170,1,Southeast,Shelter
INC02589,N0496,Industrial Fire,None,High,Calm,359.0,57,R00155,1,Northeast,Emergency_Response
INC02590,N0466,Storage Tank Leak,Hydrogen Sulfide,Moderate,Moderate Wind,369.0,74,R00115,2,North,Medical_Response
INC02591,N0309,Pipeline Leak,Hydrogen Sulfide,High,Calm,60.2,104,R00313;R00998,2,North,Medical_Response
INC02592,N1394,Vehicle Chemical Spill,Chlorine,Low,Light Wind,199.7,50,R00339;R02923;R04271;R01406,5,Northwest,Shelter
INC02593,N1703,Vehicle Chemical Spill,Sulfur Dioxide,Low,Calm,377.3,3,R02553;R03677;R01102,3,Northeast,Emergency_Response
INC02594,N0795,Industrial Fire,None,High,Light Wind,461.5,114,R04127;R03176;R01439,1,Northeast,Emergency_Response
INC02595,N0160,Explosion,None,Moderate,Strong Wind,294.3,80,R00042,4,South,Shelter
INC02596,N1668,Storage Tank Leak,Ammonia,High,Strong Wind,348.5,49,R02281;R04403,4,North,Road_Closure
INC02597,N0397,Pipeline Leak,Ammonia,High,Strong Wind,401.4,63,R00039;R01523,4,East,Evacuate
INC02598,N1187,Fire,None,Critical,Light Wind,394.8,67,R02885;R04211;R00463,4,North,Reroute
INC02599,N0530,Fire,None,Low,Calm,167.3,32,R03998;R01711,1,Southeast,Road_Closure
INC02600,N0168,Storage Tank Leak,Hydrogen Sulfide,Moderate,Light Wind,243.6,65,R01088,5,Northeast,Medical_Response
INC02601,N1805,Vehicle Chemical Spill,Chlorine,Moderate,Moderate Wind,197.1,41,R04786,2,Northeast,Evacuate
INC02602,N0947,Pipeline Leak,Sulfur Dioxide,High,Strong Wind,38.3,92,R00381;R01151;R02134;R01551,5,Northeast,Medical_Response
INC02603,N1434,Chemical Leak,Hydrogen Sulfide,High,Calm,480.7,83,R00837;R04800;R01805;R04636;R03872,3,Northwest,Emergency_Response
INC02604,N0092,Vehicle Chemical Spill,Hydrogen Sulfide,Moderate,Calm,70.8,104,R00795;R02476,3,North,Reroute
INC02605,N0009,Pipeline Leak,Ammonia,Moderate,Calm,438.8,33,R04738;R04264;R01000;R03304,4,Southeast,Evacuate
INC02606,N1310,Explosion,None,Moderate,Calm,154.7,17,R02334,4,West,Medical_Response
INC02607,N1817,Pipeline Leak,Chlorine,Moderate,Moderate Wind,146.8,40,R03982,3,Southeast,Medical_Response
INC02608,N0355,Vehicle Chemical Spill,Chlorine,High,Light Wind,39.8,92,R03635;R01374,5,Northeast,Medical_Response
INC02609,N0587,Storage Tank Leak,Nitrogen Dioxide,High,Moderate Wind,102.7,79,R00830;R02269,2,West,Road_Closure
INC02610,N1032,Toxic Gas Release,Chlorine,High,Strong Wind,10.4,10,R00519;R01830,2,South,Medical_Response
INC02611,N0609,Fire,None,Critical,Calm,113.9,3,R00918,1,West,Reroute
INC02612,N1359,Chemical Leak,Chlorine,Critical,Light Wind,139.9,55,R00628,1,South,Shelter
INC02613,N0401,Fire,None,Moderate,Light Wind,211.9,86,R00841,1,North,Evacuate
INC02614,N1077,Industrial Fire,None,Moderate,Calm,226.0,68,R02095;R02530,2,Northwest,Medical_Response
INC02615,N0805,Pipeline Leak,Hydrogen Sulfide,Moderate,Calm,302.6,14,R04753,3,South,Reroute
INC02616,N0484,Vehicle Chemical Spill,Chlorine,High,Calm,260.7,101,R04010;R03213,5,South,Evacuate
INC02617,N1057,Toxic Gas Release,Sulfur Dioxide,Moderate,Strong Wind,272.0,72,R01166;R02779,2,Northeast,Reroute
INC02618,N0971,Fire,None,High,Calm,8.3,119,R00776,5,West,Shelter
INC02619,N0979,Vehicle Chemical Spill,Nitrogen Dioxide,High,Light Wind,237.0,68,R04373,5,Southwest,Medical_Response
INC02620,N0077,Explosion,None,Moderate,Moderate Wind,195.9,97,R00033;R04311,3,South,Road_Closure
INC02621,N1450,Industrial Fire,None,High,Moderate Wind,483.0,36,R00050;R01672;R02430,1,East,Emergency_Response
INC02622,N0655,Explosion,None,Critical,Strong Wind,446.9,57,R03138;R02750,2,South,Reroute
INC02623,N1549,Pipeline Leak,Chlorine,Moderate,Strong Wind,279.9,52,R02895;R04614;R02255,5,Northwest,Shelter
INC02624,N1078,Explosion,None,Moderate,Light Wind,467.6,60,R02442;R02704,3,North,Evacuate
INC02625,N1030,Chemical Leak,Ammonia,High,Strong Wind,229.4,13,R00388,2,Southeast,Reroute
INC02626,N1216,Storage Tank Leak,Nitrogen Dioxide,High,Strong Wind,484.0,91,R02676,4,South,Evacuate
INC02627,N1020,Chemical Leak,Sulfur Dioxide,High,Light Wind,476.0,80,R02919,2,East,Shelter
INC02628,N1923,Chemical Leak,Ammonia,High,Light Wind,155.0,56,R00146,3,South,Medical_Response
INC02629,N0182,Explosion,None,High,Strong Wind,77.3,45,R00872,3,Southeast,Medical_Response
INC02630,N1391,Vehicle Chemical Spill,Ammonia,Critical,Strong Wind,462.1,117,R03807,3,South,Road_Closure
INC02631,N0326,Vehicle Chemical Spill,Sulfur Dioxide,Low,Light Wind,170.6,105,R00337,1,West,Medical_Response
INC02632,N1008,Chemical Leak,Nitrogen Dioxide,Low,Light Wind,327.4,91,R01962;R02086;R01012;R00265,5,West,Shelter
INC02633,N1366,Toxic Gas Release,Ammonia,Low,Light Wind,382.9,60,R01530;R04693;R03406,1,North,Evacuate
INC02634,N0136,Toxic Gas Release,Ammonia,Low,Strong Wind,398.3,103,R03110;R02196,1,South,Road_Closure
INC02635,N0053,Explosion,None,Moderate,Calm,23.9,11,R02335,1,North,Evacuate
INC02636,N1313,Fire,None,Moderate,Calm,263.6,2,R01331,1,Northeast,Shelter
INC02637,N0736,Storage Tank Leak,Sulfur Dioxide,High,Calm,273.3,96,R02958,5,Southwest,Shelter
INC02638,N1500,Industrial Fire,None,High,Strong Wind,439.8,18,R02456;R01948;R01566,4,West,Medical_Response
INC02639,N1597,Pipeline Leak,Chlorine,Moderate,Strong Wind,319.8,94,R03868,5,Northwest,Shelter
INC02640,N0791,Pipeline Leak,Nitrogen Dioxide,Critical,Moderate Wind,234.4,17,R04014,2,Northeast,Shelter
INC02641,N0414,Chemical Leak,Ammonia,Low,Moderate Wind,129.2,23,R02952;R02569,2,North,Reroute
INC02642,N1790,Pipeline Leak,Ammonia,Moderate,Moderate Wind,70.7,85,R04766;R01801;R02067,3,Southwest,Shelter
INC02643,N0626,Industrial Fire,None,High,Strong Wind,145.6,99,R03908;R01281,2,West,Emergency_Response
INC02644,N1182,Fire,None,High,Light Wind,117.3,33,R00722,5,Northeast,Reroute
INC02645,N1589,Explosion,None,High,Strong Wind,145.9,69,R00088,3,Southeast,Shelter
INC02646,N0560,Chemical Leak,Chlorine,Moderate,Light Wind,24.5,101,R01317;R02076;R04659;R00113,5,Northwest,Road_Closure
INC02647,N0128,Industrial Fire,None,High,Strong Wind,252.8,60,R00752,5,Northeast,Reroute
INC02648,N0651,Toxic Gas Release,Hydrogen Sulfide,High,Strong Wind,418.0,90,R01663;R02138,1,Northwest,Evacuate
INC02649,N1916,Fire,None,Low,Strong Wind,333.4,61,R04163,5,Northeast,Road_Closure
INC02650,N0289,Vehicle Chemical Spill,Nitrogen Dioxide,High,Light Wind,408.1,119,R00559,1,Southeast,Shelter
INC02651,N0951,Fire,None,High,Calm,54.8,66,R01708;R03589;R03149;R01311,4,West,Reroute
INC02652,N0622,Fire,None,High,Calm,137.2,39,R00673;R02090;R02436,1,East,Emergency_Response
INC02653,N0076,Toxic Gas Release,Sulfur Dioxide,Low,Light Wind,447.3,101,R04662,3,South,Road_Closure
INC02654,N0450,Fire,None,Moderate,Calm,364.0,61,R02216;R03640,1,Southwest,Medical_Response
INC02655,N0836,Fire,None,High,Light Wind,352.0,55,R04244;R01007;R02487;R03842;R01230,5,South,Medical_Response
INC02656,N0495,Chemical Leak,Nitrogen Dioxide,Moderate,Calm,455.1,116,R02112;R02525;R02360,4,Southeast,Road_Closure
INC02657,N1786,Explosion,None,Moderate,Strong Wind,434.7,92,R02241;R03052,3,North,Shelter
INC02658,N0960,Explosion,None,High,Calm,117.1,24,R01211;R00404;R01957,5,Southeast,Shelter
INC02659,N0286,Fire,None,Critical,Strong Wind,255.0,103,R03166;R00925;R03763,3,Southeast,Shelter
INC02660,N0349,Toxic Gas Release,Sulfur Dioxide,High,Light Wind,420.0,64,R00209,5,West,Road_Closure
INC02661,N0716,Vehicle Chemical Spill,Chlorine,Critical,Moderate Wind,436.9,3,R01491;R00240,4,Southeast,Shelter
INC02662,N0167,Toxic Gas Release,Nitrogen Dioxide,Moderate,Moderate Wind,21.5,6,R01742,3,West,Emergency_Response
INC02663,N1179,Chemical Leak,Ammonia,Critical,Calm,485.9,96,R04354;R01319;R03768;R02704;R02574,1,Northeast,Evacuate
INC02664,N0017,Fire,None,Low,Moderate Wind,239.2,7,R02458;R03466;R00007;R01649,3,Southeast,Medical_Response
INC02665,N0974,Vehicle Chemical Spill,Sulfur Dioxide,Moderate,Strong Wind,71.4,49,R01690;R02589,2,Southwest,Evacuate
INC02666,N1127,Fire,None,High,Strong Wind,223.8,84,R00777;R03067,5,Southwest,Reroute
INC02667,N0612,Pipeline Leak,Sulfur Dioxide,High,Moderate Wind,10.8,72,R03172;R04176,2,West,Shelter
INC02668,N0521,Pipeline Leak,Chlorine,High,Strong Wind,357.1,53,R00235,4,West,Shelter
INC02669,N0034,Industrial Fire,None,High,Strong Wind,240.9,4,R03088;R02773,3,East,Shelter
INC02670,N1078,Fire,None,Critical,Light Wind,219.2,2,R03872;R03828,3,Northeast,Road_Closure
INC02671,N0259,Chemical Leak,Sulfur Dioxide,Critical,Strong Wind,466.2,65,R03201;R01685,3,South,Emergency_Response
INC02672,N1856,Fire,None,Critical,Light Wind,116.9,11,R00056,4,Northeast,Reroute
INC02673,N1664,Fire,None,Moderate,Strong Wind,345.2,50,R00063,2,North,Evacuate
INC02674,N1209,Pipeline Leak,Chlorine,Moderate,Strong Wind,460.3,6,R01172,3,Northwest,Medical_Response
INC02675,N0920,Toxic Gas Release,Sulfur Dioxide,Critical,Strong Wind,98.8,112,R04411,1,Southwest,Emergency_Response
INC02676,N1342,Chemical Leak,Chlorine,Critical,Strong Wind,31.6,81,R03904;R02508,1,Northwest,Medical_Response
INC02677,N0570,Industrial Fire,None,Moderate,Calm,16.7,92,R03588,2,Northwest,Shelter
INC02678,N1517,Fire,None,Moderate,Moderate Wind,107.8,109,R00757;R03166,3,North,Shelter
INC02679,N1780,Vehicle Chemical Spill,Nitrogen Dioxide,Moderate,Light Wind,295.1,49,R02788,3,Northwest,Emergency_Response
INC02680,N1926,Vehicle Chemical Spill,Sulfur Dioxide,Low,Calm,35.7,119,R01543,1,East,Medical_Response
INC02681,N1675,Toxic Gas Release,Sulfur Dioxide,Critical,Light Wind,61.1,29,R00169,5,Southwest,Road_Closure
INC02682,N0930,Pipeline Leak,Ammonia,High,Strong Wind,68.9,55,R00404,3,Southwest,Shelter
INC02683,N0613,Storage Tank Leak,Nitrogen Dioxide,Moderate,Light Wind,326.3,63,R01429;R04168,4,West,Road_Closure
INC02684,N1324,Industrial Fire,None,Low,Strong Wind,314.6,37,R02576;R03422;R02418,2,South,Shelter
INC02685,N1867,Toxic Gas Release,Chlorine,Critical,Light Wind,160.2,29,R04565;R01593;R03146,3,East,Shelter
INC02686,N1223,Pipeline Leak,Nitrogen Dioxide,High,Strong Wind,476.6,2,R00433;R03457;R01660;R00142,1,West,Medical_Response
INC02687,N1097,Industrial Fire,None,Moderate,Moderate Wind,63.3,54,R01218,2,South,Reroute
INC02688,N0136,Storage Tank Leak,Nitrogen Dioxide,Moderate,Strong Wind,70.8,79,R04796,5,East,Reroute
INC02689,N1695,Pipeline Leak,Chlorine,High,Calm,205.7,78,R02237,1,South,Evacuate
INC02690,N0621,Industrial Fire,None,Critical,Light Wind,333.8,65,R02608,4,West,Emergency_Response
INC02691,N1414,Chemical Leak,Sulfur Dioxide,Moderate,Calm,311.7,11,R01911;R01737;R04719,4,East,Road_Closure
INC02692,N1839,Storage Tank Leak,Chlorine,Critical,Moderate Wind,368.7,1,R04469;R02124;R04229,1,South,Emergency_Response
INC02693,N1642,Storage Tank Leak,Chlorine,High,Calm,59.1,19,R02814,1,South,Road_Closure
INC02694,N1416,Storage Tank Leak,Chlorine,Moderate,Moderate Wind,30.8,56,R01276,4,Southeast,Road_Closure
INC02695,N0725,Vehicle Chemical Spill,Ammonia,High,Moderate Wind,321.4,57,R04130;R00252,2,Southwest,Medical_Response
INC02696,N0189,Explosion,None,Critical,Moderate Wind,125.8,22,R01030,5,Northeast,Medical_Response
INC02697,N1955,Industrial Fire,None,Moderate,Calm,405.4,79,R03022,2,South,Emergency_Response
INC02698,N1136,Chemical Leak,Ammonia,Moderate,Strong Wind,49.0,72,R02993,5,South,Evacuate
INC02699,N1943,Pipeline Leak,Sulfur Dioxide,Moderate,Strong Wind,400.6,115,R03279,4,Northwest,Medical_Response
INC02700,N0899,Explosion,None,Low,Light Wind,101.1,1,R00549;R03246,5,Southwest,Medical_Response
INC02701,N1656,Explosion,None,Low,Calm,358.5,110,R01014;R03869,1,Southwest,Medical_Response
INC02702,N1546,Fire,None,Critical,Calm,429.4,57,R00872;R01925;R03159,4,Northwest,Reroute
INC02703,N0217,Fire,None,Critical,Light Wind,442.3,67,R02876,2,Northeast,Evacuate
INC02704,N1935,Fire,None,High,Strong Wind,14.2,79,R00354;R03441;R01105,2,Northwest,Shelter
INC02705,N0188,Storage Tank Leak,Nitrogen Dioxide,Critical,Calm,54.2,110,R01112;R01102;R01264;R04413,2,North,Road_Closure
INC02706,N1967,Chemical Leak,Sulfur Dioxide,Low,Calm,422.7,36,R01906,1,Northwest,Reroute
INC02707,N1738,Chemical Leak,Chlorine,Critical,Light Wind,343.2,45,R00327;R00707;R02320;R02812;R04414,5,Northeast,Reroute
INC02708,N0219,Vehicle Chemical Spill,Hydrogen Sulfide,Critical,Strong Wind,215.5,26,R03440,4,Southwest,Shelter
INC02709,N1621,Explosion,None,High,Calm,205.0,84,R03852,2,Northeast,Emergency_Response
INC02710,N1899,Chemical Leak,Chlorine,Moderate,Strong Wind,42.0,101,R00471,1,South,Emergency_Response
INC02711,N1620,Industrial Fire,None,Moderate,Strong Wind,277.6,63,R01999;R03420;R02540;R00125,1,East,Emergency_Response
INC02712,N1625,Chemical Leak,Sulfur Dioxide,Moderate,Moderate Wind,226.3,44,R01513,5,Northwest,Shelter
INC02713,N0224,Toxic Gas Release,Chlorine,High,Calm,289.2,114,R00636,2,West,Shelter
INC02714,N1793,Explosion,None,Low,Calm,109.4,67,R02396;R00205,2,South,Emergency_Response
INC02715,N0679,Vehicle Chemical Spill,Hydrogen Sulfide,Moderate,Light Wind,56.6,72,R00699;R00037;R04491,3,Southwest,Emergency_Response
INC02716,N0401,Storage Tank Leak,Sulfur Dioxide,High,Moderate Wind,94.9,68,R03505;R02577,1,South,Shelter
INC02717,N1670,Fire,None,High,Moderate Wind,309.4,94,R04600,5,East,Road_Closure
INC02718,N0268,Toxic Gas Release,Nitrogen Dioxide,Low,Calm,29.8,60,R00892;R03849;R04408;R00388,2,West,Reroute
INC02719,N0221,Fire,None,Moderate,Strong Wind,337.3,116,R00657;R01024,2,Northwest,Reroute
INC02720,N0901,Fire,None,High,Calm,95.0,114,R01732,4,Northeast,Reroute
INC02721,N1145,Pipeline Leak,Hydrogen Sulfide,Moderate,Calm,335.1,84,R02765,3,Northwest,Emergency_Response
INC02722,N1725,Chemical Leak,Nitrogen Dioxide,Moderate,Moderate Wind,265.4,34,R03536,5,South,Medical_Response
INC02723,N1246,Chemical Leak,Chlorine,Critical,Calm,194.8,3,R02026,5,North,Emergency_Response
INC02724,N1696,Storage Tank Leak,Chlorine,High,Calm,448.2,29,R03061,1,South,Emergency_Response
INC02725,N1227,Pipeline Leak,Chlorine,High,Calm,19.6,41,R04131;R04177,3,Southeast,Medical_Response
INC02726,N0464,Fire,None,High,Moderate Wind,326.6,109,R01932;R01443,1,Northeast,Shelter
INC02727,N1810,Pipeline Leak,Chlorine,Moderate,Light Wind,260.3,66,R02162;R02294;R01252,5,Northwest,Medical_Response
INC02728,N0152,Explosion,None,High,Moderate Wind,29.8,29,R01701;R02795;R02920;R02538,2,Southeast,Evacuate
INC02729,N1501,Chemical Leak,Ammonia,Critical,Strong Wind,62.3,54,R00717,4,South,Shelter
INC02730,N0813,Storage Tank Leak,Sulfur Dioxide,High,Light Wind,229.1,85,R04003,2,Southwest,Emergency_Response
INC02731,N0645,Storage Tank Leak,Sulfur Dioxide,Critical,Light Wind,174.4,66,R00107;R01707;R01284;R04118;R04475,2,North,Medical_Response
INC02732,N0270,Storage Tank Leak,Sulfur Dioxide,Critical,Moderate Wind,495.5,59,R04789;R01663;R00233,4,East,Evacuate
INC02733,N1693,Storage Tank Leak,Sulfur Dioxide,Moderate,Moderate Wind,197.7,99,R04659;R00764,5,West,Road_Closure
INC02734,N0813,Pipeline Leak,Sulfur Dioxide,Moderate,Moderate Wind,364.9,26,R01543,5,South,Medical_Response
INC02735,N1722,Vehicle Chemical Spill,Hydrogen Sulfide,Moderate,Light Wind,300.1,111,R00040,5,South,Evacuate
INC02736,N1791,Chemical Leak,Nitrogen Dioxide,Critical,Moderate Wind,188.6,83,R00130,2,Northeast,Medical_Response
INC02737,N1134,Chemical Leak,Chlorine,Moderate,Calm,7.0,102,R04443,4,North,Road_Closure
INC02738,N1375,Chemical Leak,Nitrogen Dioxide,Critical,Calm,292.2,2,R01357;R02917,1,South,Emergency_Response
INC02739,N0716,Industrial Fire,None,Critical,Light Wind,155.8,53,R03893,4,South,Medical_Response
INC02740,N1508,Fire,None,High,Strong Wind,435.6,30,R04067;R03331;R03130,5,Southeast,Road_Closure
INC02741,N0347,Vehicle Chemical Spill,Hydrogen Sulfide,High,Light Wind,22.3,110,R01391;R01372;R00761,5,Northeast,Evacuate
INC02742,N0859,Pipeline Leak,Nitrogen Dioxide,High,Moderate Wind,93.9,72,R01941,3,Northwest,Evacuate
INC02743,N0984,Pipeline Leak,Hydrogen Sulfide,High,Light Wind,278.1,108,R01656,3,Northwest,Medical_Response
INC02744,N0682,Toxic Gas Release,Ammonia,High,Light Wind,43.4,47,R03886,1,South,Reroute
INC02745,N0732,Industrial Fire,None,Moderate,Calm,457.2,48,R01657;R04236;R00927,2,Northwest,Medical_Response
INC02746,N0888,Toxic Gas Release,Nitrogen Dioxide,Critical,Strong Wind,130.3,6,R01824;R04118;R04667;R02207,2,Southeast,Shelter
INC02747,N0782,Chemical Leak,Sulfur Dioxide,High,Calm,460.3,23,R00652,3,Northeast,Emergency_Response
INC02748,N0194,Explosion,None,Critical,Moderate Wind,319.0,71,R03843,3,Southeast,Road_Closure
INC02749,N0875,Toxic Gas Release,Chlorine,Critical,Strong Wind,291.6,23,R03626;R00037;R01820;R01900,4,North,Emergency_Response
INC02750,N1358,Vehicle Chemical Spill,Chlorine,Critical,Strong Wind,169.1,98,R03571,3,North,Emergency_Response
INC02751,N0473,Storage Tank Leak,Chlorine,Low,Strong Wind,443.8,20,R02598,3,Northwest,Shelter
INC02752,N1709,Pipeline Leak,Ammonia,Low,Strong Wind,336.2,38,R00077;R04381;R01194,1,Northeast,Medical_Response
INC02753,N1515,Pipeline Leak,Ammonia,Critical,Strong Wind,51.5,41,R04130;R00357,2,North,Reroute
INC02754,N1116,Fire,None,Critical,Moderate Wind,458.1,76,R03629;R02707,1,North,Shelter
INC02755,N0773,Industrial Fire,None,Critical,Moderate Wind,99.2,57,R02183;R01456;R03196;R01616;R03598,4,West,Reroute
INC02756,N1053,Pipeline Leak,Nitrogen Dioxide,Moderate,Moderate Wind,101.9,66,R00337,5,North,Emergency_Response
INC02757,N1381,Explosion,None,Moderate,Light Wind,263.5,10,R03273,4,South,Emergency_Response
INC02758,N0284,Vehicle Chemical Spill,Ammonia,High,Calm,145.7,112,R04550,1,East,Reroute
INC02759,N1307,Fire,None,Critical,Calm,33.0,75,R01059;R04439,2,West,Medical_Response
INC02760,N1002,Toxic Gas Release,Sulfur Dioxide,High,Calm,356.7,35,R01422;R02113;R02115;R01307,3,South,Medical_Response
INC02761,N1120,Industrial Fire,None,High,Light Wind,374.2,47,R03827,3,West,Medical_Response
INC02762,N0552,Industrial Fire,None,Critical,Strong Wind,55.6,91,R04157;R04303;R04806;R01219,3,Northwest,Road_Closure
INC02763,N1682,Vehicle Chemical Spill,Nitrogen Dioxide,Moderate,Moderate Wind,101.6,70,R03159;R04154,1,North,Road_Closure
INC02764,N1763,Industrial Fire,None,Moderate,Light Wind,166.2,41,R04664;R03845,5,Southwest,Reroute
INC02765,N0286,Toxic Gas Release,Ammonia,High,Calm,305.9,52,R03564;R03337;R04770;R04093,4,North,Road_Closure
INC02766,N0936,Pipeline Leak,Nitrogen Dioxide,Moderate,Calm,235.3,111,R01295,1,East,Reroute
INC02767,N1685,Vehicle Chemical Spill,Hydrogen Sulfide,Critical,Light Wind,192.4,104,R04593;R03546;R04238,1,East,Shelter
INC02768,N0834,Explosion,None,Moderate,Calm,98.4,27,R04314;R01917;R01704,1,East,Medical_Response
INC02769,N1902,Fire,None,Moderate,Strong Wind,46.6,109,R03573,5,Northwest,Medical_Response
INC02770,N1922,Pipeline Leak,Chlorine,Critical,Light Wind,194.2,57,R03824;R00047;R03699,1,East,Road_Closure
INC02771,N1478,Toxic Gas Release,Hydrogen Sulfide,High,Strong Wind,135.8,30,R02652,4,West,Evacuate
INC02772,N0116,Chemical Leak,Hydrogen Sulfide,High,Moderate Wind,491.1,51,R04316,2,East,Road_Closure
INC02773,N0240,Explosion,None,Low,Strong Wind,113.9,119,R02053,1,Southwest,Emergency_Response
INC02774,N1451,Industrial Fire,None,Low,Strong Wind,209.4,109,R01459,1,Southwest,Shelter
INC02775,N0761,Fire,None,Moderate,Moderate Wind,461.1,21,R02105;R01313,3,West,Evacuate
INC02776,N0250,Pipeline Leak,Ammonia,High,Calm,460.7,60,R02893,3,Southeast,Emergency_Response
INC02777,N0658,Storage Tank Leak,Ammonia,High,Strong Wind,145.4,39,R01760,1,Northeast,Shelter
INC02778,N1287,Pipeline Leak,Sulfur Dioxide,Critical,Light Wind,362.8,23,R02586;R01777;R01418,1,Northeast,Road_Closure
INC02779,N1498,Toxic Gas Release,Ammonia,High,Strong Wind,341.6,29,R01011;R01805;R01660;R00201,1,Southeast,Reroute
INC02780,N1004,Explosion,None,High,Calm,27.9,49,R02377;R00933,2,Northeast,Evacuate
INC02781,N1592,Storage Tank Leak,Ammonia,Critical,Calm,148.2,113,R04475,4,South,Evacuate
INC02782,N1444,Explosion,None,Moderate,Strong Wind,147.4,68,R00061;R01635,4,Southeast,Evacuate
INC02783,N1197,Fire,None,Critical,Moderate Wind,40.3,38,R00489;R03291,1,Northwest,Evacuate
INC02784,N1132,Vehicle Chemical Spill,Sulfur Dioxide,Moderate,Moderate Wind,183.9,100,R04415;R03074;R02457;R02397,1,East,Medical_Response
INC02785,N1848,Pipeline Leak,Nitrogen Dioxide,Critical,Calm,176.5,104,R00342;R04651,1,West,Shelter
INC02786,N0377,Pipeline Leak,Sulfur Dioxide,Moderate,Moderate Wind,47.7,101,R00430;R01030,2,Southwest,Emergency_Response
INC02787,N1250,Fire,None,Moderate,Moderate Wind,66.9,53,R04781;R02958;R02675,1,South,Road_Closure
INC02788,N0198,Storage Tank Leak,Nitrogen Dioxide,High,Light Wind,407.5,71,R02030,2,Southwest,Medical_Response
INC02789,N1372,Vehicle Chemical Spill,Chlorine,High,Calm,264.0,6,R02410;R03211,4,West,Reroute
INC02790,N1746,Pipeline Leak,Chlorine,Critical,Calm,56.1,119,R01145,3,Northeast,Evacuate
INC02791,N0259,Toxic Gas Release,Chlorine,Moderate,Moderate Wind,94.7,113,R04039,4,Northeast,Shelter
INC02792,N0949,Chemical Leak,Sulfur Dioxide,Moderate,Moderate Wind,455.5,88,R03437,2,Southwest,Evacuate
INC02793,N1128,Toxic Gas Release,Hydrogen Sulfide,Moderate,Moderate Wind,472.7,58,R04547;R01514;R04205,4,Northeast,Emergency_Response
INC02794,N0678,Pipeline Leak,Hydrogen Sulfide,High,Moderate Wind,195.6,72,R04683;R03143,5,Southwest,Emergency_Response
INC02795,N0534,Storage Tank Leak,Nitrogen Dioxide,Moderate,Moderate Wind,45.5,107,R03897;R02832,3,Southwest,Road_Closure
INC02796,N0809,Industrial Fire,None,Critical,Light Wind,271.6,52,R00689,4,Southwest,Reroute
INC02797,N0945,Vehicle Chemical Spill,Nitrogen Dioxide,Moderate,Strong Wind,455.9,9,R00604;R01721;R02951;R01428,1,East,Evacuate
INC02798,N1762,Toxic Gas Release,Hydrogen Sulfide,High,Strong Wind,477.2,40,R03749;R01360;R03687,5,Southeast,Emergency_Response
INC02799,N1496,Explosion,None,Moderate,Calm,192.1,20,R01195,2,North,Road_Closure
INC02800,N1280,Chemical Leak,Ammonia,High,Strong Wind,448.3,9,R03371,5,Southwest,Medical_Response
INC02801,N1319,Vehicle Chemical Spill,Ammonia,Critical,Strong Wind,369.9,112,R04003,1,Northwest,Road_Closure
INC02802,N1830,Chemical Leak,Ammonia,Low,Calm,416.9,13,R00061;R00233,1,East,Evacuate
INC02803,N0789,Storage Tank Leak,Nitrogen Dioxide,Critical,Light Wind,381.4,113,R00240;R03211;R01682,2,Southwest,Emergency_Response
INC02804,N1783,Chemical Leak,Sulfur Dioxide,Critical,Strong Wind,350.0,11,R01249;R03199;R02736;R03761,5,East,Shelter
INC02805,N1957,Pipeline Leak,Chlorine,High,Moderate Wind,399.4,73,R02627;R04299,2,North,Emergency_Response
INC02806,N0679,Vehicle Chemical Spill,Hydrogen Sulfide,High,Strong Wind,167.9,111,R03474;R03423;R00799;R03310,1,Southeast,Shelter
INC02807,N1464,Fire,None,High,Light Wind,64.1,12,R04563,1,Northwest,Evacuate
INC02808,N0439,Storage Tank Leak,Ammonia,Critical,Calm,35.8,27,R01208;R00356;R04022,3,Northeast,Reroute
INC02809,N0532,Fire,None,Critical,Moderate Wind,160.4,9,R04325,1,South,Emergency_Response
INC02810,N0739,Vehicle Chemical Spill,Hydrogen Sulfide,Moderate,Light Wind,424.4,113,R00191,1,East,Emergency_Response
INC02811,N1841,Explosion,None,Moderate,Moderate Wind,335.0,116,R01435;R01640;R04503,3,Southeast,Emergency_Response
INC02812,N1584,Fire,None,High,Calm,170.2,71,R03617;R04734;R04016;R01941;R02787,4,South,Medical_Response
INC02813,N0183,Chemical Leak,Hydrogen Sulfide,Moderate,Light Wind,312.4,79,R01122,4,East,Evacuate
INC02814,N1640,Toxic Gas Release,Hydrogen Sulfide,High,Strong Wind,106.9,116,R02987,4,West,Evacuate
INC02815,N0099,Explosion,None,High,Light Wind,466.1,23,R01420;R00548,4,North,Medical_Response
INC02816,N1218,Vehicle Chemical Spill,Nitrogen Dioxide,High,Light Wind,246.7,97,R01671;R03788;R00184;R00822;R01817,3,Southeast,Medical_Response
INC02817,N1416,Pipeline Leak,Sulfur Dioxide,High,Calm,427.2,54,R00888;R01699;R02721,2,Southeast,Road_Closure
INC02818,N0719,Explosion,None,Moderate,Strong Wind,451.8,77,R03968,3,North,Emergency_Response
INC02819,N1836,Chemical Leak,Chlorine,Moderate,Calm,207.2,90,R00293;R04251,4,Northeast,Road_Closure
INC02820,N1927,Storage Tank Leak,Nitrogen Dioxide,Critical,Calm,205.8,82,R04345,1,West,Emergency_Response
INC02821,N0141,Explosion,None,High,Light Wind,350.5,39,R04529,2,South,Reroute
INC02822,N0378,Storage Tank Leak,Sulfur Dioxide,Moderate,Moderate Wind,296.9,36,R00657,1,North,Medical_Response
INC02823,N2000,Toxic Gas Release,Chlorine,Critical,Moderate Wind,112.9,73,R02155,4,Northwest,Shelter
INC02824,N1909,Toxic Gas Release,Ammonia,Moderate,Strong Wind,73.6,113,R00159,3,Southwest,Emergency_Response
INC02825,N0543,Storage Tank Leak,Hydrogen Sulfide,Critical,Light Wind,306.8,32,R01297,3,East,Shelter
INC02826,N1551,Toxic Gas Release,Ammonia,Critical,Calm,341.4,25,R02657;R03983;R03843;R01957;R03199,5,Northwest,Emergency_Response
INC02827,N1579,Pipeline Leak,Hydrogen Sulfide,High,Moderate Wind,489.7,29,R02485;R02600,1,East,Road_Closure
INC02828,N1507,Chemical Leak,Sulfur Dioxide,High,Moderate Wind,263.0,22,R04421;R01311;R00797;R03746,3,Southeast,Reroute
INC02829,N0054,Explosion,None,Low,Moderate Wind,142.1,85,R00196;R02463;R00183,4,Southeast,Reroute
INC02830,N0680,Toxic Gas Release,Chlorine,High,Moderate Wind,53.3,15,R01212;R04063;R02103;R04348;R04557,3,East,Medical_Response
INC02831,N0482,Industrial Fire,None,High,Calm,455.3,88,R00439;R03861;R00321;R02026;R04776,1,North,Shelter
INC02832,N0818,Vehicle Chemical Spill,Hydrogen Sulfide,Critical,Light Wind,493.1,73,R01117;R04589;R02443,4,East,Emergency_Response
INC02833,N1524,Toxic Gas Release,Ammonia,High,Moderate Wind,308.1,43,R03449;R04611;R00684;R01963;R01284,4,Southeast,Evacuate
INC02834,N1567,Industrial Fire,None,High,Light Wind,298.9,29,R03176;R00947,3,Northwest,Reroute
INC02835,N0287,Chemical Leak,Hydrogen Sulfide,Moderate,Calm,109.1,16,R04570,2,Southwest,Medical_Response
INC02836,N1395,Industrial Fire,None,High,Calm,473.6,105,R00049,1,West,Emergency_Response
INC02837,N1824,Vehicle Chemical Spill,Chlorine,High,Moderate Wind,48.3,10,R04092,3,Northwest,Shelter
INC02838,N1138,Industrial Fire,None,High,Strong Wind,346.2,67,R01800,1,South,Evacuate
INC02839,N0943,Toxic Gas Release,Ammonia,High,Light Wind,47.8,98,R02048,1,North,Shelter
INC02840,N0386,Explosion,None,Low,Strong Wind,473.2,23,R00656;R02728,2,Southwest,Emergency_Response
INC02841,N1289,Toxic Gas Release,Hydrogen Sulfide,Moderate,Light Wind,298.3,61,R02824,3,North,Shelter
INC02842,N0132,Explosion,None,Critical,Moderate Wind,480.9,4,R00468,1,North,Reroute
INC02843,N1510,Industrial Fire,None,High,Strong Wind,258.8,31,R02123;R00941,2,East,Medical_Response
INC02844,N1508,Explosion,None,Moderate,Calm,122.9,117,R03410;R02136,1,Northwest,Medical_Response
INC02845,N1942,Toxic Gas Release,Hydrogen Sulfide,Critical,Moderate Wind,494.7,83,R04786;R00558,4,Southeast,Medical_Response
INC02846,N0278,Toxic Gas Release,Nitrogen Dioxide,High,Light Wind,87.8,12,R02898;R00678;R01861;R04117;R03899,5,Northeast,Reroute
INC02847,N1226,Toxic Gas Release,Ammonia,High,Moderate Wind,342.4,115,R00514;R01946,4,Northeast,Road_Closure
INC02848,N0375,Vehicle Chemical Spill,Nitrogen Dioxide,Low,Moderate Wind,99.1,9,R02196,4,South,Emergency_Response
INC02849,N1965,Storage Tank Leak,Ammonia,High,Light Wind,156.7,10,R00968;R03295,5,Northeast,Road_Closure
INC02850,N0124,Pipeline Leak,Ammonia,Moderate,Moderate Wind,463.9,41,R01584;R00082;R04719,5,Southwest,Medical_Response
INC02851,N1327,Storage Tank Leak,Ammonia,High,Light Wind,459.6,62,R03220,2,Northeast,Emergency_Response
INC02852,N0984,Explosion,None,Moderate,Moderate Wind,252.7,18,R00946,2,South,Shelter
INC02853,N0301,Explosion,None,Critical,Moderate Wind,183.9,98,R03114,1,South,Evacuate
INC02854,N0834,Pipeline Leak,Sulfur Dioxide,High,Light Wind,26.6,105,R02706;R03899;R04061;R04579;R00569,2,Northeast,Evacuate
INC02855,N1688,Pipeline Leak,Ammonia,Moderate,Moderate Wind,7.5,80,R03793,4,South,Shelter
INC02856,N1043,Industrial Fire,None,Critical,Calm,143.3,51,R02251;R04109,2,South,Shelter
INC02857,N1562,Explosion,None,High,Light Wind,225.1,60,R00383,5,Northeast,Evacuate
INC02858,N1513,Fire,None,Moderate,Calm,177.5,13,R04311,1,Northwest,Emergency_Response
INC02859,N1098,Pipeline Leak,Sulfur Dioxide,High,Calm,78.0,28,R02325,4,Northwest,Shelter
INC02860,N0152,Storage Tank Leak,Chlorine,Moderate,Moderate Wind,108.1,42,R02735;R03022,3,Southwest,Reroute
INC02861,N0158,Pipeline Leak,Nitrogen Dioxide,Moderate,Light Wind,405.0,65,R01231,5,Southwest,Emergency_Response
INC02862,N0225,Vehicle Chemical Spill,Sulfur Dioxide,High,Light Wind,304.8,119,R03163,4,Southwest,Medical_Response
INC02863,N1095,Toxic Gas Release,Sulfur Dioxide,High,Strong Wind,220.8,82,R00758;R04225;R03332;R01348,5,North,Medical_Response
INC02864,N1406,Storage Tank Leak,Nitrogen Dioxide,Moderate,Strong Wind,479.8,80,R02284;R03599;R03909,1,North,Reroute
INC02865,N0331,Toxic Gas Release,Sulfur Dioxide,Critical,Strong Wind,323.0,61,R03306;R01953;R02434;R04182,5,Southwest,Reroute
INC02866,N0853,Chemical Leak,Sulfur Dioxide,Moderate,Calm,215.3,65,R00173;R00148,1,East,Road_Closure
INC02867,N1653,Explosion,None,High,Moderate Wind,378.5,92,R02584;R04145,3,North,Medical_Response
INC02868,N1200,Storage Tank Leak,Hydrogen Sulfide,High,Calm,488.3,16,R02758,3,Southeast,Emergency_Response
INC02869,N1148,Toxic Gas Release,Ammonia,Moderate,Moderate Wind,42.1,101,R01151;R02858;R04285,2,North,Shelter
INC02870,N0246,Storage Tank Leak,Nitrogen Dioxide,Low,Light Wind,289.1,54,R02168;R01672,5,Southeast,Reroute
INC02871,N0801,Pipeline Leak,Hydrogen Sulfide,High,Strong Wind,437.5,53,R01105;R00839,3,Southwest,Shelter
INC02872,N1712,Industrial Fire,None,High,Calm,73.5,90,R03179;R01443,3,West,Medical_Response
INC02873,N0557,Storage Tank Leak,Chlorine,High,Calm,180.0,98,R03878,2,Northeast,Road_Closure
INC02874,N1535,Chemical Leak,Sulfur Dioxide,High,Calm,459.7,3,R03345,1,Southeast,Shelter
INC02875,N1739,Chemical Leak,Ammonia,High,Calm,25.0,89,R00338;R04067;R02997,3,Southwest,Emergency_Response
INC02876,N1794,Pipeline Leak,Hydrogen Sulfide,High,Light Wind,143.4,105,R01385;R04308,4,East,Road_Closure
INC02877,N0489,Fire,None,Critical,Moderate Wind,361.6,49,R03864;R02806;R04497,3,Southeast,Emergency_Response
INC02878,N0776,Fire,None,High,Light Wind,287.2,98,R01232;R00222,5,Southwest,Evacuate
INC02879,N0457,Vehicle Chemical Spill,Sulfur Dioxide,Moderate,Calm,288.0,93,R01503,1,North,Emergency_Response
INC02880,N0616,Toxic Gas Release,Ammonia,Moderate,Calm,308.2,99,R02862,2,East,Medical_Response
INC02881,N0609,Toxic Gas Release,Chlorine,High,Calm,91.4,27,R02344;R00546,5,Northeast,Reroute
INC02882,N1222,Vehicle Chemical Spill,Sulfur Dioxide,Critical,Moderate Wind,497.0,78,R02480,4,East,Emergency_Response
INC02883,N0613,Vehicle Chemical Spill,Ammonia,Moderate,Calm,164.5,11,R02103;R03262,3,South,Medical_Response
INC02884,N1390,Industrial Fire,None,Moderate,Strong Wind,130.4,104,R03204,4,South,Emergency_Response
INC02885,N1353,Industrial Fire,None,Critical,Moderate Wind,108.1,112,R04330;R02630;R04719,5,East,Evacuate
INC02886,N1268,Vehicle Chemical Spill,Chlorine,Moderate,Moderate Wind,126.1,73,R03947,3,Northeast,Reroute
INC02887,N1009,Explosion,None,Critical,Strong Wind,469.3,55,R04368;R00359,2,West,Emergency_Response
INC02888,N1435,Vehicle Chemical Spill,Chlorine,Moderate,Strong Wind,430.7,100,R03394,5,East,Evacuate
INC02889,N1130,Vehicle Chemical Spill,Hydrogen Sulfide,High,Moderate Wind,415.1,39,R02550;R00482,1,Northeast,Reroute
INC02890,N1578,Chemical Leak,Nitrogen Dioxide,High,Moderate Wind,247.6,37,R00549,5,South,Shelter
INC02891,N1625,Explosion,None,High,Moderate Wind,487.1,15,R01506;R00536,5,Southwest,Road_Closure
INC02892,N0183,Fire,None,High,Calm,417.7,75,R03552;R01216,1,Southeast,Emergency_Response
INC02893,N1614,Storage Tank Leak,Nitrogen Dioxide,High,Calm,286.1,3,R00716;R03285,3,South,Reroute
INC02894,N1415,Explosion,None,Critical,Calm,232.1,34,R02263,4,West,Reroute
INC02895,N0764,Industrial Fire,None,Critical,Light Wind,20.6,32,R04401,2,Southeast,Reroute
INC02896,N0808,Toxic Gas Release,Hydrogen Sulfide,High,Strong Wind,243.1,48,R00204;R00287,3,North,Medical_Response
INC02897,N1574,Vehicle Chemical Spill,Sulfur Dioxide,Critical,Strong Wind,490.5,8,R03705;R01732,2,Southwest,Road_Closure
INC02898,N0665,Industrial Fire,None,Critical,Moderate Wind,188.4,86,R04122;R01262,3,Southwest,Shelter
INC02899,N1216,Vehicle Chemical Spill,Chlorine,Critical,Calm,361.9,14,R01829,3,North,Road_Closure
INC02900,N1494,Explosion,None,High,Strong Wind,460.3,42,R00731;R04269;R02179,3,Northwest,Evacuate
INC02901,N1485,Storage Tank Leak,Sulfur Dioxide,High,Moderate Wind,306.6,86,R02521,5,Southwest,Evacuate
INC02902,N0005,Fire,None,Low,Light Wind,470.5,40,R01667;R01264;R03383,3,Northwest,Reroute
INC02903,N0556,Storage Tank Leak,Ammonia,High,Calm,173.4,36,R00630,2,Southeast,Shelter
INC02904,N0833,Chemical Leak,Ammonia,High,Moderate Wind,172.2,74,R01147,4,Northeast,Road_Closure
INC02905,N1411,Toxic Gas Release,Nitrogen Dioxide,High,Strong Wind,184.0,62,R00390,3,Northeast,Emergency_Response
INC02906,N1459,Pipeline Leak,Hydrogen Sulfide,High,Strong Wind,321.6,49,R03411;R00190,1,Northeast,Evacuate
INC02907,N1532,Fire,None,Critical,Light Wind,292.6,32,R04501,2,Southwest,Road_Closure
INC02908,N0591,Fire,None,Moderate,Light Wind,172.2,51,R01679,1,West,Shelter
INC02909,N0585,Fire,None,High,Light Wind,103.5,89,R03588,5,Northwest,Reroute
INC02910,N1260,Industrial Fire,None,High,Light Wind,96.0,66,R01777;R01987;R02103,5,North,Reroute
INC02911,N1281,Toxic Gas Release,Ammonia,Critical,Light Wind,393.9,29,R00555,5,East,Road_Closure
INC02912,N1457,Storage Tank Leak,Chlorine,High,Moderate Wind,24.4,26,R03620;R04644;R03853,1,Southeast,Reroute
INC02913,N0660,Toxic Gas Release,Ammonia,Critical,Calm,22.6,13,R02919,3,Southwest,Reroute
INC02914,N0377,Industrial Fire,None,High,Strong Wind,188.7,21,R00747,1,Northwest,Shelter
INC02915,N1359,Storage Tank Leak,Nitrogen Dioxide,High,Strong Wind,425.9,72,R01251;R01729,4,South,Road_Closure
INC02916,N1937,Pipeline Leak,Ammonia,High,Light Wind,293.7,60,R00053;R00867;R00685;R02360;R00882,2,Northeast,Medical_Response
INC02917,N0637,Chemical Leak,Sulfur Dioxide,Critical,Light Wind,128.9,7,R01000,4,Northwest,Evacuate
INC02918,N0668,Storage Tank Leak,Chlorine,Critical,Light Wind,361.4,95,R00658;R03516,1,South,Road_Closure
INC02919,N0663,Vehicle Chemical Spill,Chlorine,High,Moderate Wind,413.5,29,R03825;R02698;R03868,5,Northeast,Emergency_Response
INC02920,N1512,Pipeline Leak,Chlorine,Critical,Light Wind,339.5,56,R02364;R03749;R00162,1,South,Reroute
INC02921,N1857,Storage Tank Leak,Sulfur Dioxide,Moderate,Calm,184.5,29,R02032;R00423;R02711,3,Southwest,Reroute
INC02922,N0580,Chemical Leak,Sulfur Dioxide,High,Calm,354.9,80,R03607;R04692,1,West,Evacuate
INC02923,N1730,Pipeline Leak,Nitrogen Dioxide,Low,Calm,396.2,8,R03203,5,Southwest,Evacuate
INC02924,N1979,Industrial Fire,None,Critical,Calm,113.5,59,R01241,4,North,Reroute
INC02925,N1014,Toxic Gas Release,Sulfur Dioxide,Moderate,Strong Wind,355.8,100,R02426,1,Northeast,Medical_Response
INC02926,N1764,Toxic Gas Release,Nitrogen Dioxide,Critical,Calm,354.7,34,R02066,1,East,Emergency_Response
INC02927,N0979,Pipeline Leak,Nitrogen Dioxide,Low,Light Wind,325.2,28,R01752;R02606;R03575,2,East,Shelter
INC02928,N0100,Pipeline Leak,Chlorine,High,Moderate Wind,121.5,68,R00413;R00424,3,South,Road_Closure
INC02929,N1926,Explosion,None,Critical,Strong Wind,154.5,98,R02032;R03705;R00146,2,Northwest,Road_Closure
INC02930,N0090,Explosion,None,High,Light Wind,458.8,55,R04528;R03476;R03522,2,Northeast,Reroute
INC02931,N0620,Chemical Leak,Chlorine,Critical,Light Wind,420.1,69,R03125;R00645;R03515;R02169,3,Northwest,Reroute
INC02932,N0916,Pipeline Leak,Nitrogen Dioxide,Moderate,Calm,338.9,10,R02639,4,Southwest,Road_Closure
INC02933,N1620,Pipeline Leak,Sulfur Dioxide,High,Calm,126.6,109,R01105;R03626;R02636,1,North,Medical_Response
INC02934,N0016,Industrial Fire,None,Critical,Calm,63.0,28,R02923;R03775,1,Southwest,Emergency_Response
INC02935,N1576,Industrial Fire,None,High,Strong Wind,211.1,119,R03746,2,West,Road_Closure
INC02936,N0709,Vehicle Chemical Spill,Ammonia,High,Moderate Wind,374.3,99,R02797,4,West,Road_Closure
INC02937,N0481,Industrial Fire,None,High,Light Wind,451.8,24,R03665;R03972,3,Southwest,Road_Closure
INC02938,N1351,Explosion,None,Critical,Calm,133.8,46,R02965,1,North,Emergency_Response
INC02939,N0367,Chemical Leak,Ammonia,Low,Calm,11.3,17,R01632,4,North,Road_Closure
INC02940,N0661,Chemical Leak,Nitrogen Dioxide,High,Light Wind,235.7,18,R00348,3,East,Emergency_Response
INC02941,N0997,Toxic Gas Release,Sulfur Dioxide,Low,Calm,485.6,113,R01383,5,East,Evacuate
INC02942,N1796,Storage Tank Leak,Sulfur Dioxide,Moderate,Calm,120.0,101,R04342;R01814;R03970,5,Southeast,Medical_Response
INC02943,N1807,Pipeline Leak,Nitrogen Dioxide,Low,Strong Wind,94.4,30,R04587;R03015;R01221,4,East,Reroute
INC02944,N0170,Fire,None,Moderate,Calm,70.7,26,R00727,4,West,Shelter
INC02945,N0690,Explosion,None,Critical,Calm,6.0,2,R00869;R04254;R02754;R04353;R00095,1,South,Road_Closure
INC02946,N1484,Storage Tank Leak,Sulfur Dioxide,High,Moderate Wind,426.2,114,R02488;R03991,3,Northwest,Evacuate
INC02947,N1435,Vehicle Chemical Spill,Chlorine,High,Strong Wind,312.4,47,R04775;R03813;R04645;R04455,5,Southwest,Reroute
INC02948,N0135,Industrial Fire,None,Critical,Calm,311.5,21,R00278;R00558;R02306,3,Northwest,Road_Closure
INC02949,N1001,Vehicle Chemical Spill,Sulfur Dioxide,Critical,Calm,116.9,66,R01212,2,Northeast,Medical_Response
INC02950,N1669,Vehicle Chemical Spill,Ammonia,Critical,Strong Wind,458.6,40,R00329;R04662;R04048,5,Southwest,Road_Closure
INC02951,N0071,Pipeline Leak,Nitrogen Dioxide,High,Calm,28.8,82,R00762,1,Northwest,Shelter
INC02952,N0261,Toxic Gas Release,Sulfur Dioxide,Critical,Light Wind,469.7,16,R03153,2,West,Evacuate
INC02953,N1802,Pipeline Leak,Sulfur Dioxide,High,Light Wind,75.9,61,R03142,4,Southeast,Medical_Response
INC02954,N0115,Storage Tank Leak,Nitrogen Dioxide,Critical,Light Wind,256.0,39,R04774,1,East,Emergency_Response
INC02955,N1194,Toxic Gas Release,Chlorine,Critical,Calm,435.1,118,R01710;R02700;R03619;R02863,2,North,Road_Closure
INC02956,N0954,Industrial Fire,None,Critical,Strong Wind,337.1,118,R01956,1,Northwest,Road_Closure
INC02957,N0253,Explosion,None,Moderate,Light Wind,24.0,17,R03976;R03533;R02489;R04606,2,North,Evacuate
INC02958,N0585,Vehicle Chemical Spill,Ammonia,High,Calm,347.7,25,R03261,4,Southwest,Reroute
INC02959,N1279,Pipeline Leak,Nitrogen Dioxide,High,Moderate Wind,325.0,80,R04738,1,South,Shelter
INC02960,N0460,Industrial Fire,None,Critical,Light Wind,398.2,117,R01225;R01100,4,West,Evacuate
INC02961,N0113,Explosion,None,High,Light Wind,218.1,93,R03704;R02734,1,North,Reroute
INC02962,N1360,Chemical Leak,Sulfur Dioxide,Moderate,Moderate Wind,296.9,116,R01983,4,Northeast,Evacuate
INC02963,N0717,Pipeline Leak,Hydrogen Sulfide,High,Strong Wind,364.0,66,R04382;R03059;R00814;R02706;R01099,3,Northwest,Medical_Response
INC02964,N1181,Storage Tank Leak,Nitrogen Dioxide,Moderate,Light Wind,417.4,104,R01967,2,Northwest,Reroute
INC02965,N0822,Storage Tank Leak,Nitrogen Dioxide,Critical,Light Wind,271.2,43,R01848,2,Southeast,Road_Closure
INC02966,N0530,Pipeline Leak,Ammonia,High,Calm,334.8,29,R03911;R04589,4,South,Shelter
INC02967,N0761,Toxic Gas Release,Nitrogen Dioxide,Critical,Strong Wind,364.3,49,R03967,2,Northeast,Shelter
INC02968,N1328,Industrial Fire,None,High,Light Wind,99.1,89,R04484;R00540,5,Southeast,Shelter
INC02969,N1037,Pipeline Leak,Chlorine,Low,Strong Wind,390.4,66,R03556,1,North,Emergency_Response
INC02970,N0910,Toxic Gas Release,Hydrogen Sulfide,High,Strong Wind,226.9,66,R01770,1,Northwest,Evacuate
INC02971,N0727,Storage Tank Leak,Nitrogen Dioxide,Critical,Moderate Wind,11.6,111,R04186,1,Southwest,Reroute
INC02972,N1381,Fire,None,Moderate,Calm,297.3,19,R01737;R01329;R04471,1,Northwest,Medical_Response
INC02973,N1478,Chemical Leak,Hydrogen Sulfide,Moderate,Calm,447.5,98,R02446;R00414;R03714,5,Northeast,Shelter
INC02974,N0740,Industrial Fire,None,Moderate,Calm,323.3,117,R00581,3,East,Medical_Response
INC02975,N0483,Vehicle Chemical Spill,Hydrogen Sulfide,Critical,Strong Wind,301.4,53,R02909;R00214;R00272;R03685,2,Northwest,Medical_Response
INC02976,N1495,Storage Tank Leak,Nitrogen Dioxide,High,Light Wind,440.7,76,R02890;R01081,4,Southwest,Evacuate
INC02977,N0012,Explosion,None,High,Moderate Wind,86.7,13,R00821,3,East,Medical_Response
INC02978,N1248,Storage Tank Leak,Hydrogen Sulfide,Moderate,Moderate Wind,24.1,77,R04062;R00443,4,Northwest,Evacuate
INC02979,N0803,Vehicle Chemical Spill,Nitrogen Dioxide,Low,Calm,206.7,2,R02963,4,Northeast,Medical_Response
INC02980,N0608,Vehicle Chemical Spill,Hydrogen Sulfide,Moderate,Calm,30.2,44,R00092,3,South,Reroute
INC02981,N1237,Industrial Fire,None,Moderate,Strong Wind,64.1,88,R01020;R02811,3,West,Road_Closure
INC02982,N1619,Explosion,None,High,Light Wind,489.4,2,R04734,5,Northeast,Evacuate
INC02983,N0919,Storage Tank Leak,Hydrogen Sulfide,High,Calm,44.5,34,R01072;R02033,5,West,Road_Closure
INC02984,N1079,Industrial Fire,None,High,Calm,53.3,60,R03588,5,East,Medical_Response
INC02985,N0705,Fire,None,Moderate,Light Wind,26.6,104,R02409;R04218;R01744,2,Southwest,Evacuate
INC02986,N0303,Toxic Gas Release,Hydrogen Sulfide,Critical,Calm,311.7,36,R00422;R03797,3,Northwest,Emergency_Response
INC02987,N1050,Industrial Fire,None,Critical,Calm,209.8,42,R02308,4,North,Shelter
INC02988,N1898,Storage Tank Leak,Ammonia,Critical,Light Wind,278.3,8,R00563;R01990;R01319,5,Northeast,Emergency_Response
INC02989,N1638,Pipeline Leak,Hydrogen Sulfide,Moderate,Strong Wind,316.9,33,R00570,5,North,Reroute
INC02990,N0170,Toxic Gas Release,Ammonia,Moderate,Light Wind,461.6,11,R03996;R01458,2,Southwest,Road_Closure
INC02991,N0770,Industrial Fire,None,Moderate,Light Wind,328.4,76,R01859;R00284;R02319,1,North,Road_Closure
INC02992,N0510,Pipeline Leak,Nitrogen Dioxide,Critical,Calm,381.7,53,R01158;R03348,1,East,Medical_Response
INC02993,N0138,Explosion,None,Moderate,Strong Wind,203.6,18,R00273;R01467;R02591,5,Southwest,Reroute
INC02994,N1278,Chemical Leak,Ammonia,Critical,Light Wind,156.9,52,R01475;R03703,1,Southeast,Evacuate
INC02995,N1829,Fire,None,Moderate,Calm,389.4,52,R02279;R04706;R04345,3,South,Emergency_Response
INC02996,N1241,Pipeline Leak,Sulfur Dioxide,Critical,Strong Wind,244.5,115,R04344,1,North,Road_Closure
INC02997,N1873,Industrial Fire,None,Moderate,Strong Wind,478.0,100,R02495,4,Northeast,Shelter
INC02998,N0814,Fire,None,High,Moderate Wind,458.7,38,R04098,2,Northeast,Evacuate
INC02999,N0536,Toxic Gas Release,Sulfur Dioxide,High,Light Wind,180.5,29,R01833;R02239,1,East,Reroute
INC03000,N1113,Fire,None,High,Strong Wind,54.7,82,R00762,5,West,Road_Closure
INC03001,N1960,Pipeline Leak,Chlorine,High,Light Wind,95.6,41,R02310,4,South,Emergency_Response
INC03002,N0298,Chemical Leak,Hydrogen Sulfide,High,Calm,352.0,65,R03696,2,East,Medical_Response
INC03003,N0639,Industrial Fire,None,High,Calm,449.8,42,R01358;R02689;R02761;R03585;R03048,2,North,Road_Closure
INC03004,N1140,Storage Tank Leak,Hydrogen Sulfide,High,Strong Wind,262.8,34,R01729,3,Southeast,Medical_Response
INC03005,N1267,Pipeline Leak,Ammonia,Moderate,Light Wind,60.1,49,R02376,5,Southeast,Road_Closure
INC03006,N1403,Fire,None,High,Light Wind,141.4,16,R00026,5,Northeast,Shelter
INC03007,N0913,Toxic Gas Release,Ammonia,Critical,Moderate Wind,293.2,114,R01654;R03779,3,Southwest,Evacuate
INC03008,N1888,Fire,None,Moderate,Strong Wind,306.8,92,R01846,4,West,Medical_Response
INC03009,N0717,Fire,None,Moderate,Moderate Wind,67.0,24,R00325;R04711,1,Southeast,Road_Closure
INC03010,N0306,Chemical Leak,Sulfur Dioxide,Moderate,Moderate Wind,103.2,76,R00847;R02286,3,South,Reroute
INC03011,N0174,Pipeline Leak,Chlorine,Critical,Moderate Wind,379.4,65,R00316;R01833,3,North,Medical_Response
INC03012,N0075,Storage Tank Leak,Chlorine,Critical,Light Wind,125.6,104,R04334;R00851,3,South,Medical_Response
INC03013,N1083,Toxic Gas Release,Nitrogen Dioxide,High,Calm,359.3,77,R03700;R04261,2,Southeast,Emergency_Response
INC03014,N1829,Explosion,None,High,Calm,33.6,100,R04423,2,North,Evacuate
INC03015,N1551,Industrial Fire,None,High,Moderate Wind,100.7,73,R04374;R01940,1,South,Medical_Response
INC03016,N0201,Vehicle Chemical Spill,Chlorine,Critical,Moderate Wind,45.0,114,R00784,3,North,Road_Closure
INC03017,N1194,Pipeline Leak,Hydrogen Sulfide,Critical,Light Wind,6.1,52,R01477,4,West,Road_Closure
INC03018,N0495,Pipeline Leak,Nitrogen Dioxide,High,Moderate Wind,94.8,31,R00502,1,Southwest,Medical_Response
INC03019,N1996,Fire,None,High,Light Wind,81.5,3,R03232;R00343;R03530,2,Southwest,Evacuate
INC03020,N1613,Vehicle Chemical Spill,Hydrogen Sulfide,High,Moderate Wind,419.5,85,R00954;R00075,5,Northeast,Road_Closure
INC03021,N0037,Industrial Fire,None,Moderate,Moderate Wind,219.4,7,R01408,3,Southeast,Road_Closure
INC03022,N0184,Vehicle Chemical Spill,Ammonia,Critical,Calm,48.7,18,R01529,2,Northwest,Shelter
INC03023,N1044,Toxic Gas Release,Nitrogen Dioxide,High,Strong Wind,106.2,63,R03035;R00894;R00676,2,Northwest,Shelter
INC03024,N1172,Industrial Fire,None,High,Strong Wind,292.8,77,R00436,2,Northeast,Road_Closure
INC03025,N1825,Vehicle Chemical Spill,Chlorine,Critical,Light Wind,14.1,103,R01485;R03693,5,Southeast,Emergency_Response
INC03026,N0257,Storage Tank Leak,Nitrogen Dioxide,High,Calm,226.5,106,R03445,1,North,Emergency_Response
INC03027,N0320,Storage Tank Leak,Sulfur Dioxide,Critical,Strong Wind,383.0,22,R04789,5,Northwest,Shelter
INC03028,N1292,Pipeline Leak,Nitrogen Dioxide,Critical,Calm,460.5,77,R02302;R00624;R04267;R00095;R02310,1,West,Medical_Response
INC03029,N0620,Storage Tank Leak,Nitrogen Dioxide,Low,Moderate Wind,159.4,72,R02594;R02371;R04250,5,Northwest,Emergency_Response
INC03030,N0681,Pipeline Leak,Hydrogen Sulfide,Critical,Calm,437.3,90,R00928,5,Southwest,Reroute
INC03031,N0920,Toxic Gas Release,Ammonia,High,Calm,298.9,12,R02461,4,South,Reroute
INC03032,N1897,Toxic Gas Release,Ammonia,High,Calm,349.3,77,R00885;R03913;R04526;R04128,5,North,Evacuate
INC03033,N1271,Fire,None,High,Light Wind,184.0,26,R03012;R02721,4,Northwest,Medical_Response
INC03034,N0562,Fire,None,Critical,Light Wind,200.1,109,R01496,1,North,Evacuate
INC03035,N0876,Pipeline Leak,Hydrogen Sulfide,High,Moderate Wind,14.1,71,R04409;R02407,5,Northwest,Shelter
INC03036,N1807,Fire,None,Moderate,Calm,382.8,16,R01923;R03624,1,Southeast,Evacuate
INC03037,N1403,Chemical Leak,Chlorine,High,Calm,303.1,8,R04028;R04573,4,Northwest,Reroute
INC03038,N0151,Explosion,None,Critical,Light Wind,311.7,102,R03698,1,Southwest,Reroute
INC03039,N0491,Explosion,None,High,Calm,325.4,3,R00805;R03763,1,Southeast,Emergency_Response
INC03040,N1130,Chemical Leak,Chlorine,High,Calm,54.6,22,R04278;R03018,5,Southeast,Reroute
INC03041,N0654,Industrial Fire,None,High,Strong Wind,133.2,73,R01896;R01741,3,South,Medical_Response
INC03042,N0511,Explosion,None,Moderate,Strong Wind,247.2,87,R01542;R00909;R04301,4,East,Road_Closure
INC03043,N1413,Industrial Fire,None,High,Strong Wind,297.7,51,R04805;R04530,1,Northeast,Road_Closure
INC03044,N1350,Chemical Leak,Hydrogen Sulfide,High,Calm,230.0,110,R02418,4,Southeast,Evacuate
INC03045,N0950,Chemical Leak,Sulfur Dioxide,Moderate,Calm,339.1,97,R00024;R00872;R00598,2,Northwest,Shelter
INC03046,N1476,Pipeline Leak,Ammonia,Low,Light Wind,35.6,81,R03635;R04062;R03119,4,Southeast,Road_Closure
INC03047,N1500,Storage Tank Leak,Chlorine,Critical,Calm,275.4,5,R00287,3,West,Evacuate
INC03048,N1511,Pipeline Leak,Chlorine,High,Moderate Wind,296.1,1,R01773,2,Northeast,Road_Closure
INC03049,N1484,Explosion,None,High,Calm,386.2,26,R00696;R04590;R00374,1,Southwest,Evacuate
INC03050,N0709,Fire,None,Critical,Strong Wind,42.1,96,R01249;R01844,5,East,Emergency_Response
INC03051,N1796,Explosion,None,Low,Moderate Wind,234.5,19,R01578;R00555;R00948;R03337,2,West,Reroute
INC03052,N0784,Toxic Gas Release,Chlorine,High,Moderate Wind,269.3,32,R04779,3,West,Emergency_Response
INC03053,N0344,Fire,None,Low,Calm,39.6,51,R02329,3,Northeast,Emergency_Response
INC03054,N1293,Toxic Gas Release,Chlorine,Critical,Strong Wind,221.1,38,R00331,5,Northwest,Shelter
INC03055,N1772,Storage Tank Leak,Ammonia,Critical,Strong Wind,332.7,100,R01366,3,Southwest,Shelter
INC03056,N0776,Industrial Fire,None,High,Strong Wind,298.3,49,R03563,5,North,Shelter
INC03057,N1526,Fire,None,Moderate,Light Wind,248.3,65,R04465;R01821;R01542,4,South,Reroute
INC03058,N1546,Industrial Fire,None,Low,Moderate Wind,414.1,89,R02697;R01488,1,Southwest,Medical_Response
INC03059,N1084,Toxic Gas Release,Ammonia,High,Light Wind,45.5,103,R01509;R04113,3,South,Emergency_Response
INC03060,N0023,Storage Tank Leak,Sulfur Dioxide,High,Calm,169.1,44,R04099,2,Southeast,Evacuate
INC03061,N0732,Chemical Leak,Nitrogen Dioxide,High,Calm,441.3,10,R02360,4,North,Road_Closure
INC03062,N0131,Industrial Fire,None,Critical,Moderate Wind,77.9,65,R03643,1,Southwest,Evacuate
INC03063,N0287,Storage Tank Leak,Chlorine,Moderate,Strong Wind,46.0,66,R04002,1,South,Reroute
INC03064,N1359,Storage Tank Leak,Chlorine,High,Calm,409.2,38,R01572;R00142;R01707;R00395,1,Southeast,Road_Closure
INC03065,N0426,Chemical Leak,Hydrogen Sulfide,Moderate,Moderate Wind,161.0,55,R01409;R00593;R04401,2,East,Evacuate
INC03066,N0423,Storage Tank Leak,Ammonia,Moderate,Moderate Wind,371.0,85,R03267;R03090,2,West,Emergency_Response
INC03067,N1766,Storage Tank Leak,Ammonia,Critical,Light Wind,42.0,102,R03554;R03839,1,Northeast,Emergency_Response
INC03068,N1751,Fire,None,High,Moderate Wind,351.3,6,R03142,1,Northwest,Road_Closure
INC03069,N0020,Vehicle Chemical Spill,Chlorine,Critical,Strong Wind,199.1,78,R01964;R02243,2,Southwest,Reroute
INC03070,N1131,Chemical Leak,Sulfur Dioxide,Moderate,Calm,232.1,43,R02825;R02215;R01233,3,West,Road_Closure
INC03071,N1331,Explosion,None,Critical,Strong Wind,409.2,52,R01392;R03728,5,East,Shelter
INC03072,N1618,Vehicle Chemical Spill,Ammonia,Moderate,Calm,11.8,79,R01202;R04483;R03186;R02004,3,East,Emergency_Response
INC03073,N0072,Vehicle Chemical Spill,Nitrogen Dioxide,Low,Light Wind,421.9,74,R03229,1,Southeast,Medical_Response
INC03074,N1269,Fire,None,Critical,Strong Wind,473.8,47,R00067;R03306,5,Southwest,Reroute
INC03075,N1880,Explosion,None,High,Light Wind,218.9,59,R02428;R03308;R03994,1,Southeast,Shelter
INC03076,N1336,Toxic Gas Release,Hydrogen Sulfide,High,Light Wind,455.7,89,R03560,2,Northeast,Medical_Response
INC03077,N0358,Pipeline Leak,Ammonia,Low,Strong Wind,212.9,77,R00881;R02131;R01233;R04287;R01076,1,Northwest,Shelter
INC03078,N1825,Storage Tank Leak,Ammonia,High,Light Wind,229.9,6,R03238;R02057;R04637;R02754,1,West,Medical_Response
INC03079,N1945,Explosion,None,High,Strong Wind,404.8,21,R02578;R00451;R04187,4,Northwest,Reroute
INC03080,N1341,Pipeline Leak,Ammonia,Critical,Calm,496.4,83,R00332;R02243,4,Northeast,Shelter
INC03081,N0173,Chemical Leak,Sulfur Dioxide,High,Strong Wind,183.8,56,R01353,3,West,Evacuate
INC03082,N0523,Storage Tank Leak,Ammonia,Moderate,Moderate Wind,29.5,68,R04719;R03167,4,Northeast,Evacuate
INC03083,N1531,Chemical Leak,Sulfur Dioxide,Critical,Moderate Wind,21.4,20,R01944;R03272;R04465,5,Northeast,Evacuate
INC03084,N1146,Chemical Leak,Hydrogen Sulfide,Moderate,Calm,344.3,11,R04675;R03652;R03033;R03797,1,Southeast,Evacuate
INC03085,N0929,Explosion,None,High,Moderate Wind,167.6,13,R01146,1,West,Reroute
INC03086,N1305,Explosion,None,Moderate,Moderate Wind,50.1,105,R02552,1,West,Medical_Response
INC03087,N1920,Fire,None,Critical,Light Wind,141.5,33,R00279,4,Northeast,Reroute
INC03088,N1156,Pipeline Leak,Hydrogen Sulfide,Critical,Strong Wind,358.3,17,R00965,2,East,Medical_Response
INC03089,N1777,Industrial Fire,None,High,Strong Wind,100.6,1,R02623,3,West,Evacuate
INC03090,N1161,Storage Tank Leak,Chlorine,Critical,Moderate Wind,312.7,79,R01381;R01971,5,West,Road_Closure
INC03091,N1309,Vehicle Chemical Spill,Hydrogen Sulfide,Moderate,Calm,474.4,51,R03842,3,Northeast,Evacuate
INC03092,N1522,Fire,None,High,Strong Wind,399.5,108,R03025;R03896;R03632;R00640,3,Southwest,Medical_Response
INC03093,N0688,Industrial Fire,None,Moderate,Calm,294.4,119,R03732,5,East,Emergency_Response
INC03094,N0053,Pipeline Leak,Chlorine,Critical,Moderate Wind,177.0,9,R02162,1,South,Reroute
INC03095,N1946,Chemical Leak,Nitrogen Dioxide,Moderate,Moderate Wind,193.6,5,R02002,2,South,Emergency_Response
INC03096,N0081,Fire,None,High,Moderate Wind,209.1,61,R02506;R02028,3,South,Shelter
INC03097,N1301,Toxic Gas Release,Nitrogen Dioxide,High,Strong Wind,138.6,107,R01829,2,Northwest,Medical_Response
INC03098,N1435,Industrial Fire,None,Critical,Light Wind,166.5,48,R01305,5,North,Evacuate
INC03099,N0925,Industrial Fire,None,Critical,Light Wind,305.2,84,R02400;R04179;R04636,5,Northwest,Medical_Response
INC03100,N1540,Explosion,None,High,Calm,114.9,64,R04226;R02913,2,Northwest,Evacuate
INC03101,N0677,Fire,None,Critical,Calm,247.5,118,R02387;R00222,4,South,Shelter
INC03102,N0069,Pipeline Leak,Hydrogen Sulfide,Critical,Strong Wind,190.2,76,R00419;R03967,1,North,Road_Closure
INC03103,N1339,Vehicle Chemical Spill,Nitrogen Dioxide,Moderate,Strong Wind,409.9,103,R03568,4,Northwest,Reroute
INC03104,N0302,Storage Tank Leak,Nitrogen Dioxide,High,Calm,28.2,65,R04679;R00980;R00991,1,Southeast,Medical_Response
INC03105,N0344,Pipeline Leak,Sulfur Dioxide,Critical,Calm,354.7,75,R03855;R00617;R00341,3,South,Evacuate
INC03106,N0949,Vehicle Chemical Spill,Hydrogen Sulfide,High,Light Wind,73.7,80,R02751;R01322,4,Southeast,Evacuate
INC03107,N1149,Storage Tank Leak,Nitrogen Dioxide,Moderate,Moderate Wind,471.7,115,R04397;R03204;R00147;R01538;R04581,1,South,Evacuate
INC03108,N0358,Vehicle Chemical Spill,Hydrogen Sulfide,Moderate,Light Wind,134.5,117,R01625;R00541;R04632,3,Southeast,Medical_Response
INC03109,N0726,Chemical Leak,Hydrogen Sulfide,Moderate,Light Wind,107.6,100,R01194;R03846,3,Southeast,Reroute
INC03110,N1749,Vehicle Chemical Spill,Sulfur Dioxide,High,Light Wind,37.9,21,R04446;R00244,4,North,Road_Closure
INC03111,N1476,Storage Tank Leak,Sulfur Dioxide,High,Strong Wind,491.7,5,R00206,4,South,Reroute
INC03112,N0441,Explosion,None,Moderate,Strong Wind,489.8,20,R04531;R01220;R00637,4,South,Reroute
INC03113,N0319,Chemical Leak,Sulfur Dioxide,Low,Light Wind,283.3,70,R02775,3,West,Shelter
INC03114,N0920,Fire,None,High,Moderate Wind,400.2,77,R04456;R00438,2,North,Emergency_Response
INC03115,N1234,Vehicle Chemical Spill,Nitrogen Dioxide,Low,Calm,367.0,11,R01016;R02954,2,Southwest,Emergency_Response
INC03116,N1543,Fire,None,High,Calm,161.1,1,R03920,3,North,Road_Closure
INC03117,N0604,Chemical Leak,Hydrogen Sulfide,Moderate,Calm,302.9,14,R04734,3,East,Road_Closure
INC03118,N0238,Vehicle Chemical Spill,Nitrogen Dioxide,Moderate,Moderate Wind,352.0,111,R03557,1,Southwest,Medical_Response
INC03119,N1323,Storage Tank Leak,Hydrogen Sulfide,High,Moderate Wind,20.3,43,R04734;R04165,2,South,Medical_Response
INC03120,N1486,Vehicle Chemical Spill,Sulfur Dioxide,Critical,Strong Wind,21.8,64,R02659,5,East,Medical_Response
INC03121,N1539,Explosion,None,Critical,Light Wind,16.3,91,R01921,3,East,Road_Closure
INC03122,N1680,Chemical Leak,Sulfur Dioxide,Moderate,Strong Wind,85.0,115,R00521;R00510;R00455;R02693,3,Northeast,Medical_Response
INC03123,N1998,Storage Tank Leak,Nitrogen Dioxide,High,Calm,89.2,77,R00830;R00743;R02757;R03187,2,West,Road_Closure
INC03124,N0973,Chemical Leak,Ammonia,High,Calm,143.0,109,R03764;R03227;R02444;R00305,1,North,Shelter
INC03125,N0557,Fire,None,High,Light Wind,66.6,69,R00525;R01022,3,Southwest,Shelter
INC03126,N1251,Industrial Fire,None,High,Moderate Wind,427.8,5,R01494;R02051,3,East,Reroute
INC03127,N1035,Industrial Fire,None,High,Calm,112.5,59,R00470;R02705;R02274;R03730,4,North,Road_Closure
INC03128,N1421,Toxic Gas Release,Ammonia,High,Moderate Wind,334.9,51,R00247,4,North,Reroute
INC03129,N1404,Industrial Fire,None,Critical,Calm,453.7,77,R03854,3,South,Road_Closure
INC03130,N0801,Toxic Gas Release,Sulfur Dioxide,Low,Light Wind,302.4,64,R02292;R01025,1,North,Road_Closure
INC03131,N0006,Vehicle Chemical Spill,Hydrogen Sulfide,Low,Calm,370.9,103,R02108,1,Northwest,Medical_Response
INC03132,N1564,Explosion,None,Critical,Light Wind,89.8,26,R01308,5,Northwest,Emergency_Response
INC03133,N0700,Industrial Fire,None,Moderate,Calm,297.3,14,R01273;R00694,3,Northwest,Shelter
INC03134,N0620,Chemical Leak,Sulfur Dioxide,Low,Calm,240.7,76,R01103;R02533,2,East,Medical_Response
INC03135,N1382,Toxic Gas Release,Nitrogen Dioxide,Critical,Calm,46.1,8,R04512;R02917;R00824,4,South,Evacuate
INC03136,N1887,Chemical Leak,Ammonia,High,Light Wind,100.9,39,R00276;R00744;R01625,5,Northwest,Road_Closure
INC03137,N0601,Pipeline Leak,Sulfur Dioxide,Low,Calm,142.8,16,R01076;R01522;R03064,4,East,Evacuate
INC03138,N1533,Toxic Gas Release,Chlorine,Critical,Light Wind,240.9,20,R04688,5,East,Shelter
INC03139,N0753,Toxic Gas Release,Hydrogen Sulfide,High,Calm,404.8,31,R02402,1,Northeast,Emergency_Response
INC03140,N1673,Industrial Fire,None,Critical,Strong Wind,444.0,104,R03319;R04578,2,Southeast,Evacuate
INC03141,N1747,Pipeline Leak,Ammonia,Moderate,Calm,417.2,30,R01163;R04083,1,Southwest,Evacuate
INC03142,N1512,Vehicle Chemical Spill,Hydrogen Sulfide,Moderate,Moderate Wind,325.4,2,R02538,2,North,Emergency_Response
INC03143,N0805,Toxic Gas Release,Chlorine,Critical,Calm,473.7,33,R01552,1,North,Reroute
INC03144,N0396,Chemical Leak,Hydrogen Sulfide,High,Moderate Wind,329.2,52,R01405,5,Southwest,Reroute
INC03145,N0927,Fire,None,Moderate,Moderate Wind,243.2,28,R01126;R00801,1,Southwest,Medical_Response
INC03146,N0987,Chemical Leak,Ammonia,Moderate,Calm,84.7,5,R02448;R04385,2,Southeast,Evacuate
INC03147,N0227,Storage Tank Leak,Nitrogen Dioxide,Moderate,Calm,125.6,57,R01566,5,Northeast,Medical_Response
INC03148,N0031,Pipeline Leak,Ammonia,High,Light Wind,400.4,23,R03722;R02601,2,West,Emergency_Response
INC03149,N0704,Storage Tank Leak,Hydrogen Sulfide,High,Light Wind,318.6,20,R03847;R04565;R04664;R00939;R02448,2,North,Emergency_Response
INC03150,N1884,Vehicle Chemical Spill,Sulfur Dioxide,Low,Light Wind,89.6,97,R01367,5,Southwest,Reroute
INC03151,N0150,Fire,None,Critical,Light Wind,98.7,22,R03770,3,Northeast,Reroute
INC03152,N0914,Vehicle Chemical Spill,Nitrogen Dioxide,High,Strong Wind,201.5,84,R02233;R00728;R04224;R00839,2,North,Road_Closure
INC03153,N0248,Vehicle Chemical Spill,Sulfur Dioxide,High,Calm,269.7,8,R01625;R04740;R02830;R02389;R04369,1,Southwest,Emergency_Response
INC03154,N0276,Chemical Leak,Nitrogen Dioxide,Critical,Moderate Wind,62.1,57,R00352,4,South,Shelter
INC03155,N0082,Industrial Fire,None,Low,Moderate Wind,476.1,101,R01404;R04136;R02055,3,North,Evacuate
INC03156,N0139,Toxic Gas Release,Hydrogen Sulfide,High,Calm,366.8,114,R03674,2,Northwest,Medical_Response
INC03157,N1611,Industrial Fire,None,High,Strong Wind,110.7,12,R02893,4,East,Reroute
INC03158,N1028,Storage Tank Leak,Nitrogen Dioxide,Moderate,Light Wind,276.3,78,R04106;R00613;R02338,4,North,Emergency_Response
INC03159,N0987,Storage Tank Leak,Sulfur Dioxide,Low,Light Wind,130.4,94,R02856;R01244,2,Southwest,Medical_Response
INC03160,N1850,Explosion,None,High,Calm,85.7,1,R01082,1,Northeast,Evacuate
INC03161,N0487,Storage Tank Leak,Nitrogen Dioxide,Critical,Light Wind,88.1,75,R00605;R00144;R01175,2,West,Reroute
INC03162,N1128,Chemical Leak,Chlorine,Low,Moderate Wind,18.0,74,R03081;R03830,5,Southwest,Shelter
INC03163,N1810,Toxic Gas Release,Chlorine,High,Moderate Wind,260.2,22,R04807;R02645;R03879;R02961,5,East,Evacuate
INC03164,N0549,Toxic Gas Release,Nitrogen Dioxide,Moderate,Strong Wind,53.0,54,R04723;R03439,2,North,Shelter
INC03165,N0147,Storage Tank Leak,Hydrogen Sulfide,High,Strong Wind,125.0,63,R01007,1,South,Reroute
INC03166,N0995,Pipeline Leak,Chlorine,Low,Strong Wind,326.5,115,R04020;R03634;R04442;R00365;R03991,3,Southwest,Shelter
INC03167,N0359,Explosion,None,High,Moderate Wind,416.0,1,R04262;R01565,3,Southwest,Shelter
INC03168,N1987,Vehicle Chemical Spill,Sulfur Dioxide,Moderate,Moderate Wind,7.6,109,R04617;R01014,4,North,Shelter
INC03169,N0210,Explosion,None,High,Moderate Wind,316.6,26,R01765;R00989;R02831;R03286,5,Northwest,Evacuate
INC03170,N1069,Explosion,None,High,Moderate Wind,263.9,17,R02807;R02099,2,South,Medical_Response
INC03171,N1455,Pipeline Leak,Sulfur Dioxide,Critical,Light Wind,428.2,19,R03476;R02629;R03957,3,Southwest,Reroute
INC03172,N0968,Pipeline Leak,Hydrogen Sulfide,Critical,Strong Wind,466.9,79,R04627;R04166,2,South,Evacuate
INC03173,N1078,Toxic Gas Release,Hydrogen Sulfide,Critical,Calm,425.6,5,R01858;R01750,4,South,Shelter
INC03174,N0471,Industrial Fire,None,High,Moderate Wind,442.4,29,R03624;R00074,4,South,Medical_Response
INC03175,N1604,Vehicle Chemical Spill,Chlorine,Moderate,Calm,93.0,6,R00713;R02694,4,West,Shelter
INC03176,N0668,Chemical Leak,Ammonia,Moderate,Light Wind,422.1,108,R00015,2,West,Evacuate
INC03177,N0111,Vehicle Chemical Spill,Nitrogen Dioxide,High,Strong Wind,188.2,65,R04699;R00984,1,East,Medical_Response
INC03178,N0582,Explosion,None,High,Calm,487.1,34,R04126;R01645,5,Northeast,Shelter
INC03179,N1736,Fire,None,Moderate,Strong Wind,458.6,99,R01728,1,North,Evacuate
INC03180,N0026,Explosion,None,Low,Moderate Wind,322.0,61,R04450;R01417;R04681;R00347,5,Northwest,Reroute
INC03181,N0888,Pipeline Leak,Chlorine,High,Calm,171.3,3,R03283;R02764,1,North,Evacuate
INC03182,N1334,Industrial Fire,None,Critical,Moderate Wind,432.5,43,R03653;R00614;R00027;R04507;R03357,1,Northwest,Emergency_Response
INC03183,N1208,Fire,None,Critical,Light Wind,312.2,2,R01145;R00592;R02614;R04691,5,Northeast,Emergency_Response
INC03184,N0454,Industrial Fire,None,Low,Strong Wind,67.0,90,R03761;R00940,4,East,Emergency_Response
INC03185,N0120,Chemical Leak,Hydrogen Sulfide,High,Calm,362.6,113,R02779;R04025,3,Northeast,Emergency_Response
INC03186,N1055,Pipeline Leak,Ammonia,High,Light Wind,125.4,119,R00329,1,Northwest,Reroute
INC03187,N0419,Pipeline Leak,Sulfur Dioxide,Critical,Calm,481.2,48,R00175,1,Southwest,Shelter
INC03188,N1095,Vehicle Chemical Spill,Hydrogen Sulfide,Moderate,Light Wind,82.3,16,R00942;R01466;R00564,3,North,Road_Closure
INC03189,N0392,Toxic Gas Release,Sulfur Dioxide,High,Moderate Wind,149.9,40,R00372,2,West,Shelter
INC03190,N0839,Pipeline Leak,Chlorine,Critical,Strong Wind,370.6,104,R00681;R04383;R02140,1,East,Emergency_Response
INC03191,N1916,Fire,None,Critical,Calm,102.3,8,R03879,3,North,Shelter
INC03192,N1455,Explosion,None,High,Calm,406.8,92,R02222;R01015;R04640;R03699,4,Northwest,Evacuate
INC03193,N0683,Toxic Gas Release,Ammonia,Critical,Strong Wind,129.9,92,R01876,4,North,Emergency_Response
INC03194,N0722,Vehicle Chemical Spill,Chlorine,Moderate,Moderate Wind,213.4,65,R01089,4,North,Emergency_Response
INC03195,N0527,Fire,None,Critical,Light Wind,135.4,111,R02881,4,Southwest,Emergency_Response
INC03196,N1950,Explosion,None,Low,Strong Wind,423.7,110,R03963;R02398,4,Northwest,Evacuate
INC03197,N1311,Storage Tank Leak,Sulfur Dioxide,Critical,Calm,74.9,51,R02126;R00817;R01952,2,West,Road_Closure
INC03198,N0515,Industrial Fire,None,Critical,Moderate Wind,104.1,48,R03599,2,Northwest,Emergency_Response
INC03199,N1691,Industrial Fire,None,Critical,Calm,206.5,107,R04483;R01093;R03158,5,Southeast,Reroute
INC03200,N0870,Toxic Gas Release,Hydrogen Sulfide,Moderate,Light Wind,208.4,66,R02313,4,Northwest,Road_Closure
INC03201,N1816,Vehicle Chemical Spill,Chlorine,High,Light Wind,341.2,63,R02525,4,Northwest,Medical_Response
INC03202,N1149,Pipeline Leak,Nitrogen Dioxide,High,Moderate Wind,372.3,114,R00966;R03029;R03774,2,Southeast,Shelter
INC03203,N1797,Explosion,None,Low,Calm,103.8,62,R02070;R01700,2,Northeast,Emergency_Response
INC03204,N0290,Vehicle Chemical Spill,Sulfur Dioxide,High,Strong Wind,231.3,18,R02358,4,Southeast,Emergency_Response
INC03205,N1775,Fire,None,Moderate,Calm,262.8,118,R00336,5,Northwest,Shelter
INC03206,N1187,Fire,None,Low,Strong Wind,376.3,25,R00236;R04453;R01327,5,Southeast,Reroute
INC03207,N1895,Pipeline Leak,Nitrogen Dioxide,High,Calm,199.5,54,R02948,1,Northwest,Shelter
INC03208,N0143,Storage Tank Leak,Nitrogen Dioxide,High,Light Wind,363.2,87,R03245,3,Northwest,Road_Closure
INC03209,N1014,Toxic Gas Release,Chlorine,Moderate,Light Wind,355.9,96,R04018;R02105,3,Northwest,Emergency_Response
INC03210,N1801,Pipeline Leak,Ammonia,Critical,Moderate Wind,341.7,9,R00958;R00114;R01494,3,East,Emergency_Response
INC03211,N1083,Industrial Fire,None,High,Light Wind,108.4,76,R01062,5,West,Shelter
INC03212,N0212,Chemical Leak,Nitrogen Dioxide,High,Light Wind,106.9,96,R03787,1,South,Shelter
INC03213,N1712,Industrial Fire,None,Moderate,Calm,460.4,85,R01294;R04079;R00680,5,Southeast,Road_Closure
INC03214,N0569,Chemical Leak,Nitrogen Dioxide,High,Calm,78.0,73,R01550;R04782;R03409,3,Northeast,Road_Closure
INC03215,N0965,Fire,None,High,Strong Wind,107.4,12,R03558;R01680,2,Northeast,Shelter
INC03216,N1280,Storage Tank Leak,Ammonia,Moderate,Calm,332.7,64,R00901;R04739;R03374;R02054;R02078,2,North,Reroute
INC03217,N0393,Pipeline Leak,Chlorine,Low,Strong Wind,378.1,85,R02962;R04254,5,Northeast,Emergency_Response
INC03218,N1338,Explosion,None,High,Strong Wind,347.8,108,R03818,5,West,Shelter
INC03219,N0200,Industrial Fire,None,Low,Strong Wind,387.4,24,R02879;R02431;R03776;R01902;R03153,4,South,Reroute
INC03220,N0644,Fire,None,Low,Calm,470.4,32,R01941,1,East,Reroute
INC03221,N1814,Toxic Gas Release,Ammonia,High,Calm,131.0,24,R01158;R02075,4,Southwest,Medical_Response
INC03222,N0473,Chemical Leak,Chlorine,High,Calm,42.4,79,R00069;R03457,2,East,Reroute
INC03223,N0840,Explosion,None,High,Light Wind,168.0,27,R02014;R04461,4,North,Reroute
INC03224,N1857,Toxic Gas Release,Hydrogen Sulfide,Moderate,Strong Wind,291.2,90,R00521;R00429;R02774;R00440,4,North,Shelter
INC03225,N0195,Vehicle Chemical Spill,Sulfur Dioxide,High,Calm,126.4,112,R04378,4,West,Road_Closure
INC03226,N0383,Industrial Fire,None,Critical,Strong Wind,427.3,118,R00215,5,Southwest,Emergency_Response
INC03227,N0083,Pipeline Leak,Chlorine,Moderate,Strong Wind,472.0,117,R04746;R01892;R03428,2,South,Shelter
INC03228,N0074,Fire,None,High,Strong Wind,12.6,44,R03140;R02425;R03561;R04307,2,Southwest,Shelter
INC03229,N0284,Pipeline Leak,Sulfur Dioxide,Low,Moderate Wind,131.4,45,R03701,4,East,Emergency_Response
INC03230,N0071,Pipeline Leak,Chlorine,Moderate,Moderate Wind,451.2,49,R02571,3,West,Evacuate
INC03231,N0181,Chemical Leak,Ammonia,Moderate,Calm,88.7,119,R00514,1,East,Evacuate
INC03232,N0388,Pipeline Leak,Sulfur Dioxide,Critical,Light Wind,365.5,53,R00220;R03257;R04704;R03175;R01709,3,West,Evacuate
INC03233,N0882,Toxic Gas Release,Chlorine,High,Calm,356.1,90,R02022;R00937,5,North,Evacuate
INC03234,N0556,Vehicle Chemical Spill,Sulfur Dioxide,Critical,Strong Wind,378.0,79,R01177;R01419,5,North,Medical_Response
INC03235,N0537,Chemical Leak,Chlorine,High,Strong Wind,109.5,82,R01544;R00404;R02327;R01138,2,Northeast,Shelter
INC03236,N0106,Chemical Leak,Chlorine,Moderate,Strong Wind,332.7,59,R00791;R01122;R01078;R01852;R02455,4,Northeast,Reroute
INC03237,N0036,Storage Tank Leak,Sulfur Dioxide,Low,Light Wind,186.5,20,R02233;R02534;R00427,4,Northwest,Reroute
INC03238,N0015,Explosion,None,High,Moderate Wind,484.2,49,R02371;R00283,1,South,Road_Closure
INC03239,N0389,Chemical Leak,Sulfur Dioxide,Moderate,Calm,369.6,103,R02057;R00477;R02834,5,Southeast,Road_Closure
INC03240,N0586,Pipeline Leak,Hydrogen Sulfide,High,Moderate Wind,420.7,1,R01818,3,Southeast,Evacuate
INC03241,N0233,Pipeline Leak,Hydrogen Sulfide,Moderate,Strong Wind,268.5,117,R04338;R01807,1,Southeast,Shelter
INC03242,N0885,Vehicle Chemical Spill,Hydrogen Sulfide,Critical,Calm,326.8,112,R02900;R00857,1,North,Shelter
INC03243,N0028,Explosion,None,High,Moderate Wind,360.4,108,R02646,4,Southeast,Road_Closure
INC03244,N0723,Pipeline Leak,Hydrogen Sulfide,Moderate,Light Wind,166.2,76,R00700;R02509,5,North,Emergency_Response
INC03245,N1097,Vehicle Chemical Spill,Sulfur Dioxide,Moderate,Light Wind,368.1,96,R04804;R01751,5,Southeast,Evacuate
INC03246,N0147,Pipeline Leak,Nitrogen Dioxide,Moderate,Strong Wind,174.1,86,R03919;R00166,2,Southwest,Emergency_Response
INC03247,N0267,Vehicle Chemical Spill,Sulfur Dioxide,Critical,Light Wind,218.8,3,R03153,5,East,Medical_Response
INC03248,N1080,Fire,None,Low,Calm,419.8,76,R00557;R01961;R02662,5,Southeast,Medical_Response
INC03249,N0146,Fire,None,High,Light Wind,59.4,81,R04205,1,East,Road_Closure
INC03250,N1728,Chemical Leak,Ammonia,Low,Calm,177.5,111,R04301;R02755;R03921,3,Southwest,Shelter
INC03251,N1321,Fire,None,Critical,Moderate Wind,451.2,9,R04091;R03224;R04541;R03058,5,Southeast,Reroute
INC03252,N0810,Storage Tank Leak,Chlorine,Moderate,Calm,374.3,24,R04607,2,Southeast,Emergency_Response
INC03253,N1879,Vehicle Chemical Spill,Ammonia,Moderate,Strong Wind,294.8,24,R02829,4,Northeast,Evacuate
INC03254,N0809,Storage Tank Leak,Sulfur Dioxide,Moderate,Strong Wind,268.0,5,R03084,4,Northwest,Evacuate
INC03255,N0522,Explosion,None,High,Calm,249.9,100,R00307;R00029,2,Northwest,Emergency_Response
INC03256,N1090,Storage Tank Leak,Chlorine,Critical,Calm,166.2,8,R01992,3,Southeast,Shelter
INC03257,N1512,Fire,None,Moderate,Moderate Wind,365.5,66,R01014;R01069;R01494,2,Southeast,Road_Closure
INC03258,N1768,Pipeline Leak,Ammonia,Critical,Moderate Wind,204.4,103,R02729,2,Northeast,Shelter
INC03259,N1246,Storage Tank Leak,Nitrogen Dioxide,Critical,Light Wind,474.8,47,R00722,2,East,Shelter
INC03260,N0254,Fire,None,High,Strong Wind,58.0,95,R01273;R02783;R03546,1,East,Emergency_Response
INC03261,N0218,Toxic Gas Release,Hydrogen Sulfide,High,Light Wind,361.2,65,R00796;R04657;R03303,4,Southeast,Evacuate
INC03262,N0870,Vehicle Chemical Spill,Chlorine,Moderate,Moderate Wind,37.3,4,R04665,2,West,Road_Closure
INC03263,N1076,Toxic Gas Release,Hydrogen Sulfide,High,Calm,466.6,95,R00997;R04103,5,Southwest,Emergency_Response
INC03264,N0152,Pipeline Leak,Chlorine,High,Light Wind,393.6,109,R00233,1,West,Medical_Response
INC03265,N1334,Vehicle Chemical Spill,Chlorine,Critical,Calm,275.1,90,R04305,5,Southeast,Road_Closure
INC03266,N0940,Vehicle Chemical Spill,Chlorine,High,Calm,78.5,100,R03621;R00864;R00382,3,West,Evacuate
INC03267,N0759,Toxic Gas Release,Hydrogen Sulfide,Moderate,Calm,353.6,47,R00019,4,South,Evacuate
INC03268,N0744,Storage Tank Leak,Sulfur Dioxide,High,Strong Wind,265.2,88,R02556,1,West,Reroute
INC03269,N0627,Industrial Fire,None,Critical,Light Wind,162.4,107,R03787;R00909,4,South,Medical_Response
INC03270,N0560,Chemical Leak,Nitrogen Dioxide,Moderate,Light Wind,343.2,1,R03720;R00976;R03005;R01576,3,West,Medical_Response
INC03271,N1865,Toxic Gas Release,Hydrogen Sulfide,Low,Calm,457.4,99,R02668,1,Southwest,Medical_Response
INC03272,N1115,Toxic Gas Release,Sulfur Dioxide,High,Strong Wind,187.5,40,R02610;R01824,2,Northeast,Reroute
INC03273,N1575,Industrial Fire,None,Moderate,Light Wind,89.0,44,R01794,2,South,Road_Closure
INC03274,N0645,Pipeline Leak,Ammonia,High,Light Wind,416.7,31,R01646,2,South,Road_Closure
INC03275,N0909,Fire,None,Low,Strong Wind,402.4,67,R02865;R02985;R01294;R03732,3,West,Road_Closure
INC03276,N1560,Pipeline Leak,Nitrogen Dioxide,Critical,Moderate Wind,238.9,20,R01000;R01872;R00217,2,Northwest,Evacuate
INC03277,N1778,Explosion,None,Critical,Moderate Wind,418.2,12,R00879,1,Northeast,Emergency_Response
INC03278,N0383,Toxic Gas Release,Sulfur Dioxide,High,Moderate Wind,238.2,48,R03226,1,East,Shelter
INC03279,N1626,Storage Tank Leak,Sulfur Dioxide,Critical,Light Wind,257.2,61,R04646,4,Southeast,Emergency_Response
INC03280,N1839,Toxic Gas Release,Ammonia,Moderate,Light Wind,210.9,90,R03433;R04002,2,East,Evacuate
INC03281,N0556,Industrial Fire,None,High,Moderate Wind,5.1,104,R01768;R01111;R02279,3,West,Reroute
INC03282,N0745,Explosion,None,Low,Moderate Wind,333.2,79,R00258,3,Northeast,Medical_Response
INC03283,N1117,Chemical Leak,Chlorine,High,Calm,175.8,21,R03778;R01888;R03180,3,West,Road_Closure
INC03284,N1204,Toxic Gas Release,Hydrogen Sulfide,High,Calm,362.9,111,R01111;R02430,1,Southwest,Road_Closure
INC03285,N1822,Chemical Leak,Sulfur Dioxide,High,Strong Wind,394.6,95,R04366;R04148;R00416;R03413;R02138,1,Southeast,Emergency_Response
INC03286,N0072,Fire,None,Moderate,Calm,203.2,11,R03497;R00094,1,East,Reroute
INC03287,N0733,Industrial Fire,None,Low,Moderate Wind,372.9,64,R02562;R02596,5,Southeast,Road_Closure
INC03288,N1571,Pipeline Leak,Sulfur Dioxide,High,Moderate Wind,207.9,41,R01651;R02322,3,Northwest,Reroute
INC03289,N0675,Chemical Leak,Hydrogen Sulfide,Moderate,Light Wind,203.0,105,R01683,3,West,Evacuate
INC03290,N1351,Chemical Leak,Chlorine,High,Moderate Wind,471.3,101,R02100;R04031;R03367;R01202;R00726,2,Northeast,Reroute
INC03291,N1900,Toxic Gas Release,Sulfur Dioxide,High,Light Wind,187.0,73,R00336,5,West,Evacuate
INC03292,N0673,Industrial Fire,None,Moderate,Strong Wind,211.7,101,R02865,5,Northwest,Medical_Response
INC03293,N0773,Toxic Gas Release,Ammonia,Critical,Calm,478.2,105,R00497,3,North,Evacuate
INC03294,N0992,Explosion,None,Low,Light Wind,207.0,91,R02715,4,Southeast,Road_Closure
INC03295,N1870,Pipeline Leak,Chlorine,High,Calm,250.9,24,R02405,4,Northwest,Medical_Response
INC03296,N0213,Toxic Gas Release,Sulfur Dioxide,Moderate,Light Wind,91.1,95,R00836;R02648;R01472,5,Northeast,Road_Closure
INC03297,N1894,Toxic Gas Release,Hydrogen Sulfide,High,Moderate Wind,264.8,97,R04674;R03554,5,East,Reroute
INC03298,N0328,Toxic Gas Release,Nitrogen Dioxide,High,Moderate Wind,295.5,104,R01147;R01543;R00392;R04088,4,Northwest,Evacuate
INC03299,N1523,Toxic Gas Release,Nitrogen Dioxide,High,Light Wind,428.3,25,R01345,4,Northwest,Shelter
INC03300,N1804,Industrial Fire,None,Critical,Strong Wind,306.5,71,R02131,4,Southeast,Reroute
INC03301,N1838,Fire,None,Critical,Moderate Wind,51.2,56,R02204;R02673,3,North,Shelter
INC03302,N1289,Explosion,None,High,Light Wind,211.3,15,R03053;R02308,3,Northwest,Shelter
INC03303,N1543,Explosion,None,High,Calm,57.4,13,R02550,5,Northeast,Medical_Response
INC03304,N1230,Explosion,None,Critical,Calm,393.3,70,R01574;R02663;R01217,5,East,Evacuate
INC03305,N1446,Pipeline Leak,Ammonia,Moderate,Light Wind,55.5,14,R04301,1,South,Shelter
INC03306,N0872,Pipeline Leak,Sulfur Dioxide,High,Calm,207.7,90,R00821;R04685,2,North,Reroute
INC03307,N1018,Pipeline Leak,Ammonia,Critical,Calm,128.6,98,R01898;R04115;R00013,5,North,Medical_Response
INC03308,N0695,Fire,None,High,Light Wind,77.2,79,R03605;R04783,4,South,Shelter
INC03309,N1992,Chemical Leak,Hydrogen Sulfide,Moderate,Moderate Wind,72.6,53,R04100,2,South,Reroute
INC03310,N0943,Toxic Gas Release,Chlorine,Critical,Strong Wind,65.2,9,R03214,2,East,Reroute
INC03311,N1800,Vehicle Chemical Spill,Sulfur Dioxide,Moderate,Light Wind,467.4,115,R02253;R02511;R02423;R01555,1,Southeast,Reroute
INC03312,N1780,Fire,None,Critical,Strong Wind,205.3,92,R03320,1,South,Evacuate
INC03313,N0472,Fire,None,Critical,Calm,181.2,58,R04606;R00408;R02710;R00464,4,South,Medical_Response
INC03314,N1028,Chemical Leak,Nitrogen Dioxide,High,Strong Wind,143.3,89,R03771,5,North,Road_Closure
INC03315,N0725,Vehicle Chemical Spill,Chlorine,Moderate,Calm,116.1,84,R03881,3,Northeast,Shelter
INC03316,N1263,Industrial Fire,None,Moderate,Light Wind,185.7,70,R01132,1,East,Reroute
INC03317,N1147,Vehicle Chemical Spill,Sulfur Dioxide,High,Strong Wind,334.3,81,R01410,2,West,Medical_Response
INC03318,N0821,Pipeline Leak,Sulfur Dioxide,Moderate,Moderate Wind,421.0,64,R02044;R02069;R00775,4,West,Reroute
INC03319,N0423,Vehicle Chemical Spill,Nitrogen Dioxide,Moderate,Light Wind,24.1,2,R02175,3,East,Evacuate
INC03320,N0371,Toxic Gas Release,Hydrogen Sulfide,Moderate,Light Wind,249.8,81,R03698,4,North,Emergency_Response
INC03321,N0202,Storage Tank Leak,Hydrogen Sulfide,Moderate,Light Wind,10.0,96,R01935;R00528,4,Southwest,Shelter
INC03322,N0923,Explosion,None,High,Moderate Wind,19.6,108,R00026,3,Northwest,Reroute
INC03323,N0671,Pipeline Leak,Hydrogen Sulfide,Critical,Moderate Wind,240.8,58,R00414,5,Southeast,Shelter
INC03324,N0008,Storage Tank Leak,Nitrogen Dioxide,Critical,Light Wind,347.3,87,R02761,2,West,Road_Closure
INC03325,N0636,Chemical Leak,Ammonia,High,Moderate Wind,53.5,119,R01292;R04414,2,Northwest,Road_Closure
INC03326,N1845,Storage Tank Leak,Chlorine,High,Light Wind,286.3,49,R01008,1,South,Reroute
INC03327,N0990,Pipeline Leak,Chlorine,Moderate,Moderate Wind,296.4,63,R00692,1,Southwest,Medical_Response
INC03328,N1183,Storage Tank Leak,Nitrogen Dioxide,Critical,Light Wind,443.6,80,R04461;R04034;R02421,3,Northwest,Medical_Response
INC03329,N1068,Storage Tank Leak,Nitrogen Dioxide,Moderate,Strong Wind,351.1,23,R00531;R02721;R01201,2,Southeast,Evacuate
INC03330,N1307,Explosion,None,High,Moderate Wind,292.5,108,R01823;R04538;R04281;R02520;R03513,2,South,Evacuate
INC03331,N1704,Storage Tank Leak,Ammonia,Low,Light Wind,258.5,95,R03842;R03001,2,East,Emergency_Response
INC03332,N0593,Storage Tank Leak,Chlorine,High,Light Wind,89.2,29,R04347;R01640,1,Southwest,Reroute
INC03333,N0489,Pipeline Leak,Ammonia,High,Calm,5.4,103,R02537,2,Northwest,Medical_Response
INC03334,N0491,Fire,None,High,Strong Wind,265.1,99,R01868,3,West,Medical_Response
INC03335,N1413,Pipeline Leak,Hydrogen Sulfide,High,Strong Wind,82.3,56,R04316,1,North,Medical_Response
INC03336,N1232,Chemical Leak,Nitrogen Dioxide,Moderate,Calm,484.7,36,R04435,5,Northeast,Evacuate
INC03337,N0828,Explosion,None,Moderate,Moderate Wind,146.6,88,R01612;R02440,5,Northeast,Medical_Response
INC03338,N0606,Storage Tank Leak,Nitrogen Dioxide,Low,Light Wind,470.9,103,R04171;R00982,2,West,Evacuate
INC03339,N0064,Explosion,None,Moderate,Strong Wind,160.3,86,R03732;R00883,3,South,Reroute
INC03340,N0961,Explosion,None,High,Light Wind,277.3,15,R02112;R03327,3,Northwest,Shelter
INC03341,N0133,Storage Tank Leak,Sulfur Dioxide,High,Calm,320.1,77,R01984;R02213;R00914;R00470,4,Southwest,Evacuate
INC03342,N0314,Vehicle Chemical Spill,Ammonia,Critical,Calm,24.2,24,R01791;R02324;R00441,1,Southwest,Emergency_Response
INC03343,N1499,Chemical Leak,Sulfur Dioxide,High,Calm,220.4,114,R01556,5,East,Emergency_Response
INC03344,N0762,Toxic Gas Release,Hydrogen Sulfide,Moderate,Light Wind,408.0,77,R03370;R03324,1,Southwest,Emergency_Response
INC03345,N1090,Toxic Gas Release,Chlorine,Moderate,Calm,45.6,36,R00753,1,North,Evacuate
INC03346,N0151,Chemical Leak,Sulfur Dioxide,Moderate,Moderate Wind,5.3,12,R02531,3,Northwest,Evacuate
INC03347,N0337,Pipeline Leak,Sulfur Dioxide,Critical,Light Wind,135.5,35,R03783,5,Southeast,Emergency_Response
INC03348,N1186,Storage Tank Leak,Chlorine,High,Strong Wind,147.5,37,R02247;R03164;R04487;R02081,4,North,Shelter
INC03349,N1155,Vehicle Chemical Spill,Ammonia,Moderate,Moderate Wind,494.3,15,R00594;R01432;R00764,3,Northwest,Medical_Response
INC03350,N0537,Storage Tank Leak,Ammonia,High,Light Wind,182.9,106,R04607;R01549;R00457;R02465;R04550,5,South,Medical_Response
INC03351,N0735,Storage Tank Leak,Chlorine,High,Moderate Wind,229.2,10,R00511,3,Northwest,Reroute
INC03352,N0938,Storage Tank Leak,Ammonia,High,Moderate Wind,20.4,84,R00564,1,Southwest,Reroute
INC03353,N1113,Storage Tank Leak,Hydrogen Sulfide,Low,Strong Wind,169.6,80,R01443;R03220;R02057;R01166,1,East,Road_Closure
INC03354,N0263,Industrial Fire,None,Critical,Light Wind,260.7,102,R00394,2,Northeast,Road_Closure
INC03355,N1382,Vehicle Chemical Spill,Sulfur Dioxide,Moderate,Light Wind,194.6,27,R00396,5,Northwest,Road_Closure
INC03356,N0208,Chemical Leak,Chlorine,Moderate,Calm,219.4,24,R04249,1,North,Evacuate
INC03357,N1149,Explosion,None,Moderate,Light Wind,408.4,106,R02552,3,West,Shelter
INC03358,N1387,Explosion,None,Moderate,Light Wind,12.9,36,R02909;R02839;R00347,3,East,Reroute
INC03359,N1728,Explosion,None,Moderate,Light Wind,118.5,52,R04660;R01296;R04146;R02962,4,Southwest,Evacuate
INC03360,N1089,Toxic Gas Release,Chlorine,High,Light Wind,311.2,6,R00920,3,East,Road_Closure
INC03361,N1415,Toxic Gas Release,Ammonia,Critical,Moderate Wind,10.2,104,R04669,5,Northwest,Emergency_Response
INC03362,N1486,Explosion,None,Moderate,Light Wind,95.3,30,R03318,5,Southeast,Road_Closure
INC03363,N1843,Industrial Fire,None,Moderate,Calm,251.4,11,R04181,5,Southeast,Road_Closure
INC03364,N0712,Vehicle Chemical Spill,Hydrogen Sulfide,High,Light Wind,128.0,18,R00687,5,Southwest,Medical_Response
INC03365,N1472,Vehicle Chemical Spill,Nitrogen Dioxide,High,Calm,24.7,103,R02449;R03649,2,South,Evacuate
INC03366,N0463,Fire,None,Low,Calm,446.4,67,R00368,1,Northwest,Reroute
INC03367,N0426,Fire,None,High,Strong Wind,277.8,15,R04317,4,West,Evacuate
INC03368,N1180,Industrial Fire,None,Moderate,Moderate Wind,342.1,97,R02338,5,Northwest,Road_Closure
INC03369,N1321,Vehicle Chemical Spill,Sulfur Dioxide,Low,Calm,167.7,68,R04593,5,South,Reroute
INC03370,N0213,Explosion,None,High,Strong Wind,434.0,115,R01479;R02619,2,Northwest,Road_Closure
INC03371,N1517,Vehicle Chemical Spill,Hydrogen Sulfide,High,Light Wind,381.6,86,R02688;R00139,5,Southwest,Reroute
INC03372,N0333,Industrial Fire,None,Low,Strong Wind,48.0,118,R03574,5,Southeast,Evacuate
INC03373,N0706,Chemical Leak,Ammonia,Low,Light Wind,287.0,113,R02048;R03142,3,West,Reroute
INC03374,N1111,Toxic Gas Release,Sulfur Dioxide,High,Light Wind,320.2,53,R03579,1,North,Evacuate
INC03375,N1178,Pipeline Leak,Hydrogen Sulfide,Moderate,Light Wind,452.6,93,R03747;R02153,4,Northwest,Medical_Response
INC03376,N0557,Chemical Leak,Hydrogen Sulfide,Critical,Light Wind,429.9,116,R02494;R03283;R02979,3,Northeast,Reroute
INC03377,N1132,Storage Tank Leak,Chlorine,Critical,Calm,426.8,28,R04001;R03001;R00577;R04097,1,Southeast,Reroute
INC03378,N0511,Fire,None,High,Light Wind,469.8,43,R01155;R02063,1,South,Evacuate
INC03379,N0981,Vehicle Chemical Spill,Sulfur Dioxide,Critical,Light Wind,15.7,98,R03016,5,East,Road_Closure
INC03380,N0581,Vehicle Chemical Spill,Chlorine,High,Strong Wind,449.3,94,R00293;R01185,3,East,Reroute
INC03381,N1041,Pipeline Leak,Hydrogen Sulfide,High,Strong Wind,230.0,66,R00430;R00541,1,Southwest,Emergency_Response
INC03382,N0045,Toxic Gas Release,Sulfur Dioxide,High,Light Wind,173.1,4,R03044;R02403,5,North,Emergency_Response
INC03383,N1624,Toxic Gas Release,Ammonia,High,Moderate Wind,395.1,98,R01428,2,Southeast,Shelter
INC03384,N1636,Pipeline Leak,Chlorine,Critical,Calm,400.0,114,R02271,5,Northeast,Medical_Response
INC03385,N0960,Pipeline Leak,Sulfur Dioxide,Moderate,Light Wind,33.4,82,R00118;R00724,2,West,Road_Closure
INC03386,N0946,Industrial Fire,None,High,Moderate Wind,391.4,44,R00636;R03422,2,Southeast,Emergency_Response
INC03387,N1500,Pipeline Leak,Nitrogen Dioxide,Low,Calm,190.7,85,R02266;R00522,4,Southwest,Reroute
INC03388,N1004,Vehicle Chemical Spill,Sulfur Dioxide,Moderate,Light Wind,144.1,60,R03791,5,Northwest,Shelter
INC03389,N1095,Toxic Gas Release,Nitrogen Dioxide,High,Moderate Wind,475.0,31,R03398;R04291,1,North,Evacuate
INC03390,N0020,Chemical Leak,Sulfur Dioxide,High,Calm,322.3,58,R04288;R00041,1,South,Evacuate
INC03391,N1542,Toxic Gas Release,Ammonia,Low,Light Wind,227.6,22,R03800;R00899;R03423,2,North,Road_Closure
INC03392,N1396,Explosion,None,High,Moderate Wind,458.5,13,R00510;R02900,3,Southwest,Emergency_Response
INC03393,N0903,Vehicle Chemical Spill,Hydrogen Sulfide,Moderate,Calm,189.4,45,R00393,1,West,Shelter
INC03394,N0133,Explosion,None,Critical,Strong Wind,87.0,65,R00635,3,Southeast,Medical_Response
INC03395,N1771,Vehicle Chemical Spill,Nitrogen Dioxide,High,Calm,150.7,42,R00615;R01092,5,East,Medical_Response
INC03396,N0244,Explosion,None,Low,Strong Wind,41.7,31,R03524,3,Northwest,Shelter
INC03397,N0544,Industrial Fire,None,High,Calm,101.9,108,R02986;R02095;R02454;R04428,5,Northwest,Medical_Response
INC03398,N1516,Explosion,None,Low,Calm,343.1,2,R02293;R00545,4,East,Evacuate
INC03399,N0834,Storage Tank Leak,Nitrogen Dioxide,High,Moderate Wind,117.0,69,R03799;R02319;R03564,4,East,Reroute
INC03400,N0797,Pipeline Leak,Chlorine,High,Moderate Wind,239.7,69,R04004,2,Northeast,Medical_Response
INC03401,N1749,Storage Tank Leak,Nitrogen Dioxide,High,Strong Wind,161.5,86,R02158;R02016,1,Southwest,Evacuate
INC03402,N0383,Chemical Leak,Chlorine,High,Moderate Wind,27.7,30,R00360,1,North,Medical_Response
INC03403,N0725,Explosion,None,Moderate,Light Wind,302.3,76,R01597;R02555,1,West,Evacuate
INC03404,N0585,Chemical Leak,Hydrogen Sulfide,Low,Strong Wind,205.0,85,R03252,2,Southwest,Shelter
INC03405,N0674,Fire,None,Low,Strong Wind,264.6,73,R04573,1,North,Medical_Response
INC03406,N0823,Pipeline Leak,Sulfur Dioxide,Critical,Calm,277.0,4,R03783,3,South,Medical_Response
INC03407,N0996,Explosion,None,Moderate,Calm,221.6,101,R04079,4,North,Evacuate
INC03408,N0510,Toxic Gas Release,Nitrogen Dioxide,Low,Calm,197.2,48,R00172;R02815,2,Southwest,Reroute
INC03409,N0181,Fire,None,Critical,Light Wind,10.6,79,R00698,2,North,Emergency_Response
INC03410,N1301,Industrial Fire,None,Low,Strong Wind,67.2,40,R00812,3,Southwest,Medical_Response
INC03411,N1235,Fire,None,High,Calm,191.1,62,R03348,3,Northwest,Medical_Response
INC03412,N0365,Chemical Leak,Chlorine,Moderate,Moderate Wind,75.2,100,R02445;R03434,4,North,Evacuate
INC03413,N0007,Toxic Gas Release,Ammonia,Moderate,Light Wind,40.5,111,R03461;R00669;R01590,3,West,Road_Closure
INC03414,N0726,Fire,None,High,Moderate Wind,85.6,67,R03037;R00684;R01557;R02378,1,West,Medical_Response
INC03415,N1426,Fire,None,Moderate,Moderate Wind,310.9,9,R02161;R00021,5,South,Shelter
INC03416,N1378,Toxic Gas Release,Chlorine,High,Light Wind,391.2,70,R00312;R00849,2,North,Reroute
INC03417,N1617,Storage Tank Leak,Nitrogen Dioxide,Critical,Strong Wind,211.8,81,R04150,2,Northeast,Emergency_Response
INC03418,N1241,Explosion,None,High,Moderate Wind,128.1,24,R01432;R03770;R04054,2,South,Shelter
INC03419,N0681,Chemical Leak,Nitrogen Dioxide,High,Calm,420.1,109,R00811;R01444;R01187;R00547,2,West,Shelter
INC03420,N1301,Industrial Fire,None,High,Strong Wind,208.3,26,R03410,2,South,Shelter
INC03421,N0967,Fire,None,High,Calm,36.0,61,R01635;R01190,2,Northwest,Emergency_Response
INC03422,N0543,Pipeline Leak,Hydrogen Sulfide,Moderate,Light Wind,486.9,100,R02100;R01264,3,Southeast,Shelter
INC03423,N1333,Chemical Leak,Chlorine,High,Strong Wind,47.5,73,R00197,1,Southwest,Medical_Response
INC03424,N0827,Chemical Leak,Ammonia,Critical,Moderate Wind,332.2,99,R03991,4,South,Road_Closure
INC03425,N0287,Pipeline Leak,Ammonia,Moderate,Moderate Wind,266.4,108,R04173;R03545;R02396,2,North,Medical_Response
INC03426,N0320,Toxic Gas Release,Ammonia,High,Strong Wind,463.0,28,R01286;R04415;R01121,3,North,Medical_Response
INC03427,N1596,Pipeline Leak,Hydrogen Sulfide,Critical,Strong Wind,215.5,92,R03676,5,North,Medical_Response
INC03428,N1188,Pipeline Leak,Hydrogen Sulfide,Low,Strong Wind,325.2,106,R03768,5,Northwest,Shelter
INC03429,N0238,Vehicle Chemical Spill,Chlorine,High,Strong Wind,28.6,11,R04600;R03430,5,Southeast,Road_Closure
INC03430,N1776,Industrial Fire,None,Critical,Moderate Wind,87.7,84,R00459;R03870,2,Southeast,Reroute
INC03431,N0127,Industrial Fire,None,High,Moderate Wind,412.1,69,R03444;R04195;R04759,1,Northwest,Road_Closure
INC03432,N0850,Industrial Fire,None,Critical,Strong Wind,74.0,108,R02848;R02507,1,Southeast,Emergency_Response
INC03433,N0550,Storage Tank Leak,Hydrogen Sulfide,High,Strong Wind,224.2,72,R00978,1,East,Emergency_Response
INC03434,N0806,Storage Tank Leak,Hydrogen Sulfide,Low,Moderate Wind,375.2,28,R01904,2,North,Road_Closure
INC03435,N0341,Vehicle Chemical Spill,Nitrogen Dioxide,Critical,Light Wind,248.0,9,R01314;R02777;R02327;R00830,3,Southeast,Medical_Response
INC03436,N0511,Fire,None,High,Moderate Wind,402.9,37,R01320;R03047;R00295;R02975,3,Southwest,Reroute
INC03437,N0861,Chemical Leak,Sulfur Dioxide,High,Moderate Wind,389.9,88,R00311,1,Southeast,Reroute
INC03438,N0512,Vehicle Chemical Spill,Chlorine,Critical,Strong Wind,450.0,54,R03037;R02759,5,Southwest,Medical_Response
INC03439,N1355,Chemical Leak,Hydrogen Sulfide,Critical,Strong Wind,280.0,49,R00328,5,Southeast,Emergency_Response
INC03440,N0594,Industrial Fire,None,Moderate,Strong Wind,382.5,16,R00499;R03380;R01139;R01702,4,East,Emergency_Response
INC03441,N0597,Fire,None,Critical,Light Wind,465.0,111,R00079,2,Northeast,Reroute
INC03442,N1245,Toxic Gas Release,Sulfur Dioxide,Low,Moderate Wind,207.5,45,R03327,3,East,Evacuate
INC03443,N0294,Pipeline Leak,Nitrogen Dioxide,High,Strong Wind,255.8,83,R00495;R01088;R02730,2,Southeast,Medical_Response
INC03444,N1939,Vehicle Chemical Spill,Chlorine,Moderate,Light Wind,299.1,74,R02856,5,East,Evacuate
INC03445,N1357,Storage Tank Leak,Hydrogen Sulfide,Moderate,Moderate Wind,429.3,112,R01835;R00021;R02177,3,North,Medical_Response
INC03446,N1531,Fire,None,High,Light Wind,189.3,54,R00862;R03287,5,East,Emergency_Response
INC03447,N1530,Fire,None,Moderate,Calm,33.9,73,R01584;R04598,2,West,Shelter
INC03448,N0700,Chemical Leak,Nitrogen Dioxide,High,Moderate Wind,96.9,34,R02124;R00654;R03499;R04076,4,West,Shelter
INC03449,N0927,Storage Tank Leak,Sulfur Dioxide,High,Calm,341.9,43,R02191,3,North,Road_Closure
INC03450,N1062,Industrial Fire,None,High,Calm,357.6,13,R03248;R02842,1,North,Evacuate
INC03451,N0356,Chemical Leak,Ammonia,High,Moderate Wind,132.0,100,R03966;R02432;R02122,5,West,Emergency_Response
INC03452,N0429,Toxic Gas Release,Ammonia,High,Strong Wind,491.9,61,R01270;R03469,4,South,Evacuate
INC03453,N1959,Pipeline Leak,Nitrogen Dioxide,Low,Calm,53.6,56,R01335;R02677;R01866;R02507,1,Southeast,Road_Closure
INC03454,N1774,Fire,None,High,Moderate Wind,492.7,41,R00783,1,Northwest,Medical_Response
INC03455,N0033,Toxic Gas Release,Chlorine,High,Light Wind,455.3,37,R01658,4,North,Emergency_Response
INC03456,N0057,Pipeline Leak,Hydrogen Sulfide,Low,Calm,155.3,80,R00866,4,East,Shelter
INC03457,N0510,Pipeline Leak,Ammonia,Critical,Calm,18.0,2,R01534;R00843;R02805;R04384,2,Northeast,Shelter
INC03458,N0276,Toxic Gas Release,Nitrogen Dioxide,Low,Calm,450.2,17,R00139,2,East,Road_Closure
INC03459,N0486,Chemical Leak,Sulfur Dioxide,High,Light Wind,89.5,109,R00815;R00026;R01895,5,North,Emergency_Response
INC03460,N1459,Storage Tank Leak,Hydrogen Sulfide,High,Moderate Wind,188.2,29,R04545,5,South,Medical_Response
INC03461,N1740,Storage Tank Leak,Nitrogen Dioxide,Moderate,Strong Wind,11.4,23,R01830;R04144,2,Northwest,Shelter
INC03462,N1519,Pipeline Leak,Chlorine,Low,Strong Wind,256.6,45,R00244;R01074,4,Southeast,Evacuate
INC03463,N0004,Storage Tank Leak,Chlorine,Moderate,Strong Wind,384.4,54,R02038;R03325,5,Northwest,Emergency_Response
INC03464,N0481,Toxic Gas Release,Chlorine,Moderate,Light Wind,21.4,21,R04692,2,North,Road_Closure
INC03465,N1133,Storage Tank Leak,Nitrogen Dioxide,High,Moderate Wind,60.6,93,R00024;R01156;R02787,4,North,Road_Closure
INC03466,N1322,Chemical Leak,Hydrogen Sulfide,Critical,Moderate Wind,259.5,24,R00424,5,North,Emergency_Response
INC03467,N1177,Explosion,None,High,Calm,28.4,88,R00601;R01714;R03839,3,Northeast,Emergency_Response
INC03468,N1944,Fire,None,Critical,Strong Wind,333.9,45,R04164,5,Southeast,Reroute
INC03469,N1837,Toxic Gas Release,Nitrogen Dioxide,High,Moderate Wind,263.8,60,R00562,2,North,Reroute
INC03470,N1694,Fire,None,Critical,Light Wind,133.3,27,R02023,5,Northeast,Shelter
INC03471,N1452,Vehicle Chemical Spill,Sulfur Dioxide,Critical,Light Wind,20.4,57,R04148;R04560,2,Northeast,Emergency_Response
INC03472,N1234,Industrial Fire,None,Low,Strong Wind,270.0,80,R00058,4,East,Road_Closure
INC03473,N0947,Pipeline Leak,Nitrogen Dioxide,Low,Moderate Wind,113.3,45,R00695;R04122,5,East,Shelter
INC03474,N0289,Chemical Leak,Hydrogen Sulfide,High,Calm,381.0,115,R01680;R03654,2,Northeast,Shelter
INC03475,N1657,Fire,None,High,Moderate Wind,272.8,53,R02627;R00397,1,Southeast,Medical_Response
INC03476,N0816,Pipeline Leak,Chlorine,Moderate,Moderate Wind,252.5,10,R04200;R02996,5,Northeast,Road_Closure
INC03477,N0050,Pipeline Leak,Sulfur Dioxide,High,Strong Wind,195.9,71,R02809,4,North,Reroute
INC03478,N0256,Industrial Fire,None,Low,Strong Wind,367.9,80,R00407,2,Southwest,Shelter
INC03479,N0825,Fire,None,Moderate,Strong Wind,293.5,58,R04467;R01630;R00526,4,East,Evacuate
INC03480,N0254,Explosion,None,High,Moderate Wind,335.5,3,R03394,3,West,Evacuate
INC03481,N0017,Storage Tank Leak,Hydrogen Sulfide,High,Strong Wind,498.5,4,R03124;R04287;R00802,3,Northeast,Medical_Response
INC03482,N0802,Fire,None,Critical,Calm,22.1,6,R00254;R04213,5,West,Road_Closure
INC03483,N1960,Toxic Gas Release,Chlorine,Critical,Light Wind,194.9,11,R00587,5,West,Evacuate
INC03484,N1048,Industrial Fire,None,Moderate,Moderate Wind,327.2,60,R03724;R04001,5,Northeast,Road_Closure
INC03485,N0279,Storage Tank Leak,Sulfur Dioxide,High,Strong Wind,152.0,94,R04025,4,South,Reroute
INC03486,N1237,Chemical Leak,Chlorine,Critical,Moderate Wind,134.5,7,R01999;R03572,4,South,Evacuate
INC03487,N0866,Vehicle Chemical Spill,Chlorine,Moderate,Light Wind,92.1,106,R03233,1,South,Medical_Response
INC03488,N0295,Industrial Fire,None,High,Calm,175.4,77,R01223;R04642;R03420,4,East,Road_Closure
INC03489,N1623,Explosion,None,High,Strong Wind,5.7,41,R03209;R00324;R04709;R03887,2,West,Evacuate
INC03490,N1586,Chemical Leak,Nitrogen Dioxide,Moderate,Strong Wind,44.9,87,R01322;R01777;R01356,5,South,Evacuate
INC03491,N1764,Explosion,None,Critical,Calm,202.9,27,R02882;R00826,4,Northeast,Evacuate
INC03492,N0833,Toxic Gas Release,Sulfur Dioxide,High,Calm,448.1,15,R04083,2,Southwest,Road_Closure
INC03493,N1577,Pipeline Leak,Ammonia,Low,Moderate Wind,276.9,84,R01254,1,Northwest,Road_Closure
INC03494,N1165,Vehicle Chemical Spill,Nitrogen Dioxide,Critical,Calm,163.7,78,R03088,4,South,Shelter
INC03495,N1539,Explosion,None,Moderate,Calm,401.2,86,R03137;R02124;R00578,4,South,Medical_Response
INC03496,N0855,Explosion,None,Moderate,Light Wind,236.2,111,R00815,2,South,Road_Closure
INC03497,N0123,Fire,None,Low,Light Wind,314.2,7,R01659,2,Northwest,Evacuate
INC03498,N1709,Chemical Leak,Nitrogen Dioxide,Low,Strong Wind,310.9,110,R03410,5,Southwest,Road_Closure
INC03499,N1885,Fire,None,High,Calm,116.6,7,R04685;R00628;R01058,3,South,Shelter
INC03500,N1998,Vehicle Chemical Spill,Hydrogen Sulfide,Moderate,Moderate Wind,384.4,112,R00746,4,South,Medical_Response
INC03501,N0426,Chemical Leak,Nitrogen Dioxide,Critical,Moderate Wind,309.7,9,R02022,3,North,Medical_Response
INC03502,N0870,Industrial Fire,None,Moderate,Moderate Wind,140.8,77,R02632,1,Southwest,Shelter
INC03503,N0454,Pipeline Leak,Hydrogen Sulfide,Low,Calm,60.4,12,R01558;R00981,5,Northeast,Shelter
INC03504,N1927,Industrial Fire,None,High,Light Wind,126.8,35,R01811;R03041,3,South,Evacuate
INC03505,N0039,Storage Tank Leak,Ammonia,High,Moderate Wind,190.4,67,R01950;R02474,5,Southwest,Medical_Response
INC03506,N0681,Fire,None,High,Calm,212.8,51,R00965;R04057,1,Southwest,Emergency_Response
INC03507,N1881,Fire,None,High,Strong Wind,247.4,29,R02405,5,West,Emergency_Response
INC03508,N0891,Industrial Fire,None,High,Calm,415.7,31,R00006,4,Northwest,Shelter
INC03509,N1905,Vehicle Chemical Spill,Chlorine,Critical,Calm,61.2,16,R03412;R00047,5,Southwest,Emergency_Response
INC03510,N1303,Pipeline Leak,Ammonia,Critical,Light Wind,210.9,71,R01587,1,Northwest,Medical_Response
INC03511,N0781,Toxic Gas Release,Nitrogen Dioxide,Low,Calm,37.3,58,R04069;R02030;R01997;R03861,4,North,Evacuate
INC03512,N0406,Toxic Gas Release,Sulfur Dioxide,High,Light Wind,446.1,44,R03980,5,East,Evacuate
INC03513,N0280,Pipeline Leak,Hydrogen Sulfide,High,Light Wind,231.2,106,R02808;R01487;R01647,3,Northeast,Shelter
INC03514,N1635,Storage Tank Leak,Chlorine,Critical,Strong Wind,263.9,63,R04209;R04524;R02334;R04640;R04139,3,Southwest,Road_Closure
INC03515,N0401,Storage Tank Leak,Ammonia,High,Strong Wind,165.1,80,R03179;R00033,1,Southeast,Shelter
INC03516,N1907,Pipeline Leak,Ammonia,High,Moderate Wind,28.2,104,R04746;R01820;R04492,5,West,Road_Closure
INC03517,N1467,Toxic Gas Release,Chlorine,High,Moderate Wind,60.9,95,R04045,1,Southwest,Road_Closure
INC03518,N1350,Pipeline Leak,Nitrogen Dioxide,Moderate,Calm,424.0,30,R03667,4,Northwest,Medical_Response
INC03519,N0916,Toxic Gas Release,Chlorine,Low,Calm,413.0,118,R01050;R02522;R04106,1,Northwest,Reroute
INC03520,N0984,Chemical Leak,Chlorine,Moderate,Strong Wind,478.7,27,R03116;R01472;R01104,2,West,Emergency_Response
INC03521,N0405,Explosion,None,High,Calm,274.6,110,R03521,5,Northwest,Road_Closure
INC03522,N1843,Storage Tank Leak,Ammonia,High,Moderate Wind,474.0,40,R01104;R03893,4,East,Reroute
INC03523,N1853,Chemical Leak,Nitrogen Dioxide,Moderate,Calm,40.4,117,R03639;R00292,3,East,Reroute
INC03524,N1470,Chemical Leak,Nitrogen Dioxide,Low,Strong Wind,77.2,82,R03025,5,Southwest,Emergency_Response
INC03525,N0538,Storage Tank Leak,Nitrogen Dioxide,High,Moderate Wind,129.0,54,R01594;R02208,1,Southwest,Emergency_Response
INC03526,N1135,Vehicle Chemical Spill,Nitrogen Dioxide,High,Moderate Wind,326.6,109,R02339,4,Southwest,Road_Closure
INC03527,N0896,Pipeline Leak,Nitrogen Dioxide,High,Light Wind,426.9,27,R04077,4,East,Evacuate
INC03528,N1261,Chemical Leak,Ammonia,High,Strong Wind,274.3,39,R02426,3,South,Medical_Response
INC03529,N1231,Toxic Gas Release,Ammonia,Moderate,Calm,395.9,70,R01389;R01023;R01842,2,West,Reroute
INC03530,N1822,Fire,None,High,Calm,94.8,95,R00961;R04683;R04188,4,Southeast,Emergency_Response
INC03531,N0520,Chemical Leak,Chlorine,High,Moderate Wind,112.2,118,R01275;R01837;R01708;R01766,2,Northwest,Medical_Response
INC03532,N1722,Pipeline Leak,Sulfur Dioxide,Low,Strong Wind,343.6,95,R02378,3,South,Reroute
INC03533,N1493,Explosion,None,Critical,Strong Wind,266.2,46,R02850,3,Northwest,Shelter
INC03534,N0816,Industrial Fire,None,High,Strong Wind,440.5,30,R01030,3,Northeast,Reroute
INC03535,N0235,Chemical Leak,Hydrogen Sulfide,Moderate,Strong Wind,215.2,71,R01371,3,Southeast,Reroute
INC03536,N0708,Toxic Gas Release,Hydrogen Sulfide,Critical,Light Wind,457.4,107,R04204;R03994;R03162,1,Northeast,Medical_Response
INC03537,N0268,Industrial Fire,None,Moderate,Light Wind,33.3,23,R03372;R04691,4,East,Emergency_Response
INC03538,N1882,Industrial Fire,None,High,Light Wind,62.4,57,R00259;R04164,5,Northwest,Medical_Response
INC03539,N1780,Fire,None,Moderate,Moderate Wind,390.6,33,R00251;R03358;R00519;R02041;R00118,2,Northwest,Shelter
INC03540,N0095,Storage Tank Leak,Hydrogen Sulfide,High,Moderate Wind,161.2,29,R01709,5,Southwest,Evacuate
INC03541,N1260,Chemical Leak,Hydrogen Sulfide,High,Light Wind,260.0,71,R03648;R00092;R00064;R02720,4,North,Road_Closure
INC03542,N0999,Pipeline Leak,Nitrogen Dioxide,High,Moderate Wind,349.8,21,R03173;R03276;R04370,4,Northeast,Medical_Response
INC03543,N0435,Toxic Gas Release,Sulfur Dioxide,Moderate,Strong Wind,176.7,4,R00208;R03082,3,South,Medical_Response
INC03544,N1295,Industrial Fire,None,High,Moderate Wind,244.7,56,R02177;R04019;R01961;R02245,3,East,Road_Closure
INC03545,N0974,Storage Tank Leak,Hydrogen Sulfide,Moderate,Light Wind,30.3,113,R01604,1,Southwest,Reroute
INC03546,N0728,Toxic Gas Release,Sulfur Dioxide,Critical,Moderate Wind,363.8,45,R02534,4,Northeast,Emergency_Response
INC03547,N0580,Fire,None,Moderate,Light Wind,252.9,17,R02515,5,West,Shelter
INC03548,N1735,Pipeline Leak,Ammonia,Moderate,Calm,38.5,115,R03564,3,Northwest,Road_Closure
INC03549,N1552,Industrial Fire,None,Moderate,Moderate Wind,55.6,26,R02963;R01791;R02959;R01390,4,Southwest,Medical_Response
INC03550,N0298,Storage Tank Leak,Nitrogen Dioxide,Moderate,Calm,173.3,2,R02647;R04637,3,Northwest,Road_Closure
INC03551,N1606,Explosion,None,Low,Moderate Wind,49.0,84,R04629,2,Northwest,Emergency_Response
INC03552,N0145,Toxic Gas Release,Ammonia,High,Calm,34.3,86,R03048;R00914,5,North,Medical_Response
INC03553,N0780,Pipeline Leak,Nitrogen Dioxide,Critical,Calm,53.6,38,R00961;R02645,1,East,Emergency_Response
INC03554,N0145,Chemical Leak,Ammonia,Critical,Moderate Wind,382.3,111,R01380,4,Northwest,Evacuate
INC03555,N0595,Toxic Gas Release,Chlorine,High,Light Wind,470.3,67,R04312,1,West,Reroute
INC03556,N0915,Chemical Leak,Hydrogen Sulfide,Moderate,Strong Wind,95.4,98,R03667,2,South,Shelter
INC03557,N1506,Toxic Gas Release,Nitrogen Dioxide,Critical,Calm,253.8,90,R03743,1,Northeast,Reroute
INC03558,N1647,Vehicle Chemical Spill,Sulfur Dioxide,Moderate,Light Wind,194.5,37,R03320;R00373,1,Southwest,Emergency_Response
INC03559,N0734,Industrial Fire,None,High,Light Wind,452.3,2,R01492;R03591,3,Southeast,Emergency_Response
INC03560,N0353,Toxic Gas Release,Ammonia,Low,Moderate Wind,408.6,80,R03009;R01933;R01298,4,East,Emergency_Response
INC03561,N0770,Toxic Gas Release,Ammonia,Critical,Strong Wind,437.1,40,R04354;R01116;R00182,2,Southwest,Reroute
INC03562,N1306,Toxic Gas Release,Chlorine,High,Strong Wind,152.7,40,R00373;R00527,4,Northeast,Emergency_Response
INC03563,N1362,Storage Tank Leak,Sulfur Dioxide,Critical,Moderate Wind,492.6,3,R00368,3,Southeast,Road_Closure
INC03564,N1867,Explosion,None,Moderate,Moderate Wind,378.5,117,R04558;R03455,3,East,Shelter
INC03565,N0519,Fire,None,Critical,Light Wind,213.5,107,R03593;R00721,3,Northwest,Road_Closure
INC03566,N0041,Chemical Leak,Nitrogen Dioxide,High,Strong Wind,82.0,106,R01352,2,Southeast,Evacuate
INC03567,N1518,Industrial Fire,None,High,Strong Wind,29.9,34,R04533,1,East,Shelter
INC03568,N0582,Toxic Gas Release,Sulfur Dioxide,Moderate,Light Wind,429.4,68,R02245,2,Northwest,Medical_Response
INC03569,N1219,Chemical Leak,Hydrogen Sulfide,Moderate,Calm,47.0,9,R03469;R01374;R02138;R04444,4,South,Emergency_Response
INC03570,N1271,Industrial Fire,None,Moderate,Strong Wind,231.2,51,R02517;R00005;R01757,5,Southeast,Evacuate
INC03571,N0091,Industrial Fire,None,Moderate,Calm,349.4,17,R01172;R01074,3,South,Road_Closure
INC03572,N0123,Vehicle Chemical Spill,Ammonia,High,Strong Wind,170.5,46,R03351,3,Southeast,Shelter
INC03573,N1373,Fire,None,Critical,Strong Wind,18.7,61,R00595;R03050,4,East,Medical_Response
INC03574,N0955,Vehicle Chemical Spill,Nitrogen Dioxide,Moderate,Moderate Wind,171.2,104,R00518;R04441,1,South,Medical_Response
INC03575,N1727,Storage Tank Leak,Nitrogen Dioxide,High,Moderate Wind,163.7,118,R04073;R03458,1,Southeast,Evacuate
INC03576,N0497,Industrial Fire,None,Moderate,Strong Wind,60.4,67,R02216,2,Northwest,Emergency_Response
INC03577,N1652,Storage Tank Leak,Chlorine,Moderate,Moderate Wind,203.3,112,R02781,4,Northwest,Emergency_Response
INC03578,N1055,Vehicle Chemical Spill,Nitrogen Dioxide,Critical,Strong Wind,176.8,36,R04368,1,Northeast,Evacuate
INC03579,N1171,Fire,None,Moderate,Strong Wind,471.5,99,R03494,3,Northwest,Evacuate
INC03580,N1856,Chemical Leak,Sulfur Dioxide,Moderate,Calm,63.8,81,R01444;R00321;R02485;R04050,5,Southeast,Reroute
INC03581,N1426,Industrial Fire,None,Moderate,Calm,109.6,21,R04535;R00506;R02905,1,North,Shelter
INC03582,N0518,Storage Tank Leak,Chlorine,Low,Light Wind,12.1,45,R00709;R03569,5,Northwest,Evacuate
INC03583,N0122,Explosion,None,Critical,Calm,173.8,115,R02269;R00713;R00405;R00207,1,South,Emergency_Response
INC03584,N0957,Vehicle Chemical Spill,Sulfur Dioxide,Moderate,Calm,458.2,89,R01501;R00268,4,Southwest,Medical_Response
INC03585,N0768,Fire,None,Moderate,Moderate Wind,255.2,10,R00344;R02321;R00128;R03893,5,Northeast,Evacuate
INC03586,N0370,Industrial Fire,None,Moderate,Light Wind,84.5,37,R03680;R02407,1,West,Reroute
INC03587,N0533,Fire,None,Critical,Moderate Wind,273.0,114,R01485;R01022,2,Northwest,Emergency_Response
INC03588,N1060,Chemical Leak,Ammonia,High,Strong Wind,7.9,47,R04619,3,East,Reroute
INC03589,N0511,Fire,None,Moderate,Strong Wind,279.6,2,R00387,4,Southwest,Evacuate
INC03590,N1847,Toxic Gas Release,Chlorine,Low,Light Wind,372.9,102,R03164;R01844,2,East,Road_Closure
INC03591,N0567,Chemical Leak,Chlorine,High,Light Wind,499.1,15,R02687;R00875,2,Southeast,Evacuate
INC03592,N0726,Storage Tank Leak,Hydrogen Sulfide,Moderate,Light Wind,499.5,63,R00065;R02808,3,Southeast,Emergency_Response
INC03593,N1591,Fire,None,Low,Calm,166.2,33,R01996,4,Northeast,Evacuate
INC03594,N0235,Pipeline Leak,Sulfur Dioxide,High,Moderate Wind,160.4,42,R04628;R03210;R03095,5,North,Road_Closure
INC03595,N1165,Fire,None,High,Light Wind,290.7,91,R00362,1,North,Medical_Response
INC03596,N1879,Toxic Gas Release,Ammonia,High,Strong Wind,269.3,37,R01499;R04090;R03554;R02926,1,Southwest,Shelter
INC03597,N0945,Vehicle Chemical Spill,Ammonia,High,Moderate Wind,307.9,48,R00150;R03332,2,Northeast,Emergency_Response
INC03598,N0861,Toxic Gas Release,Chlorine,High,Moderate Wind,384.2,44,R03237;R02520;R00293,4,North,Shelter
INC03599,N1669,Storage Tank Leak,Nitrogen Dioxide,Critical,Calm,329.7,39,R04383;R03782,1,Southwest,Reroute
INC03600,N1516,Toxic Gas Release,Ammonia,High,Moderate Wind,297.7,117,R03513;R02382;R03220;R04350,5,West,Evacuate
INC03601,N0313,Toxic Gas Release,Nitrogen Dioxide,Moderate,Moderate Wind,463.6,24,R03161,3,North,Medical_Response
INC03602,N1463,Chemical Leak,Sulfur Dioxide,Moderate,Moderate Wind,111.6,27,R00251,1,East,Reroute
INC03603,N1431,Pipeline Leak,Ammonia,Low,Calm,461.2,25,R03061;R03411,3,North,Shelter
INC03604,N0692,Chemical Leak,Hydrogen Sulfide,High,Light Wind,19.4,62,R04336,3,Northeast,Evacuate
INC03605,N1667,Fire,None,Critical,Calm,180.8,103,R00069;R01527;R00615,4,Northwest,Evacuate
INC03606,N1160,Storage Tank Leak,Nitrogen Dioxide,Moderate,Calm,334.8,26,R01976,3,Northwest,Shelter
INC03607,N1705,Storage Tank Leak,Nitrogen Dioxide,Critical,Strong Wind,97.1,49,R01975,3,East,Shelter
INC03608,N0438,Fire,None,Critical,Moderate Wind,343.5,41,R00984;R00128;R01217,4,North,Reroute
INC03609,N1790,Explosion,None,High,Light Wind,192.2,67,R00634;R04514,1,Northeast,Road_Closure
INC03610,N1968,Pipeline Leak,Nitrogen Dioxide,Critical,Strong Wind,341.3,18,R01437,3,Southeast,Emergency_Response
INC03611,N0728,Toxic Gas Release,Chlorine,High,Calm,90.1,11,R00081,2,Southwest,Shelter
INC03612,N0879,Explosion,None,High,Strong Wind,152.8,106,R02224,2,Northwest,Emergency_Response
INC03613,N0245,Chemical Leak,Hydrogen Sulfide,Critical,Moderate Wind,287.8,61,R02761,3,Northwest,Road_Closure
INC03614,N0968,Industrial Fire,None,Moderate,Calm,443.6,106,R00868;R00645,1,Northeast,Road_Closure
INC03615,N1402,Industrial Fire,None,High,Light Wind,358.2,47,R00852,1,Northeast,Emergency_Response
INC03616,N0730,Vehicle Chemical Spill,Sulfur Dioxide,Moderate,Strong Wind,139.1,92,R01737,4,Northeast,Reroute
INC03617,N0990,Industrial Fire,None,High,Calm,52.7,117,R01091;R01293,5,West,Medical_Response
INC03618,N1826,Industrial Fire,None,Critical,Light Wind,308.4,17,R00697,2,North,Road_Closure
INC03619,N1330,Pipeline Leak,Ammonia,Moderate,Calm,8.2,61,R02704,2,Southeast,Emergency_Response
INC03620,N0382,Industrial Fire,None,Critical,Moderate Wind,376.7,59,R02933,4,West,Evacuate
INC03621,N1126,Fire,None,Critical,Strong Wind,104.1,44,R04140;R01623;R00324;R03532,4,South,Road_Closure
INC03622,N0496,Explosion,None,High,Calm,470.7,93,R00726;R01044,2,Southwest,Reroute
INC03623,N1171,Pipeline Leak,Chlorine,High,Strong Wind,429.3,118,R02409;R00517;R02677;R02370,3,North,Emergency_Response
INC03624,N0618,Explosion,None,Moderate,Light Wind,67.5,40,R01668,5,East,Shelter
INC03625,N1530,Industrial Fire,None,Low,Strong Wind,460.7,28,R03285;R02760,3,Northwest,Medical_Response
INC03626,N1241,Vehicle Chemical Spill,Nitrogen Dioxide,Moderate,Light Wind,414.0,95,R00866,5,East,Medical_Response
INC03627,N0612,Industrial Fire,None,Critical,Light Wind,282.8,104,R04635;R01853;R03465;R03807,2,North,Reroute
INC03628,N0591,Vehicle Chemical Spill,Ammonia,High,Strong Wind,156.9,56,R01843,5,Northwest,Evacuate
INC03629,N1483,Toxic Gas Release,Chlorine,Critical,Light Wind,148.0,73,R01133;R02938;R00485;R01906;R01941,4,Southwest,Medical_Response
INC03630,N1256,Chemical Leak,Ammonia,Moderate,Moderate Wind,318.2,52,R00489,4,Southwest,Road_Closure
INC03631,N1717,Fire,None,High,Strong Wind,24.9,2,R02306;R02031;R02552,5,Northwest,Emergency_Response
INC03632,N1759,Vehicle Chemical Spill,Sulfur Dioxide,Critical,Moderate Wind,398.9,73,R01436,1,Southwest,Reroute
INC03633,N0671,Chemical Leak,Sulfur Dioxide,Critical,Strong Wind,18.4,117,R02521;R02958;R02960,2,Northwest,Medical_Response
INC03634,N0694,Toxic Gas Release,Ammonia,Moderate,Light Wind,418.5,48,R00841,3,Southeast,Evacuate
INC03635,N1567,Explosion,None,Critical,Strong Wind,7.4,32,R01626;R02494,3,West,Evacuate
INC03636,N0935,Fire,None,Moderate,Strong Wind,187.3,108,R02891,1,North,Evacuate
INC03637,N0918,Pipeline Leak,Nitrogen Dioxide,High,Light Wind,247.4,83,R04128,2,North,Road_Closure
INC03638,N0184,Industrial Fire,None,Critical,Strong Wind,146.5,32,R01089;R03149,3,Southeast,Evacuate
INC03639,N0532,Pipeline Leak,Ammonia,Moderate,Strong Wind,376.5,14,R01710,4,South,Shelter
INC03640,N1971,Explosion,None,Critical,Calm,105.5,100,R02573;R02296,2,South,Road_Closure
INC03641,N1830,Storage Tank Leak,Nitrogen Dioxide,High,Moderate Wind,166.0,117,R00171,5,South,Evacuate
INC03642,N0682,Toxic Gas Release,Sulfur Dioxide,Critical,Calm,290.3,75,R01757,1,Southwest,Evacuate
INC03643,N0806,Pipeline Leak,Hydrogen Sulfide,Low,Moderate Wind,114.1,73,R02158;R04778,3,Northeast,Road_Closure
INC03644,N1290,Fire,None,High,Light Wind,192.7,87,R04286;R03401;R04252,3,North,Shelter
INC03645,N0427,Industrial Fire,None,Moderate,Light Wind,455.3,97,R02274;R00515;R03228;R01352,2,West,Emergency_Response
INC03646,N0224,Industrial Fire,None,Low,Strong Wind,38.4,17,R01470;R03443,5,East,Road_Closure
INC03647,N0355,Storage Tank Leak,Nitrogen Dioxide,Moderate,Moderate Wind,434.0,72,R02135;R00596,2,Southeast,Road_Closure
INC03648,N0520,Storage Tank Leak,Chlorine,Critical,Light Wind,405.6,117,R03757,5,Northeast,Reroute
INC03649,N0827,Fire,None,High,Moderate Wind,488.8,34,R03458;R03052,5,Northeast,Road_Closure
INC03650,N1744,Explosion,None,Critical,Light Wind,75.8,36,R02628;R03490;R00990,4,West,Emergency_Response
INC03651,N0699,Chemical Leak,Hydrogen Sulfide,Critical,Moderate Wind,101.9,44,R01138,4,North,Road_Closure
INC03652,N1563,Industrial Fire,None,High,Moderate Wind,76.4,45,R04480,4,Northeast,Medical_Response
INC03653,N0135,Toxic Gas Release,Nitrogen Dioxide,High,Calm,286.6,63,R02781;R03142;R02587;R00147;R04627,1,Northeast,Emergency_Response
INC03654,N0404,Fire,None,Critical,Calm,138.8,105,R02002;R02109,1,Northwest,Road_Closure
INC03655,N0091,Vehicle Chemical Spill,Nitrogen Dioxide,Low,Strong Wind,446.8,76,R02243;R02042,3,West,Emergency_Response
INC03656,N0566,Explosion,None,Critical,Moderate Wind,29.3,97,R01421;R00490;R00214,3,Northeast,Medical_Response
INC03657,N1142,Industrial Fire,None,Critical,Strong Wind,67.9,117,R03271,1,North,Evacuate
INC03658,N1863,Industrial Fire,None,High,Strong Wind,313.8,79,R03062,4,Southeast,Evacuate
INC03659,N1757,Chemical Leak,Chlorine,Critical,Moderate Wind,444.8,36,R02988,2,South,Reroute
INC03660,N1246,Toxic Gas Release,Ammonia,Critical,Light Wind,92.3,52,R01606;R03969,4,Southeast,Reroute
INC03661,N0188,Fire,None,High,Strong Wind,108.4,44,R02183,2,West,Medical_Response
INC03662,N1153,Pipeline Leak,Chlorine,Moderate,Strong Wind,412.3,91,R00039,1,Southwest,Reroute
INC03663,N1851,Storage Tank Leak,Ammonia,Critical,Strong Wind,310.7,43,R03990,2,South,Emergency_Response
INC03664,N1132,Vehicle Chemical Spill,Hydrogen Sulfide,High,Moderate Wind,110.2,98,R01093;R00903,1,Northwest,Road_Closure
INC03665,N1690,Storage Tank Leak,Hydrogen Sulfide,High,Calm,347.4,92,R03376;R04766;R02625;R04514,3,Southwest,Emergency_Response
INC03666,N0274,Explosion,None,Moderate,Light Wind,177.7,92,R03821;R01984;R01722,3,South,Medical_Response
INC03667,N0360,Chemical Leak,Hydrogen Sulfide,Critical,Light Wind,187.2,76,R03670,2,Northwest,Shelter
INC03668,N1010,Toxic Gas Release,Ammonia,High,Light Wind,377.1,2,R03302;R02941,4,South,Road_Closure
INC03669,N0401,Chemical Leak,Sulfur Dioxide,Moderate,Calm,405.3,43,R04326,2,Southwest,Emergency_Response
INC03670,N0888,Vehicle Chemical Spill,Chlorine,Moderate,Light Wind,230.5,13,R00524;R04174;R01540,3,Northwest,Emergency_Response
INC03671,N1050,Chemical Leak,Nitrogen Dioxide,Low,Strong Wind,86.0,110,R01569,3,South,Medical_Response
INC03672,N1647,Industrial Fire,None,High,Calm,467.1,10,R01078;R00417,1,Southwest,Medical_Response
INC03673,N0205,Chemical Leak,Chlorine,Critical,Strong Wind,160.7,56,R02997,1,West,Road_Closure
INC03674,N1568,Toxic Gas Release,Sulfur Dioxide,Moderate,Light Wind,27.0,98,R03931,3,Southwest,Shelter
INC03675,N0439,Toxic Gas Release,Nitrogen Dioxide,High,Light Wind,44.0,114,R01325;R01102,2,Southwest,Evacuate
INC03676,N1915,Fire,None,High,Calm,59.8,1,R03075;R01080;R04199;R04635;R02574,5,Northeast,Shelter
INC03677,N1820,Explosion,None,Critical,Light Wind,392.9,81,R04716,2,South,Road_Closure
INC03678,N1541,Pipeline Leak,Nitrogen Dioxide,High,Moderate Wind,343.6,113,R04216;R04151;R04235,1,Northeast,Emergency_Response
INC03679,N0292,Industrial Fire,None,Critical,Moderate Wind,23.3,46,R00479,2,Northwest,Evacuate
INC03680,N1940,Chemical Leak,Nitrogen Dioxide,Moderate,Calm,66.7,91,R00237;R01509;R04602;R01780,1,North,Medical_Response
INC03681,N1360,Toxic Gas Release,Nitrogen Dioxide,High,Moderate Wind,274.7,53,R02091,3,Southeast,Road_Closure
INC03682,N0217,Industrial Fire,None,Moderate,Moderate Wind,395.9,87,R04664;R01874;R00164,1,South,Evacuate
INC03683,N1640,Pipeline Leak,Chlorine,Critical,Strong Wind,406.6,55,R03852,1,North,Emergency_Response
INC03684,N0551,Chemical Leak,Ammonia,Moderate,Calm,174.7,35,R00307;R04302;R01678;R01353,1,Southeast,Reroute
INC03685,N1083,Storage Tank Leak,Sulfur Dioxide,Moderate,Calm,137.9,85,R03222,5,Northwest,Evacuate
INC03686,N1528,Toxic Gas Release,Chlorine,Moderate,Strong Wind,213.2,111,R01888;R04484,2,Northeast,Reroute
INC03687,N0027,Vehicle Chemical Spill,Hydrogen Sulfide,Critical,Light Wind,204.1,112,R03264;R01925;R03445,5,East,Road_Closure
INC03688,N1206,Chemical Leak,Nitrogen Dioxide,High,Strong Wind,303.3,2,R02658;R02690,4,Southeast,Reroute
INC03689,N0023,Toxic Gas Release,Hydrogen Sulfide,High,Light Wind,233.9,115,R00188,5,South,Emergency_Response
INC03690,N0265,Chemical Leak,Sulfur Dioxide,High,Light Wind,365.7,108,R03332,3,South,Medical_Response
INC03691,N0276,Vehicle Chemical Spill,Sulfur Dioxide,Critical,Light Wind,134.3,53,R03097;R03844,4,East,Emergency_Response
INC03692,N1375,Vehicle Chemical Spill,Sulfur Dioxide,Critical,Calm,263.7,8,R01667,4,Northeast,Road_Closure
INC03693,N0945,Chemical Leak,Sulfur Dioxide,Critical,Moderate Wind,128.2,107,R02975,1,East,Shelter
INC03694,N0860,Pipeline Leak,Hydrogen Sulfide,High,Moderate Wind,122.8,66,R03018,3,East,Road_Closure
INC03695,N0927,Storage Tank Leak,Ammonia,High,Light Wind,234.7,54,R04128;R04412,2,South,Emergency_Response
INC03696,N1730,Chemical Leak,Ammonia,Moderate,Strong Wind,31.4,21,R01351,2,Northeast,Emergency_Response
INC03697,N1910,Chemical Leak,Sulfur Dioxide,Moderate,Light Wind,428.7,91,R03991,1,Northeast,Medical_Response
INC03698,N1969,Toxic Gas Release,Sulfur Dioxide,High,Moderate Wind,101.9,45,R03115;R02218;R03136;R01485;R00487,1,Southeast,Shelter
INC03699,N0813,Vehicle Chemical Spill,Sulfur Dioxide,High,Light Wind,171.8,6,R03206;R02748,5,Southwest,Evacuate
INC03700,N1928,Pipeline Leak,Ammonia,High,Moderate Wind,150.5,6,R01367;R02022,2,Northwest,Road_Closure
INC03701,N1116,Toxic Gas Release,Nitrogen Dioxide,Moderate,Calm,242.6,11,R01665;R02299,1,Northwest,Shelter
INC03702,N1088,Vehicle Chemical Spill,Nitrogen Dioxide,High,Light Wind,479.0,36,R00105;R04354,2,Northwest,Evacuate
INC03703,N0185,Toxic Gas Release,Sulfur Dioxide,Critical,Strong Wind,475.9,22,R02756;R04697,1,Northwest,Reroute
INC03704,N0541,Fire,None,High,Calm,25.8,42,R04232;R04631;R04550;R04247,4,Northeast,Shelter
INC03705,N1130,Fire,None,Moderate,Moderate Wind,386.3,118,R02473,3,Northeast,Reroute
INC03706,N1039,Chemical Leak,Ammonia,High,Moderate Wind,340.4,22,R04452;R03382,3,Northwest,Emergency_Response
INC03707,N0056,Storage Tank Leak,Nitrogen Dioxide,Critical,Light Wind,53.8,42,R00277,2,West,Emergency_Response
INC03708,N1003,Toxic Gas Release,Chlorine,Low,Strong Wind,114.8,53,R03667;R03433,1,Southwest,Emergency_Response
INC03709,N0269,Pipeline Leak,Ammonia,Low,Moderate Wind,37.3,107,R01536;R03061,4,West,Medical_Response
INC03710,N0405,Storage Tank Leak,Nitrogen Dioxide,High,Light Wind,86.0,86,R01946;R00374,3,Southeast,Emergency_Response
INC03711,N0707,Industrial Fire,None,Low,Calm,227.0,7,R03946;R02482,4,East,Road_Closure
INC03712,N0933,Toxic Gas Release,Nitrogen Dioxide,Moderate,Light Wind,316.2,40,R00114;R04758,2,West,Medical_Response
INC03713,N1795,Fire,None,Critical,Calm,18.4,65,R00163,3,Northeast,Medical_Response
INC03714,N0098,Industrial Fire,None,High,Strong Wind,305.6,112,R02128,1,East,Road_Closure
INC03715,N1587,Fire,None,Moderate,Strong Wind,492.8,70,R00179,5,Northeast,Medical_Response
INC03716,N0710,Explosion,None,High,Calm,101.4,46,R02522;R01053,1,West,Shelter
INC03717,N1213,Industrial Fire,None,Moderate,Calm,252.3,26,R03900;R02881,4,Northeast,Evacuate
INC03718,N1570,Pipeline Leak,Hydrogen Sulfide,High,Moderate Wind,402.5,56,R03010;R02687,5,Southwest,Emergency_Response
INC03719,N0969,Fire,None,High,Calm,175.7,36,R03819,1,Southeast,Shelter
INC03720,N0206,Vehicle Chemical Spill,Hydrogen Sulfide,High,Light Wind,414.7,92,R01701;R04619,2,Northeast,Evacuate
INC03721,N1558,Explosion,None,Moderate,Light Wind,298.7,10,R02112;R00182;R00950,5,North,Shelter
INC03722,N1893,Vehicle Chemical Spill,Chlorine,High,Moderate Wind,208.9,104,R01552,1,Southeast,Road_Closure
INC03723,N1514,Industrial Fire,None,Low,Moderate Wind,172.5,16,R04554,3,Northwest,Road_Closure
INC03724,N0302,Pipeline Leak,Nitrogen Dioxide,Moderate,Moderate Wind,339.2,87,R04560;R02412;R04588,5,North,Evacuate
INC03725,N0332,Explosion,None,Moderate,Light Wind,474.0,51,R03730;R00054;R00229,5,Northwest,Reroute
INC03726,N0457,Industrial Fire,None,High,Strong Wind,273.3,64,R04520,1,Northeast,Road_Closure
INC03727,N0186,Chemical Leak,Sulfur Dioxide,High,Strong Wind,393.0,31,R04221,2,South,Medical_Response
INC03728,N1181,Fire,None,High,Strong Wind,49.3,13,R03065;R02999,4,Southwest,Road_Closure
INC03729,N1538,Industrial Fire,None,Moderate,Light Wind,108.7,3,R03457;R02532,3,East,Shelter
INC03730,N0111,Fire,None,Moderate,Calm,431.5,20,R04685;R00142;R02101;R04401;R00628,5,Northwest,Reroute
INC03731,N0923,Chemical Leak,Ammonia,Moderate,Strong Wind,270.5,75,R02335,5,Southeast,Shelter
INC03732,N1925,Explosion,None,Critical,Light Wind,167.2,24,R04422;R02288;R01121,3,West,Medical_Response
INC03733,N1685,Explosion,None,Critical,Light Wind,122.5,8,R03050;R04322,4,South,Reroute
INC03734,N0516,Explosion,None,Low,Light Wind,185.9,63,R00219,3,Southwest,Evacuate
INC03735,N0858,Fire,None,High,Calm,497.8,30,R04151;R03927,2,Southwest,Shelter
INC03736,N0993,Vehicle Chemical Spill,Hydrogen Sulfide,Low,Light Wind,429.3,69,R03156;R03283,5,South,Emergency_Response
INC03737,N0908,Fire,None,Low,Strong Wind,294.2,22,R03809,4,South,Reroute
INC03738,N1548,Vehicle Chemical Spill,Hydrogen Sulfide,Moderate,Calm,20.3,81,R00825,4,Northwest,Shelter
INC03739,N1899,Explosion,None,Moderate,Calm,103.6,42,R01295,3,Northeast,Medical_Response
INC03740,N1768,Chemical Leak,Hydrogen Sulfide,Moderate,Strong Wind,367.0,65,R01043;R04343;R02262;R04513;R04751,3,Southeast,Reroute
INC03741,N1459,Vehicle Chemical Spill,Sulfur Dioxide,Moderate,Calm,240.1,91,R02547,3,Southwest,Medical_Response
INC03742,N1419,Industrial Fire,None,Moderate,Moderate Wind,490.8,10,R03032;R03968,2,Southeast,Road_Closure
INC03743,N1066,Toxic Gas Release,Chlorine,Moderate,Light Wind,110.4,118,R03215,2,Northeast,Road_Closure
INC03744,N1440,Industrial Fire,None,Low,Light Wind,334.5,63,R02530;R01109;R02906;R03557,1,Northwest,Emergency_Response
INC03745,N1620,Explosion,None,Critical,Moderate Wind,156.4,64,R02387,1,Northeast,Emergency_Response
INC03746,N0683,Toxic Gas Release,Hydrogen Sulfide,High,Light Wind,286.0,117,R01284,5,South,Emergency_Response
INC03747,N0017,Explosion,None,Moderate,Light Wind,196.0,61,R00096,3,South,Emergency_Response
INC03748,N1056,Industrial Fire,None,Moderate,Strong Wind,360.7,42,R04533;R00541,4,Southeast,Emergency_Response
INC03749,N0473,Storage Tank Leak,Ammonia,Critical,Strong Wind,19.1,96,R00128;R03839;R01225,3,East,Medical_Response
INC03750,N1387,Fire,None,High,Strong Wind,335.5,12,R02998,3,East,Medical_Response
INC03751,N1302,Industrial Fire,None,High,Moderate Wind,287.1,99,R04456;R01339,3,Southeast,Shelter
INC03752,N1674,Toxic Gas Release,Sulfur Dioxide,High,Strong Wind,448.0,52,R00909;R03891,2,Southeast,Evacuate
INC03753,N1666,Toxic Gas Release,Chlorine,High,Strong Wind,239.3,98,R00320;R03994,3,West,Reroute
INC03754,N0836,Pipeline Leak,Hydrogen Sulfide,Critical,Light Wind,255.7,116,R01796,2,South,Medical_Response
INC03755,N0649,Toxic Gas Release,Sulfur Dioxide,Critical,Moderate Wind,244.4,93,R03766,4,Southwest,Reroute
INC03756,N0256,Storage Tank Leak,Hydrogen Sulfide,High,Light Wind,400.4,19,R00154;R02456;R00816,4,Southwest,Emergency_Response
INC03757,N1833,Explosion,None,High,Strong Wind,39.5,49,R02720;R04330;R01568;R00527,4,North,Medical_Response
INC03758,N1100,Vehicle Chemical Spill,Ammonia,High,Calm,328.6,90,R01996;R00079;R00476,2,South,Evacuate
INC03759,N1421,Pipeline Leak,Hydrogen Sulfide,High,Calm,28.7,8,R00489;R01446,1,Southeast,Shelter
INC03760,N0068,Chemical Leak,Nitrogen Dioxide,High,Strong Wind,227.9,44,R04708,4,East,Reroute
INC03761,N1804,Chemical Leak,Sulfur Dioxide,High,Strong Wind,139.8,72,R03550,1,Southeast,Shelter
INC03762,N1153,Storage Tank Leak,Hydrogen Sulfide,Low,Moderate Wind,275.2,103,R01557,2,Northwest,Emergency_Response
INC03763,N0752,Fire,None,High,Calm,135.1,32,R02460;R00821;R04530;R01660,3,East,Medical_Response
INC03764,N1863,Industrial Fire,None,Low,Strong Wind,51.9,27,R00435,3,Southeast,Emergency_Response
INC03765,N1555,Toxic Gas Release,Hydrogen Sulfide,Low,Moderate Wind,335.1,107,R01103,4,Northeast,Shelter
INC03766,N0631,Toxic Gas Release,Chlorine,High,Strong Wind,18.6,81,R01198;R04582,1,Southwest,Road_Closure
INC03767,N0458,Explosion,None,High,Moderate Wind,7.6,22,R01936,3,South,Emergency_Response
INC03768,N0510,Chemical Leak,Nitrogen Dioxide,Low,Calm,266.2,71,R03297;R04232,1,Southwest,Reroute
INC03769,N0465,Fire,None,Moderate,Strong Wind,391.5,81,R01473,3,South,Emergency_Response
INC03770,N0105,Fire,None,Critical,Moderate Wind,122.3,90,R00156,5,North,Reroute
INC03771,N0533,Fire,None,Critical,Moderate Wind,154.2,18,R00638;R02341;R03032;R03131,4,West,Road_Closure
INC03772,N1098,Toxic Gas Release,Sulfur Dioxide,Critical,Calm,169.5,64,R02555;R02493;R02912,1,Southeast,Road_Closure
INC03773,N0288,Industrial Fire,None,Critical,Moderate Wind,480.8,4,R00190;R00615;R00131;R03511,1,North,Medical_Response
INC03774,N1956,Vehicle Chemical Spill,Nitrogen Dioxide,Moderate,Light Wind,147.2,66,R03163;R04118,3,Southeast,Shelter
INC03775,N1934,Storage Tank Leak,Hydrogen Sulfide,High,Light Wind,68.4,109,R04469,2,East,Shelter
INC03776,N1735,Industrial Fire,None,Moderate,Moderate Wind,245.1,16,R02302;R04071;R01760;R02458,5,Southwest,Emergency_Response
INC03777,N1615,Pipeline Leak,Chlorine,Low,Strong Wind,370.1,18,R01648;R02020,4,West,Medical_Response
INC03778,N1426,Fire,None,High,Strong Wind,88.4,11,R03104,4,Northeast,Shelter
INC03779,N1326,Pipeline Leak,Sulfur Dioxide,Moderate,Strong Wind,152.7,92,R03299,5,Southeast,Medical_Response
INC03780,N1060,Chemical Leak,Chlorine,Critical,Calm,278.3,49,R00550,1,West,Medical_Response
INC03781,N1550,Fire,None,Moderate,Strong Wind,347.1,113,R01515;R03022;R01273,3,South,Medical_Response
INC03782,N0575,Chemical Leak,Nitrogen Dioxide,Moderate,Moderate Wind,24.4,51,R00426,5,Northwest,Medical_Response
INC03783,N0742,Toxic Gas Release,Nitrogen Dioxide,Moderate,Light Wind,273.7,98,R01299,5,Southwest,Medical_Response
INC03784,N0048,Industrial Fire,None,Critical,Light Wind,278.5,3,R01145,3,Northwest,Reroute
INC03785,N1592,Vehicle Chemical Spill,Ammonia,High,Light Wind,160.6,1,R00143,3,Southeast,Emergency_Response
INC03786,N0440,Chemical Leak,Sulfur Dioxide,Low,Calm,210.3,85,R03884,3,North,Shelter
INC03787,N0337,Vehicle Chemical Spill,Ammonia,High,Light Wind,186.8,13,R00445;R01239;R01743,2,Northwest,Road_Closure
INC03788,N1647,Industrial Fire,None,Low,Moderate Wind,67.4,72,R03671,3,South,Emergency_Response
INC03789,N0207,Fire,None,Moderate,Light Wind,216.0,63,R00030,3,North,Emergency_Response
INC03790,N0042,Chemical Leak,Sulfur Dioxide,Moderate,Strong Wind,318.6,84,R02121,3,North,Reroute
INC03791,N1198,Industrial Fire,None,High,Calm,381.4,83,R00541,1,East,Shelter
INC03792,N1463,Fire,None,Critical,Moderate Wind,498.9,85,R03791;R04759,2,East,Shelter
INC03793,N0151,Chemical Leak,Hydrogen Sulfide,Critical,Light Wind,193.6,71,R01818;R00517;R01065,5,South,Shelter
INC03794,N1798,Chemical Leak,Nitrogen Dioxide,Moderate,Strong Wind,102.2,112,R03191,5,West,Shelter
INC03795,N0022,Pipeline Leak,Sulfur Dioxide,Critical,Strong Wind,479.1,64,R02857;R02839,5,South,Shelter
INC03796,N1949,Pipeline Leak,Chlorine,Critical,Strong Wind,366.2,88,R00158,1,North,Reroute
INC03797,N1579,Chemical Leak,Ammonia,High,Calm,64.5,41,R02364;R03845;R04313,3,Southwest,Road_Closure
INC03798,N1857,Storage Tank Leak,Chlorine,Moderate,Calm,223.9,53,R02887;R00007;R04666,4,East,Road_Closure
INC03799,N0182,Pipeline Leak,Nitrogen Dioxide,Critical,Light Wind,158.4,92,R03224,2,Southwest,Reroute
INC03800,N0261,Storage Tank Leak,Nitrogen Dioxide,Moderate,Calm,312.6,16,R02341;R03866,2,West,Shelter
INC03801,N0584,Fire,None,Moderate,Strong Wind,239.5,52,R04679,2,East,Road_Closure
INC03802,N0355,Chemical Leak,Ammonia,Critical,Light Wind,121.9,1,R04562,4,Northwest,Evacuate
INC03803,N0626,Pipeline Leak,Nitrogen Dioxide,Critical,Strong Wind,313.0,91,R03586,2,East,Reroute
INC03804,N1175,Explosion,None,Critical,Light Wind,96.8,41,R03601;R03614;R00191,2,North,Evacuate
INC03805,N0199,Vehicle Chemical Spill,Nitrogen Dioxide,High,Light Wind,27.3,17,R01928,5,Northeast,Emergency_Response
INC03806,N0682,Storage Tank Leak,Hydrogen Sulfide,High,Light Wind,59.3,20,R02985,1,West,Evacuate
INC03807,N1905,Fire,None,Critical,Light Wind,38.7,75,R01278;R01484,3,West,Evacuate
INC03808,N0812,Chemical Leak,Ammonia,Moderate,Moderate Wind,104.4,22,R01431,2,East,Evacuate
INC03809,N0178,Industrial Fire,None,Critical,Moderate Wind,468.0,21,R00514;R01398;R01288;R03480,1,South,Road_Closure
INC03810,N1315,Toxic Gas Release,Nitrogen Dioxide,High,Light Wind,404.4,89,R02095,1,Northeast,Medical_Response
INC03811,N1070,Vehicle Chemical Spill,Ammonia,Critical,Light Wind,99.6,81,R02307;R04391,3,Northwest,Medical_Response
INC03812,N1953,Explosion,None,Moderate,Light Wind,213.3,50,R00559,5,Northeast,Shelter
INC03813,N0174,Industrial Fire,None,Critical,Moderate Wind,344.1,95,R01742;R03477;R02971;R02233,3,South,Medical_Response
INC03814,N0638,Storage Tank Leak,Nitrogen Dioxide,Moderate,Strong Wind,5.8,62,R03108;R03029;R00705;R03306;R00215,3,North,Shelter
INC03815,N0656,Fire,None,High,Light Wind,429.0,32,R03504,3,North,Reroute
INC03816,N0241,Pipeline Leak,Ammonia,Moderate,Light Wind,321.0,59,R03810,4,East,Medical_Response
INC03817,N0500,Explosion,None,High,Moderate Wind,20.0,91,R01696,3,South,Shelter
INC03818,N0279,Pipeline Leak,Sulfur Dioxide,High,Moderate Wind,427.6,112,R04214;R04784;R02514;R02416,2,Northwest,Shelter
INC03819,N0355,Pipeline Leak,Sulfur Dioxide,High,Light Wind,436.9,18,R01501,2,Northwest,Evacuate
INC03820,N0842,Toxic Gas Release,Nitrogen Dioxide,Critical,Strong Wind,302.6,67,R04536,2,Southeast,Reroute
INC03821,N1206,Fire,None,Critical,Moderate Wind,305.7,7,R02446;R00805;R00774;R01077,5,South,Emergency_Response
INC03822,N1115,Explosion,None,Critical,Calm,206.0,118,R01149;R02908;R00997,3,West,Road_Closure
INC03823,N1885,Industrial Fire,None,Moderate,Light Wind,215.4,92,R00005;R04325,1,West,Evacuate
INC03824,N1682,Fire,None,High,Moderate Wind,154.6,32,R01018;R01320;R01301,1,Northwest,Medical_Response
INC03825,N0611,Pipeline Leak,Hydrogen Sulfide,Critical,Moderate Wind,84.8,87,R04325,1,West,Shelter
INC03826,N0652,Vehicle Chemical Spill,Sulfur Dioxide,High,Strong Wind,88.2,91,R00763;R03501,4,South,Emergency_Response
INC03827,N1080,Toxic Gas Release,Hydrogen Sulfide,High,Calm,349.4,56,R04247,5,East,Shelter
INC03828,N1659,Toxic Gas Release,Ammonia,Moderate,Strong Wind,99.4,75,R03958;R02966;R02965,1,South,Reroute
INC03829,N1148,Fire,None,Moderate,Moderate Wind,125.9,23,R02064;R00284;R00141;R01010;R04482,1,North,Reroute
INC03830,N0083,Industrial Fire,None,Critical,Calm,366.1,30,R02042;R01042,4,South,Reroute
INC03831,N1630,Vehicle Chemical Spill,Chlorine,Moderate,Moderate Wind,239.0,33,R03305,2,Northeast,Emergency_Response
INC03832,N1765,Vehicle Chemical Spill,Ammonia,High,Calm,35.7,107,R02499;R00190,1,North,Emergency_Response
INC03833,N0472,Vehicle Chemical Spill,Hydrogen Sulfide,High,Calm,68.1,63,R04178,2,South,Medical_Response
INC03834,N0385,Chemical Leak,Ammonia,Moderate,Calm,417.3,58,R00685,1,East,Evacuate
INC03835,N0807,Storage Tank Leak,Sulfur Dioxide,Moderate,Moderate Wind,35.3,117,R00542;R02432,2,Northeast,Evacuate
INC03836,N0589,Chemical Leak,Nitrogen Dioxide,High,Light Wind,441.2,27,R01526,5,North,Emergency_Response
INC03837,N0798,Storage Tank Leak,Hydrogen Sulfide,High,Strong Wind,323.8,61,R04698,4,Southeast,Road_Closure
INC03838,N1612,Fire,None,High,Light Wind,381.8,94,R03131;R04610;R02130,5,Southeast,Reroute
INC03839,N0617,Fire,None,Low,Strong Wind,391.9,103,R02216;R02489,1,East,Road_Closure
INC03840,N1243,Explosion,None,Low,Strong Wind,193.9,47,R00393;R03523;R00549,2,West,Shelter
INC03841,N1958,Vehicle Chemical Spill,Chlorine,Critical,Strong Wind,138.9,64,R02396;R00087,3,North,Medical_Response
INC03842,N0896,Toxic Gas Release,Hydrogen Sulfide,Critical,Moderate Wind,439.2,43,R04236;R02225;R04381,4,Northeast,Evacuate
INC03843,N1872,Storage Tank Leak,Chlorine,Critical,Calm,239.1,68,R02550,5,North,Reroute
INC03844,N1093,Toxic Gas Release,Chlorine,High,Strong Wind,495.2,4,R00673,5,Southwest,Road_Closure
INC03845,N0958,Toxic Gas Release,Sulfur Dioxide,Low,Strong Wind,142.6,2,R01973;R02970;R03062,3,Southeast,Reroute
INC03846,N0388,Toxic Gas Release,Nitrogen Dioxide,High,Strong Wind,415.6,71,R02195;R00274;R00723;R04635,4,Northeast,Reroute
INC03847,N0777,Industrial Fire,None,Critical,Calm,20.5,16,R02780;R04439,3,North,Medical_Response
INC03848,N0106,Storage Tank Leak,Nitrogen Dioxide,Critical,Moderate Wind,342.9,44,R00862,5,Southwest,Reroute
INC03849,N1928,Pipeline Leak,Sulfur Dioxide,High,Strong Wind,312.0,92,R02866;R04289,1,Southwest,Medical_Response
INC03850,N0365,Fire,None,Moderate,Light Wind,145.2,76,R02172;R04139;R04029;R02563;R03877,5,Northeast,Emergency_Response
INC03851,N0414,Industrial Fire,None,Moderate,Strong Wind,413.6,73,R04320;R03350,2,North,Reroute
INC03852,N1149,Explosion,None,High,Strong Wind,231.5,54,R03041,1,Northeast,Shelter
INC03853,N1062,Storage Tank Leak,Ammonia,High,Moderate Wind,376.3,76,R04627;R04212,4,South,Road_Closure
INC03854,N1854,Vehicle Chemical Spill,Chlorine,High,Calm,499.6,25,R02514;R01044,5,North,Shelter
INC03855,N1416,Industrial Fire,None,High,Calm,292.6,88,R04522;R04260,1,Northeast,Reroute
INC03856,N1769,Fire,None,Moderate,Calm,268.7,3,R02019,2,Southeast,Road_Closure
INC03857,N1231,Fire,None,High,Strong Wind,72.7,83,R00668;R01876;R04451;R04326,3,Southwest,Road_Closure
INC03858,N1426,Storage Tank Leak,Ammonia,Moderate,Moderate Wind,464.9,20,R02756,2,South,Shelter
INC03859,N0085,Vehicle Chemical Spill,Ammonia,High,Light Wind,63.9,119,R02266;R02440,4,Southeast,Reroute
INC03860,N0627,Industrial Fire,None,High,Calm,275.3,68,R02466;R01067,2,Northeast,Medical_Response
INC03861,N1984,Storage Tank Leak,Chlorine,High,Strong Wind,359.4,9,R01111;R04309;R01320,4,Northwest,Reroute
INC03862,N0790,Pipeline Leak,Hydrogen Sulfide,High,Moderate Wind,17.1,92,R00069,3,West,Shelter
INC03863,N0112,Explosion,None,Critical,Light Wind,203.5,110,R01412,1,Northeast,Road_Closure
INC03864,N1061,Chemical Leak,Chlorine,Moderate,Strong Wind,94.9,57,R00548,3,West,Road_Closure
INC03865,N1187,Industrial Fire,None,High,Calm,236.8,109,R04483,2,Northeast,Evacuate
INC03866,N1121,Explosion,None,Critical,Light Wind,401.0,59,R00243;R00369,2,North,Emergency_Response
INC03867,N0090,Storage Tank Leak,Chlorine,High,Moderate Wind,12.3,27,R02154,1,Northwest,Reroute
INC03868,N1208,Industrial Fire,None,Critical,Moderate Wind,341.0,64,R04464;R00651,3,East,Emergency_Response
INC03869,N0355,Storage Tank Leak,Sulfur Dioxide,Low,Light Wind,273.4,20,R02455;R02886,4,Southwest,Evacuate
INC03870,N1578,Industrial Fire,None,Critical,Calm,122.8,31,R00133;R00770,3,East,Road_Closure
INC03871,N0037,Chemical Leak,Nitrogen Dioxide,High,Calm,274.4,30,R04203;R02838,3,Northwest,Emergency_Response
INC03872,N1253,Industrial Fire,None,Moderate,Calm,352.3,53,R02977;R03829;R00899,4,Northwest,Medical_Response
INC03873,N0240,Vehicle Chemical Spill,Hydrogen Sulfide,High,Light Wind,244.9,61,R02745;R01957,2,South,Shelter
INC03874,N1997,Toxic Gas Release,Ammonia,High,Strong Wind,468.8,70,R00370,1,South,Reroute
INC03875,N0368,Storage Tank Leak,Hydrogen Sulfide,High,Light Wind,282.3,88,R00592;R01974;R00404;R03739,5,North,Emergency_Response
INC03876,N0718,Explosion,None,Moderate,Calm,413.3,33,R03696;R04265,4,West,Emergency_Response
INC03877,N0959,Storage Tank Leak,Hydrogen Sulfide,High,Light Wind,114.5,113,R02512;R04475,1,North,Medical_Response
INC03878,N1097,Industrial Fire,None,High,Light Wind,278.6,99,R00987,2,Northeast,Reroute
INC03879,N0690,Fire,None,Critical,Calm,16.2,2,R01462;R00849;R04587,5,Southeast,Medical_Response
INC03880,N1439,Storage Tank Leak,Sulfur Dioxide,Moderate,Light Wind,133.6,39,R03739;R00735;R04596,4,North,Shelter
INC03881,N1675,Explosion,None,Moderate,Moderate Wind,261.2,66,R03957,5,Northeast,Reroute
INC03882,N0435,Explosion,None,Moderate,Light Wind,106.3,35,R04559,2,Northeast,Medical_Response
INC03883,N0025,Storage Tank Leak,Nitrogen Dioxide,Critical,Moderate Wind,356.3,2,R01562,5,North,Road_Closure
INC03884,N1305,Storage Tank Leak,Nitrogen Dioxide,Critical,Moderate Wind,349.8,71,R04721;R01911,4,Northwest,Reroute
INC03885,N1177,Fire,None,Critical,Light Wind,385.2,108,R00342;R01193,4,Southwest,Medical_Response
INC03886,N1610,Pipeline Leak,Nitrogen Dioxide,Low,Moderate Wind,56.7,86,R00565;R03935;R02987;R02676,5,Southwest,Medical_Response
INC03887,N0312,Pipeline Leak,Nitrogen Dioxide,Critical,Calm,176.9,58,R01298,1,North,Medical_Response
INC03888,N0424,Pipeline Leak,Nitrogen Dioxide,High,Calm,127.4,25,R01195;R04499;R03705;R02688,4,West,Road_Closure
INC03889,N1177,Pipeline Leak,Nitrogen Dioxide,Moderate,Strong Wind,140.7,81,R00968;R03073;R02726,1,South,Emergency_Response
INC03890,N0161,Pipeline Leak,Hydrogen Sulfide,High,Strong Wind,488.0,41,R01211,1,Southwest,Reroute
INC03891,N0514,Fire,None,Low,Light Wind,250.1,109,R01141,2,North,Shelter
INC03892,N1956,Toxic Gas Release,Sulfur Dioxide,High,Strong Wind,263.0,2,R01916;R02873,2,East,Shelter
INC03893,N1806,Industrial Fire,None,Critical,Strong Wind,95.9,92,R01767;R00143,4,Southeast,Road_Closure
INC03894,N0931,Industrial Fire,None,Critical,Strong Wind,49.2,75,R01377;R04755;R04156,5,Southwest,Road_Closure
INC03895,N1406,Explosion,None,Low,Moderate Wind,226.9,53,R02280,3,East,Medical_Response
INC03896,N0438,Industrial Fire,None,High,Strong Wind,204.4,81,R04039,5,Southwest,Road_Closure
INC03897,N1179,Fire,None,Moderate,Moderate Wind,47.6,22,R03247,4,Northwest,Reroute
INC03898,N0804,Explosion,None,Moderate,Light Wind,281.1,27,R01727;R03347;R01694,5,West,Emergency_Response
INC03899,N1039,Chemical Leak,Ammonia,High,Moderate Wind,240.4,104,R04066,2,North,Evacuate
INC03900,N1728,Toxic Gas Release,Hydrogen Sulfide,Low,Strong Wind,125.6,59,R00860;R03076;R02265;R04256,5,West,Road_Closure
INC03901,N1253,Fire,None,Moderate,Strong Wind,196.1,116,R04636;R04619;R03137;R03478;R02665,5,South,Reroute
INC03902,N1246,Fire,None,High,Strong Wind,126.5,41,R03827;R01162;R02838,5,Northwest,Reroute
INC03903,N1467,Storage Tank Leak,Chlorine,Moderate,Strong Wind,171.3,54,R04267;R02656;R03172;R03669,3,Northeast,Medical_Response
INC03904,N1464,Toxic Gas Release,Sulfur Dioxide,Low,Strong Wind,345.3,84,R04785;R03406,5,Northwest,Reroute
INC03905,N1230,Storage Tank Leak,Sulfur Dioxide,Low,Moderate Wind,43.7,96,R01214,3,Northeast,Reroute
INC03906,N1591,Industrial Fire,None,Critical,Strong Wind,97.9,18,R00782;R02417;R01668,2,Southwest,Emergency_Response
INC03907,N1692,Vehicle Chemical Spill,Sulfur Dioxide,High,Calm,49.8,83,R02876,3,Northeast,Emergency_Response
INC03908,N1039,Vehicle Chemical Spill,Sulfur Dioxide,High,Light Wind,279.7,13,R00259;R01724,2,North,Road_Closure
INC03909,N1292,Explosion,None,Low,Strong Wind,437.3,26,R01281,1,Southwest,Emergency_Response
INC03910,N1784,Fire,None,High,Light Wind,495.7,108,R01652,3,Northwest,Evacuate
INC03911,N1179,Toxic Gas Release,Nitrogen Dioxide,Low,Calm,99.0,42,R01749,2,East,Road_Closure
INC03912,N1069,Toxic Gas Release,Ammonia,Moderate,Strong Wind,416.4,34,R03298,4,East,Emergency_Response
INC03913,N1508,Chemical Leak,Chlorine,Moderate,Light Wind,255.4,20,R00224,1,Southeast,Reroute
INC03914,N1172,Storage Tank Leak,Ammonia,Critical,Moderate Wind,228.3,58,R03865;R01599,4,North,Reroute
INC03915,N0231,Storage Tank Leak,Sulfur Dioxide,High,Moderate Wind,192.7,75,R04555;R01943,2,West,Road_Closure
INC03916,N0260,Chemical Leak,Nitrogen Dioxide,Low,Strong Wind,56.2,63,R02991,2,South,Emergency_Response
INC03917,N0513,Pipeline Leak,Chlorine,High,Calm,279.1,95,R01009;R03259;R00669,4,West,Shelter
INC03918,N1503,Fire,None,Critical,Strong Wind,126.4,86,R01265,5,Northeast,Evacuate
INC03919,N0750,Vehicle Chemical Spill,Sulfur Dioxide,High,Calm,474.4,45,R00557;R03345;R04423;R01054;R01486,3,Northeast,Road_Closure
INC03920,N0726,Fire,None,Moderate,Light Wind,118.0,119,R03681,3,Southwest,Evacuate
INC03921,N0709,Fire,None,High,Calm,26.0,75,R00579,5,East,Evacuate
INC03922,N1972,Industrial Fire,None,High,Calm,110.5,114,R01182;R03035,3,Southeast,Emergency_Response
INC03923,N0768,Toxic Gas Release,Nitrogen Dioxide,High,Calm,388.8,11,R00296,3,West,Shelter
INC03924,N1743,Chemical Leak,Sulfur Dioxide,Low,Moderate Wind,240.2,28,R00362,2,Southwest,Evacuate
INC03925,N1103,Toxic Gas Release,Chlorine,Critical,Calm,255.0,64,R00133;R01084,4,West,Medical_Response
INC03926,N1942,Toxic Gas Release,Ammonia,Critical,Light Wind,127.1,31,R00982;R01808;R02495,1,Southwest,Reroute
INC03927,N1621,Toxic Gas Release,Ammonia,High,Light Wind,185.2,84,R01022;R04034,1,Southeast,Reroute
INC03928,N1111,Storage Tank Leak,Chlorine,Moderate,Moderate Wind,154.0,19,R00108,5,North,Road_Closure
INC03929,N0719,Chemical Leak,Nitrogen Dioxide,Moderate,Light Wind,149.2,59,R02311,1,North,Road_Closure
INC03930,N0811,Toxic Gas Release,Chlorine,High,Moderate Wind,41.3,49,R03266,5,North,Emergency_Response
INC03931,N1435,Vehicle Chemical Spill,Sulfur Dioxide,Critical,Light Wind,55.1,102,R02169;R00657,5,South,Emergency_Response
INC03932,N1222,Storage Tank Leak,Ammonia,Low,Moderate Wind,213.8,47,R00573;R03710;R02671,4,West,Reroute
INC03933,N0843,Explosion,None,High,Moderate Wind,149.4,48,R03637;R02542,5,Southwest,Emergency_Response
INC03934,N0713,Explosion,None,Moderate,Strong Wind,171.8,76,R02668,5,South,Road_Closure
INC03935,N1714,Industrial Fire,None,Critical,Moderate Wind,354.4,28,R03583,1,East,Road_Closure
INC03936,N1143,Vehicle Chemical Spill,Nitrogen Dioxide,High,Strong Wind,488.1,17,R03205;R01645;R00707,1,East,Shelter
INC03937,N0334,Vehicle Chemical Spill,Ammonia,Low,Moderate Wind,77.2,32,R02317,4,North,Shelter
INC03938,N0216,Chemical Leak,Sulfur Dioxide,Moderate,Moderate Wind,90.3,93,R03840;R03437;R04365,1,South,Evacuate
INC03939,N1246,Chemical Leak,Hydrogen Sulfide,High,Strong Wind,220.2,65,R01401;R02107;R04449,5,Southwest,Evacuate
INC03940,N1121,Explosion,None,High,Moderate Wind,257.4,19,R02519;R04612;R03098,5,West,Emergency_Response
INC03941,N1719,Vehicle Chemical Spill,Nitrogen Dioxide,Critical,Strong Wind,12.6,102,R01996;R01029;R04186,3,North,Evacuate
INC03942,N1874,Vehicle Chemical Spill,Sulfur Dioxide,High,Light Wind,465.4,114,R02705;R02974;R00383,5,Southwest,Reroute
INC03943,N0828,Chemical Leak,Ammonia,Low,Moderate Wind,317.6,65,R02258,3,Southwest,Road_Closure
INC03944,N0676,Explosion,None,Critical,Strong Wind,108.2,29,R03610,1,Northwest,Medical_Response
INC03945,N1524,Chemical Leak,Sulfur Dioxide,Moderate,Moderate Wind,375.3,63,R04121;R04506;R04521;R04509;R00247,1,East,Road_Closure
INC03946,N0260,Toxic Gas Release,Sulfur Dioxide,High,Calm,484.7,80,R03650,3,Southeast,Emergency_Response
INC03947,N1444,Storage Tank Leak,Ammonia,Moderate,Calm,107.9,15,R04775;R03989;R02293;R01692,4,Northeast,Emergency_Response
INC03948,N1375,Vehicle Chemical Spill,Hydrogen Sulfide,High,Light Wind,397.6,110,R02253;R01107,1,Northeast,Medical_Response
INC03949,N1301,Chemical Leak,Ammonia,Moderate,Calm,487.9,19,R03494,1,Southwest,Emergency_Response
INC03950,N1116,Storage Tank Leak,Nitrogen Dioxide,Moderate,Moderate Wind,403.2,107,R02224;R02543,3,Northeast,Evacuate
INC03951,N1415,Industrial Fire,None,High,Moderate Wind,49.0,94,R01816,1,Southeast,Medical_Response
INC03952,N1669,Pipeline Leak,Ammonia,Moderate,Strong Wind,84.1,96,R04518,3,West,Shelter
INC03953,N0383,Industrial Fire,None,High,Calm,375.0,14,R03199,3,South,Medical_Response
INC03954,N1804,Chemical Leak,Hydrogen Sulfide,Low,Light Wind,245.6,60,R02328,5,Southeast,Shelter
INC03955,N1635,Vehicle Chemical Spill,Ammonia,High,Light Wind,61.1,95,R03707,1,West,Road_Closure
INC03956,N1628,Fire,None,Moderate,Moderate Wind,453.7,20,R04356;R04217;R02420;R00192,3,North,Medical_Response
INC03957,N1666,Pipeline Leak,Chlorine,Moderate,Moderate Wind,186.4,5,R02060,4,Northeast,Reroute
INC03958,N0900,Storage Tank Leak,Chlorine,High,Light Wind,491.1,63,R03105;R00989,5,South,Shelter
INC03959,N1232,Explosion,None,Moderate,Light Wind,314.1,39,R01692;R00138,3,North,Emergency_Response
INC03960,N0917,Chemical Leak,Chlorine,Critical,Strong Wind,85.1,19,R02876,5,East,Medical_Response
INC03961,N1968,Fire,None,Low,Strong Wind,337.3,43,R00447;R02552;R01226;R00539,5,Southwest,Medical_Response
INC03962,N0449,Fire,None,Critical,Light Wind,436.5,76,R03999,2,Southeast,Road_Closure
INC03963,N0234,Pipeline Leak,Nitrogen Dioxide,Moderate,Calm,177.0,79,R00473,3,Northwest,Road_Closure
INC03964,N1460,Chemical Leak,Nitrogen Dioxide,Critical,Strong Wind,106.8,29,R03474;R04165,1,Southwest,Evacuate
INC03965,N1878,Fire,None,High,Strong Wind,135.6,48,R04009,1,North,Road_Closure
INC03966,N1676,Explosion,None,High,Moderate Wind,82.2,80,R03104,4,Northeast,Reroute
INC03967,N1853,Explosion,None,Low,Strong Wind,439.4,4,R02528;R04199,5,Northwest,Road_Closure
INC03968,N1507,Vehicle Chemical Spill,Hydrogen Sulfide,High,Strong Wind,362.4,111,R03249;R00785;R01929,5,Northeast,Road_Closure
INC03969,N1093,Toxic Gas Release,Chlorine,High,Strong Wind,166.6,76,R00245,5,Northeast,Reroute
INC03970,N0079,Industrial Fire,None,Moderate,Light Wind,203.5,26,R00887;R01188,2,Northwest,Road_Closure
INC03971,N1267,Vehicle Chemical Spill,Chlorine,Critical,Light Wind,231.2,69,R04342;R03875,5,East,Evacuate
INC03972,N0093,Toxic Gas Release,Nitrogen Dioxide,High,Calm,321.1,85,R04265,1,Southeast,Evacuate
INC03973,N1721,Chemical Leak,Sulfur Dioxide,Moderate,Moderate Wind,412.7,111,R01029,3,Northwest,Medical_Response
INC03974,N1165,Explosion,None,High,Calm,477.3,97,R02925;R02005;R04646;R03831,2,East,Medical_Response
INC03975,N0462,Vehicle Chemical Spill,Sulfur Dioxide,High,Moderate Wind,314.8,30,R00100;R01886;R01836,4,West,Reroute
INC03976,N1441,Toxic Gas Release,Nitrogen Dioxide,Critical,Moderate Wind,447.1,116,R04025,4,East,Emergency_Response
INC03977,N0002,Storage Tank Leak,Sulfur Dioxide,Critical,Moderate Wind,33.7,78,R02879;R04613,1,Southeast,Medical_Response
INC03978,N1243,Vehicle Chemical Spill,Ammonia,Moderate,Light Wind,132.6,73,R01076;R00858;R01605;R00763,4,East,Reroute
INC03979,N0087,Chemical Leak,Ammonia,Critical,Strong Wind,427.0,35,R01431;R02970;R01995;R00278;R04810,5,Southeast,Medical_Response
INC03980,N0442,Pipeline Leak,Ammonia,Moderate,Calm,64.0,38,R00391;R00895;R04302;R02907,3,South,Emergency_Response
INC03981,N0296,Fire,None,Critical,Light Wind,155.4,73,R00695,2,East,Medical_Response
INC03982,N0019,Toxic Gas Release,Nitrogen Dioxide,Moderate,Calm,225.4,64,R03933;R00116;R03124,5,South,Road_Closure
INC03983,N0777,Storage Tank Leak,Hydrogen Sulfide,High,Light Wind,259.9,20,R00533,5,Southwest,Evacuate
INC03984,N1247,Fire,None,Critical,Light Wind,231.1,39,R03300;R00183;R01952,2,Northwest,Medical_Response
INC03985,N1341,Toxic Gas Release,Hydrogen Sulfide,High,Strong Wind,120.0,23,R00743,2,Northeast,Evacuate
INC03986,N1606,Vehicle Chemical Spill,Chlorine,High,Moderate Wind,171.2,108,R02673;R01791;R04440;R00526,5,Northeast,Reroute
INC03987,N1228,Explosion,None,Critical,Moderate Wind,75.1,102,R00292;R01713;R04101;R00679,3,Northeast,Road_Closure
INC03988,N0337,Fire,None,High,Strong Wind,195.1,25,R01019;R02234,5,Southeast,Medical_Response
INC03989,N1711,Vehicle Chemical Spill,Hydrogen Sulfide,High,Moderate Wind,284.2,49,R03429,1,Southeast,Reroute
INC03990,N1418,Toxic Gas Release,Hydrogen Sulfide,Moderate,Moderate Wind,182.8,45,R02537,1,Southeast,Road_Closure
INC03991,N0653,Vehicle Chemical Spill,Sulfur Dioxide,High,Light Wind,23.9,104,R03906;R03645;R00152,3,North,Evacuate
INC03992,N0717,Chemical Leak,Chlorine,High,Strong Wind,217.5,5,R04269;R03797,5,Northeast,Medical_Response
INC03993,N0431,Chemical Leak,Hydrogen Sulfide,High,Strong Wind,33.4,51,R02127,5,South,Shelter
INC03994,N0815,Toxic Gas Release,Sulfur Dioxide,Critical,Strong Wind,150.1,79,R00546,2,West,Shelter
INC03995,N0142,Explosion,None,Critical,Light Wind,241.6,64,R03208;R01956;R04124;R01133,3,Northeast,Road_Closure
INC03996,N0016,Storage Tank Leak,Nitrogen Dioxide,Moderate,Strong Wind,167.5,82,R03974,3,Southeast,Road_Closure
INC03997,N1622,Pipeline Leak,Ammonia,High,Moderate Wind,232.9,67,R00773,2,Southeast,Reroute
INC03998,N0087,Pipeline Leak,Ammonia,Critical,Light Wind,262.2,12,R04169,4,East,Shelter
INC03999,N0458,Chemical Leak,Ammonia,High,Light Wind,320.1,85,R01991,1,West,Road_Closure
INC04000,N0104,Explosion,None,High,Strong Wind,10.1,71,R03745,3,West,Reroute
INC04001,N1143,Chemical Leak,Chlorine,Moderate,Light Wind,105.0,41,R03299,4,Southeast,Reroute
INC04002,N1136,Toxic Gas Release,Sulfur Dioxide,Moderate,Calm,27.7,9,R03627;R04537;R01130,5,Southwest,Evacuate
INC04003,N0975,Toxic Gas Release,Ammonia,High,Moderate Wind,201.1,6,R03818,2,East,Evacuate
INC04004,N1041,Toxic Gas Release,Chlorine,Moderate,Calm,107.2,99,R02256,5,North,Medical_Response
INC04005,N0385,Industrial Fire,None,Moderate,Strong Wind,148.1,63,R02197,1,Southeast,Emergency_Response
INC04006,N0844,Chemical Leak,Sulfur Dioxide,Critical,Strong Wind,193.6,116,R02811;R03674,3,North,Road_Closure
INC04007,N1578,Chemical Leak,Nitrogen Dioxide,Moderate,Moderate Wind,214.9,4,R01621,5,West,Emergency_Response
INC04008,N1242,Toxic Gas Release,Ammonia,High,Moderate Wind,124.4,112,R00266;R03635,2,Southeast,Reroute
INC04009,N1554,Chemical Leak,Chlorine,High,Strong Wind,24.4,18,R02697,5,Southeast,Reroute
INC04010,N1045,Toxic Gas Release,Chlorine,Critical,Light Wind,109.6,40,R03474;R00348,5,West,Road_Closure
INC04011,N1533,Chemical Leak,Ammonia,Critical,Calm,108.9,62,R04262,5,Northeast,Shelter
INC04012,N1751,Chemical Leak,Hydrogen Sulfide,High,Calm,143.0,107,R02735,3,East,Emergency_Response
INC04013,N0938,Storage Tank Leak,Nitrogen Dioxide,Low,Strong Wind,370.5,8,R03555,2,Southwest,Reroute
INC04014,N0387,Chemical Leak,Nitrogen Dioxide,High,Moderate Wind,380.5,26,R00084;R04485;R00610,5,Southeast,Reroute
INC04015,N1024,Chemical Leak,Sulfur Dioxide,High,Calm,459.1,41,R00814,4,West,Evacuate
INC04016,N1724,Chemical Leak,Chlorine,Moderate,Calm,337.4,110,R03692,3,South,Shelter
INC04017,N1579,Fire,None,Low,Strong Wind,78.2,103,R04318,2,Northwest,Reroute
INC04018,N0065,Chemical Leak,Nitrogen Dioxide,High,Strong Wind,307.3,14,R00645;R00023;R02676,5,North,Evacuate
INC04019,N0897,Fire,None,Moderate,Calm,120.6,69,R02892;R04308,4,Northeast,Medical_Response
INC04020,N0586,Vehicle Chemical Spill,Nitrogen Dioxide,Critical,Calm,357.9,101,R04453;R03895,5,Southwest,Emergency_Response
INC04021,N0640,Vehicle Chemical Spill,Ammonia,High,Calm,140.9,12,R01028;R00314,4,Northwest,Reroute
INC04022,N0546,Explosion,None,Critical,Light Wind,218.0,8,R03162,3,Northeast,Shelter
INC04023,N0258,Explosion,None,Low,Calm,457.8,8,R02736;R03650;R04630;R03010,1,Southwest,Road_Closure
INC04024,N0149,Industrial Fire,None,High,Moderate Wind,366.3,51,R00750;R01789,2,Southwest,Evacuate
INC04025,N0398,Industrial Fire,None,High,Strong Wind,403.4,81,R03688;R02756;R00998;R02133,2,Southeast,Emergency_Response
INC04026,N1004,Storage Tank Leak,Ammonia,High,Moderate Wind,402.1,62,R00919;R01586,1,South,Emergency_Response
INC04027,N1771,Vehicle Chemical Spill,Nitrogen Dioxide,Moderate,Light Wind,71.8,48,R00708,4,West,Road_Closure
INC04028,N0082,Vehicle Chemical Spill,Nitrogen Dioxide,High,Moderate Wind,433.5,34,R04274;R00758;R04073;R04044;R00830,3,South,Emergency_Response
INC04029,N0794,Industrial Fire,None,High,Moderate Wind,25.9,17,R02436;R03629;R01661;R00894;R00571,3,Northwest,Shelter
INC04030,N1379,Vehicle Chemical Spill,Hydrogen Sulfide,Moderate,Strong Wind,147.8,64,R03351,5,West,Shelter
INC04031,N1631,Fire,None,High,Strong Wind,424.5,61,R01561,4,South,Evacuate
INC04032,N1336,Fire,None,Moderate,Strong Wind,208.6,115,R03096;R03414;R02737;R02977,5,Northeast,Shelter
INC04033,N1204,Explosion,None,High,Light Wind,140.2,75,R04140;R01352,3,South,Reroute
INC04034,N0422,Explosion,None,High,Strong Wind,294.5,86,R02356,5,Northwest,Emergency_Response
INC04035,N0687,Chemical Leak,Chlorine,Low,Calm,301.7,30,R01302,5,Northeast,Road_Closure
INC04036,N1679,Chemical Leak,Ammonia,Critical,Light Wind,218.3,42,R00396;R02593,5,North,Evacuate
INC04037,N0013,Pipeline Leak,Chlorine,High,Calm,31.8,47,R00666,2,Southeast,Emergency_Response
INC04038,N0209,Vehicle Chemical Spill,Chlorine,Critical,Light Wind,417.9,55,R04654;R04728;R03707,2,East,Shelter
INC04039,N0101,Pipeline Leak,Chlorine,Critical,Moderate Wind,7.9,44,R03575;R02489;R04714,4,Southeast,Shelter
INC04040,N0959,Fire,None,Critical,Strong Wind,493.5,77,R02078;R00966;R04584,5,Northwest,Shelter
INC04041,N1908,Explosion,None,High,Strong Wind,348.2,21,R00293;R02484;R02816;R01209,5,South,Road_Closure
INC04042,N0319,Chemical Leak,Sulfur Dioxide,Critical,Calm,84.7,110,R02098;R03227;R03484,4,Southwest,Emergency_Response
INC04043,N0882,Pipeline Leak,Chlorine,High,Calm,107.2,41,R02217,1,North,Evacuate
INC04044,N0331,Fire,None,Moderate,Calm,140.1,36,R02834;R02753,3,Northeast,Medical_Response
INC04045,N0124,Chemical Leak,Sulfur Dioxide,High,Calm,286.0,111,R04631,2,North,Evacuate
INC04046,N1138,Toxic Gas Release,Sulfur Dioxide,Low,Light Wind,95.1,92,R00735,3,West,Shelter
INC04047,N0604,Pipeline Leak,Hydrogen Sulfide,Moderate,Strong Wind,50.1,104,R01297,4,Southwest,Road_Closure
INC04048,N0879,Explosion,None,High,Light Wind,72.6,41,R03016;R01540,5,Northwest,Emergency_Response
INC04049,N1451,Toxic Gas Release,Hydrogen Sulfide,Moderate,Moderate Wind,351.7,6,R01922;R00442;R00991,3,South,Emergency_Response
INC04050,N0274,Vehicle Chemical Spill,Nitrogen Dioxide,High,Moderate Wind,457.5,65,R04119;R01991,1,Northeast,Emergency_Response
INC04051,N1089,Toxic Gas Release,Ammonia,High,Moderate Wind,177.1,100,R00661,4,Southwest,Reroute
INC04052,N0055,Pipeline Leak,Sulfur Dioxide,Critical,Light Wind,460.7,40,R01865,1,West,Road_Closure
INC04053,N0518,Storage Tank Leak,Nitrogen Dioxide,Moderate,Strong Wind,71.3,19,R04466;R00231,2,South,Evacuate
INC04054,N0532,Toxic Gas Release,Nitrogen Dioxide,High,Light Wind,202.3,44,R04547,1,West,Medical_Response
INC04055,N0157,Storage Tank Leak,Chlorine,High,Light Wind,371.6,109,R00516,3,Southeast,Evacuate
INC04056,N1762,Fire,None,Low,Calm,230.9,56,R02940,1,Northwest,Evacuate
INC04057,N0667,Fire,None,Critical,Light Wind,221.1,53,R00387;R01339,1,Southwest,Shelter
INC04058,N1558,Vehicle Chemical Spill,Chlorine,Moderate,Moderate Wind,215.8,112,R04750,4,South,Medical_Response
INC04059,N1845,Fire,None,Critical,Calm,252.9,114,R02588;R03482;R03780,1,Northeast,Emergency_Response
INC04060,N0304,Industrial Fire,None,Critical,Strong Wind,25.6,13,R04105,3,East,Road_Closure
INC04061,N1870,Storage Tank Leak,Chlorine,Low,Strong Wind,129.3,31,R03820;R01790;R04076,2,West,Shelter
INC04062,N0171,Explosion,None,High,Moderate Wind,287.5,86,R03874,3,North,Reroute
INC04063,N0352,Explosion,None,Low,Moderate Wind,338.3,81,R02521,2,Northwest,Reroute
INC04064,N1539,Storage Tank Leak,Hydrogen Sulfide,Moderate,Calm,150.5,52,R03808;R01707,3,South,Emergency_Response
INC04065,N1297,Storage Tank Leak,Chlorine,Moderate,Light Wind,143.7,73,R03675,4,North,Evacuate
INC04066,N1689,Pipeline Leak,Nitrogen Dioxide,High,Moderate Wind,337.6,36,R00331;R04264;R01023,3,Northeast,Evacuate
INC04067,N0050,Vehicle Chemical Spill,Sulfur Dioxide,High,Strong Wind,314.5,80,R01455;R04240,1,Southwest,Reroute
INC04068,N1721,Pipeline Leak,Sulfur Dioxide,Critical,Light Wind,467.3,58,R04157,3,North,Shelter
INC04069,N1531,Vehicle Chemical Spill,Hydrogen Sulfide,High,Light Wind,466.5,68,R00596;R00565,4,South,Medical_Response
INC04070,N0618,Toxic Gas Release,Nitrogen Dioxide,High,Calm,177.3,53,R04179;R02524,5,South,Road_Closure
INC04071,N1496,Chemical Leak,Hydrogen Sulfide,Critical,Calm,77.9,41,R02929,5,Southeast,Medical_Response
INC04072,N1233,Storage Tank Leak,Nitrogen Dioxide,Moderate,Strong Wind,168.6,80,R03541,3,Northeast,Shelter
INC04073,N1075,Explosion,None,High,Strong Wind,483.4,2,R02860;R01888,4,Northwest,Reroute
INC04074,N1883,Chemical Leak,Chlorine,Critical,Strong Wind,138.9,65,R02079;R02992;R02332;R02085,3,Southeast,Medical_Response
INC04075,N1523,Toxic Gas Release,Ammonia,Low,Strong Wind,182.5,39,R00928,2,Northwest,Evacuate
INC04076,N0017,Pipeline Leak,Sulfur Dioxide,High,Strong Wind,330.1,90,R00128,3,East,Road_Closure
INC04077,N0153,Explosion,None,High,Calm,268.9,84,R00773;R02144;R00420,5,East,Evacuate
INC04078,N1637,Fire,None,Critical,Moderate Wind,439.7,23,R04533,1,Southeast,Reroute
INC04079,N1810,Explosion,None,Moderate,Strong Wind,186.9,49,R00757;R00232,1,East,Evacuate
INC04080,N1452,Chemical Leak,Nitrogen Dioxide,High,Strong Wind,92.6,96,R02767,1,Southeast,Road_Closure
INC04081,N1891,Toxic Gas Release,Nitrogen Dioxide,Moderate,Strong Wind,41.9,47,R02732,4,East,Emergency_Response
INC04082,N0371,Pipeline Leak,Hydrogen Sulfide,Critical,Light Wind,472.5,15,R01006;R02591;R01719,4,South,Medical_Response
INC04083,N0833,Storage Tank Leak,Hydrogen Sulfide,High,Light Wind,434.3,110,R01875,4,Southwest,Shelter
INC04084,N1799,Toxic Gas Release,Ammonia,Critical,Moderate Wind,249.9,94,R00992;R02863,2,South,Road_Closure
INC04085,N1640,Industrial Fire,None,Moderate,Moderate Wind,92.7,73,R04806;R01277;R01356;R03472,3,East,Evacuate
INC04086,N0564,Storage Tank Leak,Nitrogen Dioxide,Moderate,Moderate Wind,265.6,101,R02571,5,Southwest,Medical_Response
INC04087,N1098,Storage Tank Leak,Hydrogen Sulfide,High,Strong Wind,457.7,114,R04689;R02219,4,West,Shelter
INC04088,N0438,Toxic Gas Release,Chlorine,Moderate,Moderate Wind,55.0,96,R02350;R00711,4,West,Reroute
INC04089,N0919,Storage Tank Leak,Chlorine,High,Calm,316.2,29,R02561;R00730;R01738;R04464;R02181,5,West,Reroute
INC04090,N1466,Vehicle Chemical Spill,Hydrogen Sulfide,High,Strong Wind,345.3,98,R00060,3,West,Shelter
INC04091,N0516,Chemical Leak,Chlorine,High,Light Wind,366.2,50,R01781;R02957;R04308,4,Northeast,Medical_Response
INC04092,N0021,Vehicle Chemical Spill,Sulfur Dioxide,High,Calm,41.8,49,R03003;R04464,4,South,Emergency_Response
INC04093,N1728,Storage Tank Leak,Chlorine,High,Moderate Wind,465.6,53,R03906;R04087,2,Northwest,Medical_Response
INC04094,N1894,Vehicle Chemical Spill,Nitrogen Dioxide,Moderate,Strong Wind,49.8,43,R01936;R04729;R02855;R02581;R03238,3,South,Reroute
INC04095,N1784,Industrial Fire,None,High,Strong Wind,181.9,12,R03549,2,East,Road_Closure
INC04096,N1258,Fire,None,Moderate,Calm,93.1,55,R00306;R03248;R02488,2,Northwest,Medical_Response
INC04097,N0277,Industrial Fire,None,High,Calm,399.4,115,R02911,3,Southwest,Reroute
INC04098,N1796,Vehicle Chemical Spill,Chlorine,Critical,Strong Wind,309.3,7,R02739;R01827,2,Southeast,Emergency_Response
INC04099,N0787,Storage Tank Leak,Ammonia,Moderate,Moderate Wind,258.6,93,R04125,4,South,Evacuate
INC04100,N0305,Vehicle Chemical Spill,Chlorine,Low,Strong Wind,373.1,88,R03268;R00266;R02668,2,South,Medical_Response
INC04101,N0277,Fire,None,Critical,Moderate Wind,431.9,72,R02676,4,East,Emergency_Response
INC04102,N1869,Fire,None,High,Strong Wind,145.8,94,R00549;R02454;R02118,1,South,Shelter
INC04103,N0385,Chemical Leak,Sulfur Dioxide,Critical,Light Wind,246.7,87,R04619,2,Northwest,Shelter
INC04104,N1405,Industrial Fire,None,Moderate,Strong Wind,102.5,8,R00210,1,South,Road_Closure
INC04105,N1438,Chemical Leak,Sulfur Dioxide,High,Strong Wind,267.0,12,R00825;R00883,4,Northwest,Reroute
INC04106,N1914,Storage Tank Leak,Sulfur Dioxide,Moderate,Moderate Wind,76.8,83,R02967,1,West,Road_Closure
INC04107,N0081,Fire,None,Moderate,Strong Wind,404.3,58,R00003,5,Northwest,Emergency_Response
INC04108,N0504,Pipeline Leak,Hydrogen Sulfide,Low,Calm,463.0,102,R02340,1,South,Shelter
INC04109,N1097,Storage Tank Leak,Ammonia,High,Moderate Wind,356.0,17,R03642;R04491,1,Northwest,Road_Closure
INC04110,N0832,Explosion,None,Moderate,Calm,379.0,95,R00149;R03501;R00231,5,Northeast,Shelter
INC04111,N1434,Storage Tank Leak,Chlorine,Moderate,Calm,44.7,78,R03801;R03811;R02052;R04154;R04066,1,Northeast,Emergency_Response
INC04112,N0772,Storage Tank Leak,Chlorine,Critical,Strong Wind,121.2,99,R03025;R01553;R01015;R04513,5,Northwest,Medical_Response
INC04113,N1545,Storage Tank Leak,Sulfur Dioxide,Critical,Moderate Wind,274.1,33,R03518;R01271;R02069,5,North,Reroute
INC04114,N1191,Industrial Fire,None,High,Calm,50.4,74,R02880,1,South,Shelter
INC04115,N0524,Explosion,None,Moderate,Strong Wind,389.0,92,R00724;R00325,1,North,Reroute
INC04116,N0396,Explosion,None,Critical,Light Wind,410.4,110,R04788;R03510,4,Southwest,Reroute
INC04117,N1362,Explosion,None,Moderate,Strong Wind,19.0,73,R00193,1,East,Shelter
INC04118,N1196,Industrial Fire,None,Critical,Light Wind,325.6,76,R02984,4,Northeast,Emergency_Response
INC04119,N1275,Explosion,None,Critical,Light Wind,235.6,82,R01842,1,Southeast,Medical_Response
INC04120,N1162,Chemical Leak,Sulfur Dioxide,Moderate,Light Wind,476.7,107,R03882;R04717,1,West,Medical_Response
INC04121,N1910,Chemical Leak,Chlorine,High,Strong Wind,467.2,83,R03073,3,Northeast,Evacuate
INC04122,N1685,Fire,None,Moderate,Moderate Wind,36.7,108,R00451,4,East,Reroute
INC04123,N0033,Storage Tank Leak,Sulfur Dioxide,High,Calm,388.6,85,R01322;R03768,4,Northeast,Evacuate
INC04124,N0314,Explosion,None,High,Moderate Wind,66.2,113,R00731;R04104,4,West,Shelter
INC04125,N1647,Fire,None,High,Strong Wind,369.1,20,R00759;R04740;R04040;R04447,2,Northeast,Road_Closure
INC04126,N1451,Toxic Gas Release,Sulfur Dioxide,High,Strong Wind,193.8,106,R02813;R01540,5,Northwest,Evacuate
INC04127,N0516,Industrial Fire,None,High,Moderate Wind,477.5,18,R04410,1,East,Shelter
INC04128,N0649,Industrial Fire,None,High,Moderate Wind,303.8,1,R00374;R01974,5,North,Medical_Response
INC04129,N1833,Vehicle Chemical Spill,Sulfur Dioxide,High,Light Wind,390.5,81,R00783,5,West,Shelter
INC04130,N0985,Fire,None,High,Moderate Wind,261.2,96,R00718;R02838;R03625;R01805;R01103,1,Southwest,Reroute
INC04131,N1064,Toxic Gas Release,Sulfur Dioxide,Moderate,Moderate Wind,350.7,67,R01564,3,North,Medical_Response
INC04132,N0134,Pipeline Leak,Chlorine,Low,Light Wind,451.5,111,R04748;R00798;R03668,3,North,Emergency_Response
INC04133,N1615,Chemical Leak,Nitrogen Dioxide,Critical,Calm,184.8,103,R00644,4,Northeast,Evacuate
INC04134,N1765,Chemical Leak,Nitrogen Dioxide,Low,Light Wind,82.1,90,R03006;R02710,2,West,Shelter
INC04135,N1744,Chemical Leak,Hydrogen Sulfide,Critical,Calm,292.2,114,R04106;R03234,5,West,Medical_Response
INC04136,N1032,Fire,None,Moderate,Moderate Wind,372.9,119,R00635;R03863;R04650;R01162,5,Northeast,Road_Closure
INC04137,N0432,Toxic Gas Release,Chlorine,High,Light Wind,483.9,104,R02236;R02820;R04633;R03463,2,Northeast,Medical_Response
INC04138,N1933,Toxic Gas Release,Nitrogen Dioxide,High,Moderate Wind,60.7,54,R04676,4,North,Medical_Response
INC04139,N1319,Vehicle Chemical Spill,Hydrogen Sulfide,High,Strong Wind,354.3,82,R03031;R00678;R01084,3,Northwest,Road_Closure
INC04140,N0746,Storage Tank Leak,Chlorine,Critical,Moderate Wind,68.8,33,R03026,1,Southeast,Medical_Response
INC04141,N0333,Chemical Leak,Sulfur Dioxide,Moderate,Calm,58.9,53,R00742,1,West,Shelter
INC04142,N1453,Chemical Leak,Sulfur Dioxide,Moderate,Calm,36.2,64,R02187;R01150,2,South,Road_Closure
INC04143,N0851,Chemical Leak,Nitrogen Dioxide,Moderate,Moderate Wind,170.3,29,R03787,4,Northwest,Emergency_Response
INC04144,N1995,Industrial Fire,None,Critical,Moderate Wind,223.4,1,R01989;R01930;R04183;R04411,4,North,Emergency_Response
INC04145,N1303,Chemical Leak,Hydrogen Sulfide,Critical,Light Wind,115.5,114,R02706;R01320,2,Northwest,Shelter
INC04146,N1168,Storage Tank Leak,Ammonia,High,Light Wind,62.3,64,R00085;R00364;R01907;R04602,1,West,Shelter
INC04147,N1003,Fire,None,Moderate,Calm,243.8,99,R02647;R02876;R01497,1,Southeast,Road_Closure
INC04148,N0306,Vehicle Chemical Spill,Hydrogen Sulfide,Critical,Light Wind,378.3,43,R02247;R04709,4,West,Medical_Response
INC04149,N0984,Chemical Leak,Chlorine,Moderate,Light Wind,257.8,48,R04113,1,Southwest,Reroute
INC04150,N1735,Toxic Gas Release,Ammonia,Critical,Strong Wind,42.2,77,R01541,5,North,Road_Closure
INC04151,N0520,Explosion,None,Critical,Calm,377.4,109,R02387;R01821,5,Northeast,Road_Closure
INC04152,N0050,Explosion,None,Critical,Strong Wind,82.3,7,R02659,3,Northeast,Road_Closure
INC04153,N1733,Explosion,None,Low,Moderate Wind,305.0,11,R02551,5,North,Reroute
INC04154,N1531,Industrial Fire,None,Low,Strong Wind,489.0,16,R01268;R02594;R01348;R03339,3,West,Evacuate
INC04155,N0425,Chemical Leak,Sulfur Dioxide,Critical,Moderate Wind,95.9,4,R03643,5,East,Evacuate
INC04156,N1763,Chemical Leak,Nitrogen Dioxide,High,Strong Wind,350.7,30,R04281;R00991;R01299,4,Northwest,Shelter
INC04157,N0486,Chemical Leak,Hydrogen Sulfide,Critical,Strong Wind,481.9,16,R00838;R00849;R03500;R02087;R03354,4,Southwest,Reroute
INC04158,N0626,Fire,None,Moderate,Calm,342.5,79,R02963;R00171;R01188;R02927,3,North,Medical_Response
INC04159,N1753,Chemical Leak,Ammonia,High,Calm,193.7,54,R02299,4,West,Road_Closure
INC04160,N0496,Explosion,None,Moderate,Calm,41.4,74,R03772;R01465,1,Northwest,Evacuate
INC04161,N1160,Pipeline Leak,Hydrogen Sulfide,High,Light Wind,394.0,92,R03860;R00650,5,South,Emergency_Response
INC04162,N0338,Explosion,None,Critical,Strong Wind,486.1,95,R01533;R01059,3,Southwest,Medical_Response
INC04163,N0840,Toxic Gas Release,Hydrogen Sulfide,Moderate,Strong Wind,38.1,13,R03184;R01536,3,East,Shelter
INC04164,N0048,Fire,None,High,Moderate Wind,46.1,109,R02588;R04575;R01356,1,West,Medical_Response
INC04165,N0606,Explosion,None,Moderate,Calm,246.8,83,R02229;R02648,5,Southeast,Medical_Response
INC04166,N1334,Toxic Gas Release,Chlorine,Critical,Calm,407.6,13,R03063,4,North,Reroute
INC04167,N1477,Fire,None,Low,Calm,286.0,10,R04277,1,East,Shelter
INC04168,N1441,Vehicle Chemical Spill,Ammonia,Critical,Calm,227.9,43,R01196;R00535,2,Southeast,Shelter
INC04169,N0940,Pipeline Leak,Nitrogen Dioxide,Critical,Light Wind,386.1,84,R04458;R03784,1,Southwest,Medical_Response
INC04170,N0248,Industrial Fire,None,High,Moderate Wind,485.4,101,R03539;R04031;R04736;R00295,2,West,Evacuate
INC04171,N0820,Pipeline Leak,Hydrogen Sulfide,Moderate,Calm,355.9,3,R03943,5,Southwest,Evacuate
INC04172,N1259,Storage Tank Leak,Sulfur Dioxide,Moderate,Strong Wind,147.0,79,R00917;R02977,1,Southwest,Shelter
INC04173,N1611,Fire,None,High,Light Wind,464.2,106,R00339;R01790;R00869,4,South,Shelter
INC04174,N1812,Storage Tank Leak,Sulfur Dioxide,Critical,Light Wind,422.3,108,R04185;R02280,1,Southeast,Medical_Response
INC04175,N1817,Vehicle Chemical Spill,Sulfur Dioxide,High,Calm,190.3,119,R02073,5,West,Reroute
INC04176,N0748,Toxic Gas Release,Chlorine,Critical,Light Wind,374.6,94,R01901;R03517;R03076;R03204,2,Northeast,Reroute
INC04177,N0769,Industrial Fire,None,High,Strong Wind,235.5,68,R03967,4,South,Reroute
INC04178,N1250,Explosion,None,High,Moderate Wind,361.8,68,R01683;R04408,4,East,Evacuate
INC04179,N1779,Explosion,None,Moderate,Strong Wind,457.7,48,R04699;R03661;R03850;R00350;R02713,1,Northwest,Reroute
INC04180,N0214,Explosion,None,Critical,Light Wind,41.0,97,R03017;R02654;R00457,4,Southwest,Reroute
INC04181,N0550,Vehicle Chemical Spill,Hydrogen Sulfide,Moderate,Moderate Wind,100.5,105,R04000;R00706,2,West,Road_Closure
INC04182,N2000,Explosion,None,Critical,Light Wind,331.9,36,R01982;R02224,1,North,Road_Closure
INC04183,N0375,Industrial Fire,None,Critical,Light Wind,458.8,100,R02981;R00870,5,Southeast,Evacuate
INC04184,N1044,Vehicle Chemical Spill,Chlorine,Moderate,Moderate Wind,219.5,30,R02539;R02406;R03463,5,Northwest,Road_Closure
INC04185,N0085,Toxic Gas Release,Nitrogen Dioxide,High,Moderate Wind,103.5,22,R01994,3,North,Evacuate
INC04186,N0930,Toxic Gas Release,Hydrogen Sulfide,High,Moderate Wind,136.2,21,R03367;R00956;R00525;R04258,4,Southwest,Emergency_Response
INC04187,N0919,Pipeline Leak,Ammonia,High,Light Wind,92.7,44,R03317;R03230,2,East,Road_Closure
INC04188,N1205,Chemical Leak,Chlorine,High,Moderate Wind,321.8,66,R00665,5,South,Medical_Response
INC04189,N1985,Fire,None,Critical,Light Wind,79.9,62,R03796;R02152,4,Southwest,Reroute
INC04190,N0705,Vehicle Chemical Spill,Nitrogen Dioxide,Moderate,Strong Wind,378.1,106,R04518;R03120;R02866;R04158,3,Northwest,Reroute
INC04191,N1654,Chemical Leak,Hydrogen Sulfide,Moderate,Moderate Wind,124.6,1,R04000;R01238;R02738,2,North,Evacuate
INC04192,N0861,Chemical Leak,Ammonia,Critical,Calm,33.0,19,R01249;R02676;R01206,1,West,Reroute
INC04193,N1129,Industrial Fire,None,Moderate,Moderate Wind,411.9,95,R04163;R03988;R00385;R00316,3,East,Emergency_Response
INC04194,N0395,Fire,None,Low,Light Wind,420.8,45,R04806;R04160;R02603;R01994,4,Southeast,Evacuate
INC04195,N1050,Fire,None,High,Strong Wind,355.5,58,R04122;R02655,5,West,Shelter
INC04196,N1639,Industrial Fire,None,High,Strong Wind,395.8,49,R01712,2,Northwest,Medical_Response
INC04197,N0521,Industrial Fire,None,High,Light Wind,393.4,23,R00775;R00611,3,Northwest,Medical_Response
INC04198,N0326,Toxic Gas Release,Chlorine,Critical,Calm,365.1,21,R03860,5,South,Road_Closure
INC04199,N0313,Chemical Leak,Hydrogen Sulfide,Critical,Calm,49.9,20,R03223;R02827;R00367,5,North,Evacuate
INC04200,N0375,Storage Tank Leak,Sulfur Dioxide,High,Moderate Wind,356.0,110,R00578;R03306;R02707;R04256,5,North,Reroute
INC04201,N1932,Storage Tank Leak,Nitrogen Dioxide,Critical,Moderate Wind,94.3,37,R03246;R00067,3,West,Reroute
INC04202,N0105,Toxic Gas Release,Chlorine,Low,Light Wind,191.9,51,R02629,1,East,Emergency_Response
INC04203,N0387,Storage Tank Leak,Hydrogen Sulfide,Low,Calm,489.6,80,R02666;R01006;R02581;R03164,2,East,Reroute
INC04204,N0787,Chemical Leak,Nitrogen Dioxide,Moderate,Moderate Wind,397.0,29,R00992;R02182,1,Southwest,Emergency_Response
INC04205,N1770,Chemical Leak,Ammonia,Critical,Calm,49.1,60,R02356;R03621;R00033;R02640,4,Northeast,Evacuate
INC04206,N1706,Explosion,None,Critical,Moderate Wind,421.1,16,R01074;R02674;R02649;R00341,1,East,Evacuate
INC04207,N1972,Fire,None,Low,Calm,155.0,9,R02751;R04438,4,East,Shelter
INC04208,N0638,Toxic Gas Release,Nitrogen Dioxide,High,Calm,151.3,114,R04358;R01634;R03781;R00925;R03121,2,North,Emergency_Response
INC04209,N1814,Industrial Fire,None,Moderate,Strong Wind,482.5,98,R03790;R03600,2,Southwest,Reroute
INC04210,N0763,Toxic Gas Release,Ammonia,Moderate,Strong Wind,327.6,28,R04552;R03128,1,Southeast,Reroute
INC04211,N1764,Pipeline Leak,Sulfur Dioxide,High,Light Wind,250.8,35,R03237,1,East,Shelter
INC04212,N0686,Pipeline Leak,Hydrogen Sulfide,High,Calm,247.9,3,R01778;R01286,4,South,Emergency_Response
INC04213,N1909,Chemical Leak,Sulfur Dioxide,High,Strong Wind,111.3,94,R03454;R00340,3,Northwest,Reroute
INC04214,N0814,Industrial Fire,None,Critical,Moderate Wind,174.3,92,R04387;R04046,2,East,Medical_Response
INC04215,N0551,Vehicle Chemical Spill,Ammonia,Critical,Strong Wind,190.0,5,R03585;R04268,4,Northeast,Shelter
INC04216,N0044,Vehicle Chemical Spill,Ammonia,High,Strong Wind,362.0,101,R03017;R01286;R01941,5,South,Reroute
INC04217,N1263,Pipeline Leak,Hydrogen Sulfide,High,Strong Wind,9.3,92,R02777,4,Northwest,Evacuate
INC04218,N1975,Industrial Fire,None,Moderate,Calm,130.5,32,R01332,3,Northwest,Road_Closure
INC04219,N0652,Vehicle Chemical Spill,Hydrogen Sulfide,High,Light Wind,238.7,89,R03098;R02691,5,Northeast,Reroute
INC04220,N1932,Explosion,None,Low,Calm,408.4,37,R01735;R00813,4,East,Road_Closure
INC04221,N0382,Vehicle Chemical Spill,Sulfur Dioxide,Moderate,Calm,193.3,104,R01560,5,South,Reroute
INC04222,N1838,Toxic Gas Release,Sulfur Dioxide,High,Strong Wind,21.4,93,R01358,3,West,Medical_Response
INC04223,N0285,Chemical Leak,Sulfur Dioxide,Critical,Strong Wind,99.4,47,R01484;R02583,4,West,Shelter
INC04224,N0787,Vehicle Chemical Spill,Hydrogen Sulfide,Critical,Calm,222.4,22,R01198,1,North,Evacuate
INC04225,N0279,Chemical Leak,Sulfur Dioxide,Moderate,Calm,437.3,101,R02603;R03138;R02866;R02610,3,Southwest,Shelter
INC04226,N0218,Storage Tank Leak,Nitrogen Dioxide,Moderate,Light Wind,15.7,5,R03109,2,South,Shelter
INC04227,N0335,Explosion,None,High,Moderate Wind,83.4,48,R00223;R02232;R00141,3,North,Road_Closure
INC04228,N1840,Industrial Fire,None,High,Moderate Wind,56.4,77,R04048,4,East,Shelter
INC04229,N0302,Vehicle Chemical Spill,Hydrogen Sulfide,Low,Strong Wind,206.4,45,R02412,5,West,Medical_Response
INC04230,N1724,Chemical Leak,Hydrogen Sulfide,High,Strong Wind,396.7,60,R00453,4,North,Evacuate
INC04231,N0215,Fire,None,Critical,Moderate Wind,92.2,16,R01820,2,East,Evacuate
INC04232,N1467,Explosion,None,Moderate,Moderate Wind,143.4,16,R03280;R04443;R04243,5,West,Shelter
INC04233,N1579,Explosion,None,Moderate,Moderate Wind,50.7,42,R01356;R03851;R04347,1,North,Road_Closure
INC04234,N0124,Pipeline Leak,Nitrogen Dioxide,High,Calm,396.6,34,R00697,3,South,Emergency_Response
INC04235,N1589,Industrial Fire,None,High,Light Wind,18.1,85,R00351,4,West,Evacuate
INC04236,N1356,Storage Tank Leak,Hydrogen Sulfide,Critical,Calm,319.4,40,R00708,5,Southwest,Shelter
INC04237,N0789,Vehicle Chemical Spill,Ammonia,Moderate,Strong Wind,456.0,4,R02047,2,East,Emergency_Response
INC04238,N1115,Pipeline Leak,Sulfur Dioxide,High,Moderate Wind,225.9,46,R04779;R03472;R03742;R03507,1,North,Reroute
INC04239,N1463,Explosion,None,Critical,Strong Wind,437.6,23,R00294;R02538;R02036,2,Southwest,Shelter
INC04240,N0542,Pipeline Leak,Ammonia,Moderate,Calm,255.0,66,R02972,3,South,Shelter
INC04241,N0448,Chemical Leak,Ammonia,Critical,Calm,481.2,87,R02973,5,Northeast,Road_Closure
INC04242,N0020,Chemical Leak,Nitrogen Dioxide,High,Calm,316.4,22,R02040;R02888;R04198,5,South,Reroute
INC04243,N1705,Vehicle Chemical Spill,Ammonia,High,Light Wind,309.1,16,R00142;R03073,1,Northwest,Road_Closure
INC04244,N0213,Storage Tank Leak,Chlorine,Low,Strong Wind,270.7,68,R01933,5,Northeast,Medical_Response
INC04245,N0192,Fire,None,Low,Light Wind,483.8,67,R01804,4,Northwest,Emergency_Response
INC04246,N0784,Pipeline Leak,Ammonia,High,Strong Wind,484.9,79,R04686;R02935,3,Southeast,Emergency_Response
INC04247,N1076,Explosion,None,Moderate,Calm,429.8,40,R02089,3,East,Reroute
INC04248,N1639,Pipeline Leak,Hydrogen Sulfide,Moderate,Moderate Wind,13.1,59,R04698;R02930,5,North,Shelter
INC04249,N0084,Toxic Gas Release,Chlorine,Critical,Calm,190.1,115,R04771,4,North,Reroute
INC04250,N1855,Toxic Gas Release,Chlorine,Low,Calm,464.4,1,R00363,1,Northwest,Road_Closure
INC04251,N1763,Pipeline Leak,Chlorine,High,Strong Wind,265.4,55,R03659,2,Southeast,Reroute
INC04252,N1562,Chemical Leak,Hydrogen Sulfide,High,Moderate Wind,482.2,43,R04289;R03076;R03335;R03435,3,Northwest,Medical_Response
INC04253,N0625,Storage Tank Leak,Nitrogen Dioxide,Critical,Strong Wind,133.0,91,R04768,5,South,Shelter
INC04254,N0386,Fire,None,Critical,Strong Wind,12.7,11,R04769,3,Northwest,Road_Closure
INC04255,N0446,Fire,None,Moderate,Strong Wind,182.6,78,R01508;R03980;R04635,1,Southwest,Emergency_Response
INC04256,N1432,Toxic Gas Release,Ammonia,Low,Strong Wind,125.2,116,R03739;R00128;R00620,1,North,Reroute
INC04257,N0144,Storage Tank Leak,Ammonia,High,Strong Wind,96.9,26,R00477,2,South,Emergency_Response
INC04258,N1205,Explosion,None,Critical,Light Wind,38.7,46,R02641;R00269,1,Southeast,Road_Closure
INC04259,N0198,Chemical Leak,Sulfur Dioxide,Critical,Calm,213.5,64,R00698;R03683,4,Southwest,Emergency_Response
INC04260,N1687,Explosion,None,High,Moderate Wind,292.1,58,R00403;R02870,3,Northwest,Reroute
INC04261,N0667,Industrial Fire,None,Low,Calm,225.5,54,R01696;R01998;R02557;R00585;R04192,5,Southwest,Reroute
INC04262,N1800,Toxic Gas Release,Chlorine,Critical,Calm,280.5,83,R00504;R03154;R03939,2,Northeast,Emergency_Response
INC04263,N0183,Chemical Leak,Sulfur Dioxide,Moderate,Calm,453.1,33,R03417,3,South,Evacuate
INC04264,N0093,Toxic Gas Release,Ammonia,High,Moderate Wind,34.3,21,R04324,2,South,Evacuate
INC04265,N0741,Chemical Leak,Nitrogen Dioxide,Moderate,Moderate Wind,75.9,34,R03440,2,South,Evacuate
INC04266,N1126,Industrial Fire,None,High,Light Wind,400.1,49,R02504,1,Southwest,Reroute
INC04267,N0705,Fire,None,Moderate,Light Wind,231.5,79,R02886;R02257;R01739;R00321;R04484,3,Southeast,Road_Closure
INC04268,N1587,Vehicle Chemical Spill,Nitrogen Dioxide,Moderate,Strong Wind,251.4,81,R03092,3,South,Shelter
INC04269,N0400,Fire,None,Critical,Strong Wind,204.9,80,R04166;R04237,3,Northwest,Medical_Response
INC04270,N1325,Pipeline Leak,Ammonia,Low,Light Wind,438.0,111,R03467;R00644;R04642;R03476;R00890,3,Southwest,Evacuate
INC04271,N0374,Explosion,None,Critical,Calm,381.4,11,R03199;R01666;R01968,2,North,Evacuate
INC04272,N1393,Chemical Leak,Ammonia,Critical,Moderate Wind,433.7,10,R02804,4,Southeast,Emergency_Response
INC04273,N1810,Vehicle Chemical Spill,Chlorine,High,Light Wind,81.2,54,R03052,3,East,Medical_Response
INC04274,N1390,Vehicle Chemical Spill,Nitrogen Dioxide,High,Calm,369.5,91,R01313,1,South,Reroute
INC04275,N1359,Storage Tank Leak,Chlorine,High,Strong Wind,397.9,5,R04318,1,Southeast,Medical_Response
INC04276,N1598,Pipeline Leak,Sulfur Dioxide,High,Strong Wind,56.6,49,R02055,4,East,Emergency_Response
INC04277,N0906,Toxic Gas Release,Chlorine,Critical,Moderate Wind,90.7,40,R04271,5,Northwest,Shelter
INC04278,N1842,Explosion,None,Critical,Strong Wind,352.8,90,R04249,3,North,Shelter
INC04279,N1809,Pipeline Leak,Hydrogen Sulfide,High,Calm,187.8,73,R03994;R00402,5,Southwest,Road_Closure
INC04280,N1901,Storage Tank Leak,Nitrogen Dioxide,Critical,Strong Wind,465.3,75,R00482,4,South,Emergency_Response
INC04281,N1884,Storage Tank Leak,Nitrogen Dioxide,High,Light Wind,427.5,102,R02250,3,West,Emergency_Response
INC04282,N1604,Pipeline Leak,Chlorine,High,Strong Wind,385.6,42,R02543,3,West,Reroute
INC04283,N0570,Chemical Leak,Hydrogen Sulfide,Moderate,Light Wind,52.4,107,R02940,4,West,Road_Closure
INC04284,N1922,Toxic Gas Release,Sulfur Dioxide,High,Strong Wind,259.9,44,R04581;R03404,4,Northwest,Shelter
INC04285,N0630,Chemical Leak,Hydrogen Sulfide,High,Light Wind,304.8,3,R03728,4,Northeast,Reroute
INC04286,N1806,Pipeline Leak,Chlorine,Critical,Moderate Wind,372.8,32,R00149,4,East,Shelter
INC04287,N0310,Explosion,None,Low,Strong Wind,230.5,43,R01002;R03368;R02705,1,West,Road_Closure
INC04288,N0955,Vehicle Chemical Spill,Ammonia,High,Strong Wind,239.6,91,R02281;R04201;R02506,1,South,Reroute
INC04289,N0638,Industrial Fire,None,Moderate,Moderate Wind,167.6,81,R01385,1,East,Reroute
INC04290,N0415,Industrial Fire,None,High,Light Wind,12.2,111,R01419,2,Northwest,Medical_Response
INC04291,N1380,Fire,None,Critical,Calm,401.6,98,R03499,3,South,Reroute
INC04292,N1300,Pipeline Leak,Chlorine,High,Calm,323.0,9,R04740;R03721;R03304;R00563,3,South,Road_Closure
INC04293,N0613,Chemical Leak,Hydrogen Sulfide,High,Strong Wind,445.2,10,R00763,5,Northwest,Road_Closure
INC04294,N1635,Industrial Fire,None,High,Light Wind,191.1,117,R01987;R00187;R01573,2,North,Road_Closure
INC04295,N0457,Explosion,None,High,Moderate Wind,394.5,84,R04615;R00865;R03172;R03111,5,East,Reroute
INC04296,N0089,Storage Tank Leak,Hydrogen Sulfide,Critical,Moderate Wind,70.8,118,R00219,3,North,Reroute
INC04297,N1677,Explosion,None,High,Light Wind,116.2,102,R03104;R00167;R02046,1,West,Road_Closure
INC04298,N0179,Industrial Fire,None,Low,Light Wind,290.7,2,R01145;R03071;R04605;R03164,2,Southwest,Evacuate
INC04299,N0140,Vehicle Chemical Spill,Hydrogen Sulfide,Moderate,Strong Wind,80.5,113,R03406;R00337,5,Southeast,Reroute
INC04300,N1025,Industrial Fire,None,Critical,Moderate Wind,98.9,107,R04354,3,Northwest,Medical_Response
INC04301,N0405,Vehicle Chemical Spill,Hydrogen Sulfide,High,Moderate Wind,193.5,106,R04502;R01802,1,West,Reroute
INC04302,N1083,Storage Tank Leak,Nitrogen Dioxide,High,Light Wind,452.4,54,R04525;R04255,3,East,Medical_Response
INC04303,N0191,Toxic Gas Release,Chlorine,Low,Calm,485.5,51,R01543,2,East,Medical_Response
INC04304,N1318,Chemical Leak,Ammonia,Low,Strong Wind,193.6,103,R00878;R00122;R01058,1,East,Evacuate
INC04305,N0662,Fire,None,High,Strong Wind,210.4,81,R02416;R00429;R04753,1,Southeast,Medical_Response
INC04306,N0319,Storage Tank Leak,Hydrogen Sulfide,High,Calm,141.3,107,R00880,1,Southeast,Reroute
INC04307,N1003,Storage Tank Leak,Ammonia,Moderate,Moderate Wind,398.2,71,R04420;R00628;R00182,1,West,Shelter
INC04308,N0836,Explosion,None,High,Calm,375.2,27,R01168;R01166,3,South,Evacuate
INC04309,N1112,Fire,None,Moderate,Strong Wind,208.7,76,R04258;R01326;R01676,2,West,Medical_Response
INC04310,N1276,Fire,None,Moderate,Light Wind,393.6,100,R00039;R03258,2,West,Reroute
INC04311,N0908,Toxic Gas Release,Chlorine,Moderate,Light Wind,318.8,84,R02360;R02745,1,Southeast,Reroute
INC04312,N1965,Industrial Fire,None,Moderate,Light Wind,438.9,100,R01559;R02856,1,Northwest,Evacuate
INC04313,N1868,Explosion,None,Low,Light Wind,27.4,72,R00597;R02666;R01101,3,Northeast,Road_Closure
INC04314,N0025,Chemical Leak,Ammonia,High,Light Wind,121.0,67,R01393;R01324;R04369,5,East,Medical_Response
INC04315,N1620,Pipeline Leak,Ammonia,Low,Moderate Wind,456.1,54,R04604;R00887;R04097,4,North,Evacuate
INC04316,N1242,Toxic Gas Release,Hydrogen Sulfide,High,Strong Wind,84.1,18,R03260;R03030;R04429,3,East,Emergency_Response
INC04317,N0237,Vehicle Chemical Spill,Ammonia,Critical,Moderate Wind,370.3,49,R02411;R03021;R03016,4,Southwest,Emergency_Response
INC04318,N1911,Storage Tank Leak,Chlorine,High,Moderate Wind,178.5,15,R04751;R02030;R00283,5,Northwest,Evacuate
INC04319,N0974,Vehicle Chemical Spill,Sulfur Dioxide,Critical,Light Wind,178.0,63,R01262,5,West,Shelter
INC04320,N1656,Industrial Fire,None,High,Moderate Wind,205.8,2,R03645,2,South,Evacuate
INC04321,N0043,Industrial Fire,None,High,Moderate Wind,214.1,52,R01063;R00870;R01058;R02545;R00702,4,South,Medical_Response
INC04322,N1033,Pipeline Leak,Ammonia,Moderate,Calm,86.4,24,R02863;R04788;R01237;R03005,3,South,Shelter
INC04323,N1208,Vehicle Chemical Spill,Sulfur Dioxide,Critical,Calm,207.5,79,R00604,3,North,Reroute
INC04324,N1370,Chemical Leak,Hydrogen Sulfide,High,Moderate Wind,472.4,40,R01131;R02312,1,Southwest,Emergency_Response
INC04325,N1755,Pipeline Leak,Sulfur Dioxide,Low,Strong Wind,444.8,5,R04532;R02377;R01536;R01191,3,Southeast,Evacuate
INC04326,N0352,Chemical Leak,Hydrogen Sulfide,High,Moderate Wind,452.5,28,R02741,1,East,Shelter
INC04327,N0389,Storage Tank Leak,Ammonia,Moderate,Strong Wind,235.4,36,R01534,4,Northeast,Evacuate
INC04328,N0055,Pipeline Leak,Sulfur Dioxide,Critical,Moderate Wind,441.1,65,R04620;R02631;R04616;R00906,4,North,Emergency_Response
INC04329,N1841,Explosion,None,High,Light Wind,296.2,25,R00021;R02072,5,North,Evacuate
INC04330,N0166,Industrial Fire,None,Moderate,Strong Wind,282.2,113,R03094;R03861,4,West,Evacuate
INC04331,N0163,Vehicle Chemical Spill,Ammonia,High,Calm,129.4,26,R02055;R01527,1,Northeast,Evacuate
INC04332,N1777,Pipeline Leak,Ammonia,Critical,Calm,333.8,110,R00130,1,South,Evacuate
INC04333,N1212,Storage Tank Leak,Nitrogen Dioxide,Low,Light Wind,236.4,87,R00523;R04371;R02082;R02925,5,Northwest,Shelter
INC04334,N1304,Vehicle Chemical Spill,Hydrogen Sulfide,High,Moderate Wind,180.7,66,R01966;R02333;R01567,3,North,Reroute
INC04335,N0612,Storage Tank Leak,Chlorine,High,Moderate Wind,254.9,7,R01990,2,Southeast,Medical_Response
INC04336,N0069,Fire,None,High,Moderate Wind,164.3,66,R00196,5,North,Evacuate
INC04337,N1693,Explosion,None,Critical,Calm,232.2,55,R02737;R02660;R02778,2,Northwest,Medical_Response
INC04338,N0688,Toxic Gas Release,Ammonia,High,Moderate Wind,380.4,18,R00876,4,Southeast,Shelter
INC04339,N1297,Industrial Fire,None,Critical,Strong Wind,235.5,92,R00095;R01910,3,East,Reroute
INC04340,N1024,Chemical Leak,Nitrogen Dioxide,High,Moderate Wind,455.0,76,R02130,5,East,Medical_Response
INC04341,N0314,Storage Tank Leak,Sulfur Dioxide,Low,Moderate Wind,356.7,87,R03446,4,West,Road_Closure
INC04342,N0975,Pipeline Leak,Nitrogen Dioxide,Moderate,Strong Wind,7.8,80,R01312;R04797,3,Northeast,Evacuate
INC04343,N0545,Vehicle Chemical Spill,Hydrogen Sulfide,Moderate,Strong Wind,335.4,13,R03086;R03516;R01551;R02969,4,East,Emergency_Response
INC04344,N0878,Fire,None,Moderate,Calm,250.4,34,R01836,5,Southwest,Emergency_Response
INC04345,N1311,Explosion,None,Low,Calm,31.7,94,R03820,3,Northeast,Medical_Response
INC04346,N0759,Pipeline Leak,Hydrogen Sulfide,Moderate,Calm,84.8,37,R00687;R04764,3,Northwest,Road_Closure
INC04347,N1178,Pipeline Leak,Sulfur Dioxide,Moderate,Calm,379.5,46,R00358;R03493;R04481,2,Southwest,Medical_Response
INC04348,N1401,Explosion,None,High,Light Wind,182.6,84,R03374,5,Southeast,Reroute
INC04349,N1292,Toxic Gas Release,Nitrogen Dioxide,Critical,Calm,31.0,22,R02985,2,Northwest,Evacuate
INC04350,N0739,Toxic Gas Release,Nitrogen Dioxide,Moderate,Calm,193.6,46,R00915;R04036;R01532,4,Southeast,Shelter
INC04351,N0931,Explosion,None,Moderate,Calm,388.7,72,R03928,3,Northwest,Evacuate
INC04352,N1461,Industrial Fire,None,Moderate,Calm,324.3,64,R03676,3,Southeast,Road_Closure
INC04353,N1105,Fire,None,Low,Strong Wind,142.9,6,R04002,5,North,Emergency_Response
INC04354,N0384,Vehicle Chemical Spill,Sulfur Dioxide,Moderate,Strong Wind,204.2,34,R02398;R03809;R02300,1,West,Reroute
INC04355,N0390,Fire,None,High,Moderate Wind,85.8,67,R00916,2,Northeast,Reroute
INC04356,N0724,Vehicle Chemical Spill,Nitrogen Dioxide,Critical,Moderate Wind,80.6,29,R03026;R03086,5,East,Road_Closure
INC04357,N1574,Toxic Gas Release,Nitrogen Dioxide,High,Moderate Wind,202.7,12,R04190,2,Northeast,Evacuate
INC04358,N1115,Chemical Leak,Nitrogen Dioxide,High,Light Wind,491.6,8,R04044,3,South,Road_Closure
INC04359,N1287,Fire,None,High,Calm,368.2,91,R01742,2,East,Emergency_Response
INC04360,N0671,Toxic Gas Release,Chlorine,Critical,Strong Wind,268.6,77,R00072,5,East,Evacuate
INC04361,N0449,Industrial Fire,None,Moderate,Strong Wind,26.2,78,R01448;R04243;R04776;R00673,5,Northeast,Shelter
INC04362,N1346,Industrial Fire,None,Critical,Strong Wind,316.3,17,R04360,5,South,Road_Closure
INC04363,N0711,Explosion,None,High,Light Wind,264.3,71,R02309,1,Northeast,Emergency_Response
INC04364,N0103,Toxic Gas Release,Nitrogen Dioxide,Critical,Strong Wind,223.2,33,R01839;R02169,3,South,Emergency_Response
INC04365,N0791,Explosion,None,High,Calm,497.3,74,R02644;R03624,4,West,Reroute
INC04366,N1193,Fire,None,Critical,Strong Wind,363.6,48,R01087,1,South,Medical_Response
INC04367,N0670,Industrial Fire,None,High,Light Wind,71.5,34,R00277;R01613;R04078,2,West,Reroute
INC04368,N0193,Toxic Gas Release,Chlorine,Moderate,Calm,133.5,8,R04499,1,Southwest,Medical_Response
INC04369,N0950,Explosion,None,High,Light Wind,476.9,21,R04175,1,North,Shelter
INC04370,N1366,Vehicle Chemical Spill,Nitrogen Dioxide,Critical,Light Wind,100.0,22,R00258;R01377;R04179,3,East,Road_Closure
INC04371,N0953,Fire,None,Moderate,Calm,401.3,83,R03022;R01218;R00400,1,West,Shelter
INC04372,N0597,Explosion,None,Critical,Calm,466.1,117,R02380;R03216,5,Southwest,Road_Closure
INC04373,N1361,Toxic Gas Release,Chlorine,Low,Strong Wind,407.4,103,R03720,2,Southwest,Evacuate
INC04374,N0129,Explosion,None,Critical,Calm,298.7,87,R02970;R02242;R02504;R04393,1,East,Shelter
INC04375,N0906,Toxic Gas Release,Hydrogen Sulfide,Low,Strong Wind,477.3,74,R03328;R04531;R02238;R03447,5,East,Reroute
INC04376,N1784,Pipeline Leak,Nitrogen Dioxide,High,Light Wind,83.5,77,R03255;R00688,1,South,Emergency_Response
INC04377,N1617,Chemical Leak,Hydrogen Sulfide,Moderate,Light Wind,14.2,73,R03759,3,Northwest,Emergency_Response
INC04378,N1605,Storage Tank Leak,Chlorine,Moderate,Calm,342.2,93,R03171;R00763;R00141;R02345,3,North,Reroute
INC04379,N0938,Pipeline Leak,Chlorine,Critical,Light Wind,147.6,67,R01385;R04548;R00237,5,Northeast,Reroute
INC04380,N1675,Vehicle Chemical Spill,Nitrogen Dioxide,Critical,Light Wind,48.4,55,R03349,1,South,Shelter
INC04381,N0036,Pipeline Leak,Ammonia,High,Moderate Wind,384.2,119,R03686;R01794,5,Southwest,Road_Closure
INC04382,N1756,Pipeline Leak,Ammonia,High,Calm,241.8,108,R01105;R04410,2,East,Medical_Response
INC04383,N1823,Vehicle Chemical Spill,Chlorine,Moderate,Strong Wind,220.6,52,R02513;R02950;R02167,3,Northeast,Medical_Response
INC04384,N0180,Storage Tank Leak,Sulfur Dioxide,Moderate,Calm,116.8,11,R03051,1,East,Road_Closure
INC04385,N0228,Pipeline Leak,Chlorine,High,Strong Wind,465.2,98,R00489;R00152;R03319;R02151,5,South,Evacuate
INC04386,N1072,Industrial Fire,None,High,Calm,107.3,77,R04273,5,South,Reroute
INC04387,N0191,Vehicle Chemical Spill,Ammonia,Moderate,Strong Wind,403.5,118,R03131,4,Southeast,Road_Closure
INC04388,N0758,Toxic Gas Release,Chlorine,Moderate,Moderate Wind,371.9,74,R01413,4,South,Medical_Response
INC04389,N0976,Chemical Leak,Sulfur Dioxide,High,Light Wind,423.6,50,R00826;R00131,3,North,Emergency_Response
INC04390,N1735,Chemical Leak,Sulfur Dioxide,High,Calm,48.8,64,R03062,1,North,Road_Closure
INC04391,N1645,Vehicle Chemical Spill,Hydrogen Sulfide,High,Light Wind,28.2,98,R00322;R01646,1,Northwest,Medical_Response
INC04392,N0130,Pipeline Leak,Sulfur Dioxide,High,Light Wind,451.7,7,R02392;R02046,2,North,Emergency_Response
INC04393,N0056,Chemical Leak,Sulfur Dioxide,High,Light Wind,433.4,62,R03740,3,East,Emergency_Response
INC04394,N1732,Vehicle Chemical Spill,Nitrogen Dioxide,Moderate,Strong Wind,353.2,6,R01809;R03472,5,Southeast,Evacuate
INC04395,N1153,Pipeline Leak,Hydrogen Sulfide,Critical,Calm,366.6,3,R02750,5,Southeast,Medical_Response
INC04396,N1633,Chemical Leak,Ammonia,Low,Calm,283.9,38,R00649;R04752,2,North,Evacuate
INC04397,N0953,Storage Tank Leak,Chlorine,Moderate,Light Wind,352.0,8,R04183,2,South,Road_Closure
INC04398,N1638,Industrial Fire,None,Critical,Light Wind,15.6,69,R01359;R02854;R04193,1,East,Emergency_Response
INC04399,N1966,Fire,None,Low,Calm,18.2,47,R04507;R01512;R02189,5,Southwest,Reroute
INC04400,N0095,Fire,None,High,Strong Wind,294.4,108,R01063;R04457;R00819;R02962;R00528,3,West,Evacuate
INC04401,N0399,Storage Tank Leak,Hydrogen Sulfide,Critical,Light Wind,194.8,94,R03916,4,West,Reroute
INC04402,N1350,Explosion,None,High,Calm,114.5,51,R04617;R00473;R04151;R03214,3,Northeast,Road_Closure
INC04403,N0729,Storage Tank Leak,Chlorine,High,Strong Wind,205.3,1,R01844,3,Northwest,Evacuate
INC04404,N0784,Explosion,None,High,Calm,375.2,18,R01112,5,East,Emergency_Response
INC04405,N1413,Industrial Fire,None,Low,Light Wind,431.1,92,R00996;R01937;R00647,4,North,Shelter
INC04406,N1940,Toxic Gas Release,Chlorine,Moderate,Calm,333.4,71,R04644,4,South,Reroute
INC04407,N1419,Explosion,None,High,Strong Wind,119.8,67,R02336;R03843;R02359,4,Northwest,Emergency_Response
INC04408,N0651,Explosion,None,Critical,Moderate Wind,379.5,100,R04484;R01262;R01279,5,West,Medical_Response
INC04409,N1524,Fire,None,High,Calm,132.1,63,R02683;R03185,4,Northeast,Emergency_Response
INC04410,N0578,Fire,None,Moderate,Light Wind,395.9,68,R01132,2,Northeast,Medical_Response
INC04411,N0684,Pipeline Leak,Chlorine,Critical,Light Wind,492.6,97,R02136;R03451;R02553;R04102,2,Southeast,Reroute
INC04412,N1440,Vehicle Chemical Spill,Sulfur Dioxide,High,Moderate Wind,106.0,98,R01472;R01687;R01692,3,South,Reroute
INC04413,N0934,Chemical Leak,Nitrogen Dioxide,Moderate,Moderate Wind,204.3,1,R00321,5,South,Shelter
INC04414,N1876,Vehicle Chemical Spill,Sulfur Dioxide,High,Moderate Wind,150.8,4,R03077,4,Northeast,Road_Closure
INC04415,N0724,Industrial Fire,None,High,Calm,371.6,65,R04192;R03180,1,Southwest,Emergency_Response
INC04416,N1689,Toxic Gas Release,Hydrogen Sulfide,Moderate,Light Wind,195.5,15,R01513;R01973,3,Northeast,Reroute
INC04417,N1944,Pipeline Leak,Chlorine,Moderate,Strong Wind,391.3,6,R01552,3,Southeast,Shelter
INC04418,N1288,Pipeline Leak,Ammonia,Critical,Moderate Wind,339.5,48,R02166;R04303;R03329,2,West,Medical_Response
INC04419,N1207,Toxic Gas Release,Sulfur Dioxide,Low,Moderate Wind,439.0,78,R04031,1,South,Road_Closure
INC04420,N0793,Vehicle Chemical Spill,Nitrogen Dioxide,Moderate,Strong Wind,371.8,112,R03976;R04439,2,South,Evacuate
INC04421,N1121,Pipeline Leak,Ammonia,Moderate,Calm,260.0,97,R02339;R02428,4,Northeast,Emergency_Response
INC04422,N1274,Industrial Fire,None,High,Moderate Wind,32.0,8,R03615;R02468,4,South,Road_Closure
INC04423,N1764,Storage Tank Leak,Ammonia,Critical,Light Wind,35.3,108,R03097,4,East,Reroute
INC04424,N0880,Vehicle Chemical Spill,Nitrogen Dioxide,Moderate,Light Wind,92.8,30,R03151;R02690;R04437;R04384;R01304,1,West,Road_Closure
INC04425,N0298,Toxic Gas Release,Hydrogen Sulfide,High,Strong Wind,82.5,5,R02856;R00449;R03679,4,Southwest,Emergency_Response
INC04426,N1370,Storage Tank Leak,Ammonia,Moderate,Calm,63.1,104,R03578;R02534,3,South,Medical_Response
INC04427,N0004,Industrial Fire,None,High,Calm,124.8,18,R04482,5,North,Emergency_Response
INC04428,N1622,Explosion,None,Moderate,Calm,191.2,57,R02018,1,West,Evacuate
INC04429,N0590,Pipeline Leak,Chlorine,Moderate,Moderate Wind,38.9,34,R02341,1,West,Reroute
INC04430,N1802,Storage Tank Leak,Chlorine,Critical,Moderate Wind,285.1,113,R00118;R00786,3,Southwest,Reroute
INC04431,N0972,Fire,None,Moderate,Light Wind,187.4,40,R04523;R04181,5,Northeast,Emergency_Response
INC04432,N1264,Industrial Fire,None,High,Calm,228.3,6,R02986;R01660;R00318;R00424,1,Northeast,Reroute
INC04433,N1776,Pipeline Leak,Ammonia,Moderate,Calm,151.8,42,R00015;R00118;R00200;R02481,1,South,Shelter
INC04434,N1252,Explosion,None,High,Light Wind,361.8,84,R02827;R01473,5,South,Shelter
INC04435,N0120,Toxic Gas Release,Hydrogen Sulfide,High,Calm,219.1,75,R04658;R01643;R02027,4,Northeast,Evacuate
INC04436,N1131,Chemical Leak,Hydrogen Sulfide,Low,Strong Wind,14.6,119,R03427,2,Northeast,Shelter
INC04437,N0163,Vehicle Chemical Spill,Chlorine,High,Strong Wind,293.2,98,R03010;R03988,4,Northeast,Shelter
INC04438,N0363,Industrial Fire,None,Critical,Strong Wind,311.5,22,R03643;R04451,3,East,Medical_Response
INC04439,N1812,Explosion,None,Moderate,Strong Wind,303.0,70,R01436;R00858,2,Southwest,Shelter
INC04440,N1155,Fire,None,Low,Calm,263.1,99,R00250,4,North,Road_Closure
INC04441,N1747,Chemical Leak,Nitrogen Dioxide,High,Calm,252.5,11,R03369;R03907,2,Northwest,Road_Closure
INC04442,N1074,Pipeline Leak,Ammonia,High,Strong Wind,106.8,10,R00414,4,West,Shelter
INC04443,N1927,Toxic Gas Release,Nitrogen Dioxide,Critical,Moderate Wind,364.5,95,R04434,4,South,Emergency_Response
INC04444,N0672,Explosion,None,Low,Moderate Wind,371.6,113,R01211;R02927;R01979;R04375,1,Southwest,Road_Closure
INC04445,N1113,Industrial Fire,None,High,Moderate Wind,54.3,87,R04416,2,Northwest,Road_Closure
INC04446,N1654,Fire,None,High,Strong Wind,418.8,5,R04197,1,Southeast,Reroute
INC04447,N0483,Storage Tank Leak,Sulfur Dioxide,Moderate,Moderate Wind,310.0,37,R01559,1,Northeast,Emergency_Response
INC04448,N1959,Storage Tank Leak,Chlorine,High,Moderate Wind,167.9,76,R01023,4,Southeast,Evacuate
INC04449,N1139,Chemical Leak,Sulfur Dioxide,High,Calm,480.5,49,R03903,4,Southwest,Road_Closure
INC04450,N0375,Fire,None,Moderate,Strong Wind,229.9,50,R03091;R01015,5,South,Evacuate
INC04451,N1226,Explosion,None,Low,Calm,463.3,118,R01428;R02496,5,Southeast,Evacuate
INC04452,N0880,Explosion,None,Moderate,Calm,22.4,38,R00585,5,East,Medical_Response
INC04453,N0949,Pipeline Leak,Ammonia,Critical,Moderate Wind,27.0,31,R00117,4,East,Reroute
INC04454,N1568,Fire,None,Moderate,Moderate Wind,438.6,10,R00529;R03170;R01604;R04478,1,East,Shelter
INC04455,N0897,Toxic Gas Release,Ammonia,Critical,Moderate Wind,192.9,58,R03604,5,South,Shelter
INC04456,N0973,Pipeline Leak,Sulfur Dioxide,High,Strong Wind,424.4,112,R02869;R00648;R04610,4,Southwest,Evacuate
INC04457,N0674,Industrial Fire,None,Low,Calm,130.5,100,R00967;R00009,4,Southeast,Shelter
INC04458,N0346,Explosion,None,High,Light Wind,262.8,106,R01669;R02502,4,East,Road_Closure
INC04459,N1137,Pipeline Leak,Sulfur Dioxide,Critical,Calm,224.3,75,R04785;R03300,2,Southeast,Shelter
INC04460,N0192,Storage Tank Leak,Sulfur Dioxide,Moderate,Strong Wind,376.5,36,R00919;R04631,3,Northwest,Evacuate
INC04461,N0965,Pipeline Leak,Sulfur Dioxide,High,Light Wind,153.1,66,R04237,1,Southwest,Emergency_Response
INC04462,N0064,Toxic Gas Release,Chlorine,High,Strong Wind,228.1,51,R01933,1,Northwest,Emergency_Response
INC04463,N0901,Toxic Gas Release,Ammonia,Critical,Moderate Wind,313.8,112,R00397,5,Southeast,Road_Closure
INC04464,N1050,Explosion,None,Critical,Calm,274.6,28,R02712,4,Southwest,Reroute
INC04465,N1872,Fire,None,Critical,Strong Wind,386.5,50,R00517,4,Southeast,Shelter
INC04466,N0517,Industrial Fire,None,High,Calm,6.2,91,R00256;R00053,4,North,Road_Closure
INC04467,N0086,Chemical Leak,Nitrogen Dioxide,Critical,Light Wind,172.4,119,R04737,2,West,Road_Closure
INC04468,N1709,Vehicle Chemical Spill,Hydrogen Sulfide,Moderate,Moderate Wind,496.4,107,R02685;R00500;R02156;R04238,4,Southeast,Shelter
INC04469,N1091,Toxic Gas Release,Hydrogen Sulfide,Low,Strong Wind,393.9,78,R03637,3,Northeast,Evacuate
INC04470,N0497,Toxic Gas Release,Chlorine,High,Moderate Wind,195.9,56,R02786,4,Southeast,Road_Closure
INC04471,N1346,Fire,None,High,Strong Wind,311.0,87,R04304;R03389,1,Southwest,Road_Closure
INC04472,N1084,Vehicle Chemical Spill,Nitrogen Dioxide,Moderate,Calm,181.8,111,R03809;R01555;R01511;R00879,5,East,Evacuate
INC04473,N1461,Fire,None,Critical,Light Wind,155.4,85,R04013;R03872;R02012,3,West,Medical_Response
INC04474,N1998,Pipeline Leak,Nitrogen Dioxide,Low,Moderate Wind,24.7,40,R03397;R00297;R01508,3,Northwest,Shelter
INC04475,N1806,Vehicle Chemical Spill,Chlorine,Moderate,Light Wind,64.0,60,R00330;R00982;R03912;R03689,3,West,Shelter
INC04476,N1201,Chemical Leak,Sulfur Dioxide,Moderate,Light Wind,319.2,39,R04047;R03919,4,West,Evacuate
INC04477,N1919,Industrial Fire,None,High,Strong Wind,239.3,112,R01262,5,Southeast,Reroute
INC04478,N0327,Pipeline Leak,Chlorine,High,Light Wind,120.7,18,R04355,3,Southwest,Shelter
INC04479,N1476,Storage Tank Leak,Sulfur Dioxide,Critical,Strong Wind,211.9,40,R03351,5,Northwest,Emergency_Response
INC04480,N1867,Explosion,None,High,Calm,311.5,2,R02100;R03327;R01112,4,Northeast,Medical_Response
INC04481,N0081,Toxic Gas Release,Chlorine,Critical,Moderate Wind,81.6,71,R02276;R00052;R04465;R02086,5,Northwest,Emergency_Response
INC04482,N0815,Fire,None,Critical,Calm,425.8,110,R01076,5,Northeast,Road_Closure
INC04483,N1648,Pipeline Leak,Chlorine,Critical,Strong Wind,447.1,3,R02372;R03932;R03834,5,Southeast,Shelter
INC04484,N1051,Explosion,None,Moderate,Moderate Wind,54.3,7,R04516;R01454,3,East,Emergency_Response
INC04485,N0899,Industrial Fire,None,Moderate,Calm,96.8,68,R00154,1,West,Evacuate
INC04486,N1225,Vehicle Chemical Spill,Ammonia,High,Moderate Wind,194.5,84,R01209,1,East,Evacuate
INC04487,N0158,Storage Tank Leak,Chlorine,Critical,Calm,108.0,69,R00977;R00389,5,Northeast,Medical_Response
INC04488,N0504,Storage Tank Leak,Ammonia,High,Light Wind,342.1,47,R00588;R02826,4,East,Medical_Response
INC04489,N1144,Pipeline Leak,Ammonia,Moderate,Light Wind,77.8,46,R01885;R02854,1,Northwest,Evacuate
INC04490,N1951,Fire,None,Moderate,Moderate Wind,153.1,107,R00802;R00176,2,Northwest,Evacuate
INC04491,N0410,Fire,None,Moderate,Strong Wind,80.9,87,R03216,2,Southeast,Medical_Response
INC04492,N0013,Chemical Leak,Nitrogen Dioxide,Low,Light Wind,281.4,30,R03681,4,Southwest,Shelter
INC04493,N1808,Industrial Fire,None,High,Light Wind,195.5,72,R01702;R04499,1,East,Medical_Response
INC04494,N1185,Industrial Fire,None,High,Light Wind,173.9,61,R02717,1,South,Reroute
INC04495,N0467,Vehicle Chemical Spill,Chlorine,Critical,Light Wind,188.4,59,R04632;R00466,5,North,Medical_Response
INC04496,N0364,Chemical Leak,Hydrogen Sulfide,High,Light Wind,138.8,16,R01020;R04441;R01110,4,West,Reroute
INC04497,N0776,Chemical Leak,Hydrogen Sulfide,High,Light Wind,43.5,10,R00574,1,West,Reroute
INC04498,N1932,Chemical Leak,Chlorine,Moderate,Strong Wind,321.8,82,R01923;R00579,1,Southeast,Evacuate
INC04499,N0616,Pipeline Leak,Nitrogen Dioxide,Critical,Strong Wind,213.4,75,R01041;R01769;R01646;R01773,2,Northeast,Road_Closure
INC04500,N1555,Industrial Fire,None,High,Light Wind,243.6,4,R02126,4,Northwest,Medical_Response
INC04501,N1274,Storage Tank Leak,Hydrogen Sulfide,High,Moderate Wind,473.9,118,R02524;R03799;R00941,2,West,Medical_Response
INC04502,N1718,Chemical Leak,Sulfur Dioxide,High,Strong Wind,134.2,33,R00271;R03545,5,Southwest,Emergency_Response
INC04503,N0265,Storage Tank Leak,Sulfur Dioxide,Critical,Moderate Wind,348.4,51,R02464;R02182,5,Southeast,Road_Closure
INC04504,N1215,Toxic Gas Release,Hydrogen Sulfide,Critical,Moderate Wind,449.5,81,R00333;R04772;R01622,3,Northeast,Emergency_Response
INC04505,N0797,Industrial Fire,None,Moderate,Moderate Wind,89.9,32,R00012;R01546,3,Northeast,Medical_Response
INC04506,N0709,Pipeline Leak,Hydrogen Sulfide,High,Calm,368.8,74,R02744;R04538,4,Northeast,Road_Closure
INC04507,N0082,Chemical Leak,Nitrogen Dioxide,High,Calm,402.3,11,R01152,5,East,Road_Closure
INC04508,N1254,Vehicle Chemical Spill,Hydrogen Sulfide,High,Calm,314.6,19,R03288;R02624,1,Northwest,Reroute
INC04509,N1822,Vehicle Chemical Spill,Sulfur Dioxide,High,Calm,117.7,104,R04731;R03317;R04054,4,East,Evacuate
INC04510,N1237,Vehicle Chemical Spill,Sulfur Dioxide,Critical,Moderate Wind,362.9,117,R02993;R01778,3,West,Medical_Response
INC04511,N0606,Toxic Gas Release,Ammonia,Moderate,Strong Wind,246.2,82,R04041,2,Northwest,Road_Closure
INC04512,N1819,Vehicle Chemical Spill,Hydrogen Sulfide,Critical,Light Wind,289.8,41,R04220;R03183;R04717;R00216,5,Southwest,Evacuate
INC04513,N1484,Toxic Gas Release,Hydrogen Sulfide,Moderate,Strong Wind,264.7,39,R00398;R00765,4,Northeast,Shelter
INC04514,N1347,Toxic Gas Release,Hydrogen Sulfide,Moderate,Strong Wind,213.3,28,R04283,3,South,Emergency_Response
INC04515,N0628,Storage Tank Leak,Chlorine,High,Light Wind,499.2,54,R00666,5,North,Evacuate
INC04516,N1356,Toxic Gas Release,Sulfur Dioxide,High,Calm,492.3,16,R01930;R03498,5,South,Evacuate
INC04517,N0135,Industrial Fire,None,Moderate,Light Wind,245.6,116,R02737,3,Northwest,Shelter
INC04518,N1355,Fire,None,High,Moderate Wind,188.9,31,R02184,5,North,Emergency_Response
INC04519,N0839,Fire,None,Critical,Calm,364.2,74,R01507;R04630;R02116,5,Southeast,Evacuate
INC04520,N1399,Fire,None,Moderate,Light Wind,258.4,32,R03373;R00313,1,Northwest,Shelter
INC04521,N1404,Toxic Gas Release,Hydrogen Sulfide,High,Calm,20.2,76,R00796;R04420;R04199,5,West,Reroute
INC04522,N1065,Industrial Fire,None,Critical,Light Wind,184.0,5,R03408,4,East,Emergency_Response
INC04523,N0803,Industrial Fire,None,High,Light Wind,451.2,39,R02451;R03726,5,Northeast,Shelter
INC04524,N1458,Pipeline Leak,Chlorine,Moderate,Moderate Wind,454.3,96,R00851,3,Southeast,Reroute
INC04525,N0078,Storage Tank Leak,Chlorine,Critical,Light Wind,436.7,41,R03063;R01327;R02346;R01178,1,South,Road_Closure
INC04526,N0966,Vehicle Chemical Spill,Hydrogen Sulfide,Moderate,Strong Wind,37.9,53,R01468,4,Northwest,Road_Closure
INC04527,N0420,Industrial Fire,None,Critical,Moderate Wind,284.5,101,R02439,3,Northwest,Emergency_Response
INC04528,N0967,Toxic Gas Release,Chlorine,High,Light Wind,259.2,50,R04534,5,West,Medical_Response
INC04529,N1146,Fire,None,High,Strong Wind,204.3,93,R03502,2,Southeast,Evacuate
INC04530,N1862,Pipeline Leak,Sulfur Dioxide,Critical,Moderate Wind,85.0,81,R04179;R03629;R00884,4,Southwest,Emergency_Response
INC04531,N0360,Chemical Leak,Nitrogen Dioxide,High,Light Wind,171.9,44,R00843,5,West,Reroute
INC04532,N0268,Pipeline Leak,Nitrogen Dioxide,Low,Light Wind,394.2,88,R04183,3,East,Road_Closure
INC04533,N1699,Pipeline Leak,Chlorine,Moderate,Moderate Wind,239.3,5,R01384;R02782,3,Northeast,Evacuate
INC04534,N0464,Vehicle Chemical Spill,Sulfur Dioxide,Low,Moderate Wind,90.1,9,R04726,3,Northwest,Reroute
INC04535,N0923,Toxic Gas Release,Nitrogen Dioxide,Moderate,Moderate Wind,352.0,119,R03973;R00244;R03083,3,West,Reroute
INC04536,N0437,Pipeline Leak,Chlorine,Moderate,Calm,456.1,24,R01501;R04020,4,North,Road_Closure
INC04537,N0928,Industrial Fire,None,High,Light Wind,49.3,117,R01868;R00751,1,Southeast,Evacuate
INC04538,N0476,Storage Tank Leak,Ammonia,Low,Calm,323.4,33,R01487;R02353;R03211;R03913,4,North,Medical_Response
INC04539,N1177,Industrial Fire,None,Moderate,Moderate Wind,382.5,19,R00573,3,Southwest,Reroute
INC04540,N0791,Pipeline Leak,Chlorine,Low,Light Wind,380.9,63,R03339,3,West,Medical_Response
INC04541,N0798,Toxic Gas Release,Ammonia,High,Calm,342.6,54,R03213,4,South,Reroute
INC04542,N1357,Pipeline Leak,Sulfur Dioxide,Critical,Moderate Wind,276.3,119,R00847;R02856,4,Northwest,Evacuate
INC04543,N0517,Pipeline Leak,Nitrogen Dioxide,High,Strong Wind,114.1,35,R00346;R01556;R04297;R04504,3,East,Road_Closure
INC04544,N0936,Pipeline Leak,Chlorine,Low,Strong Wind,26.5,83,R02180,5,Southeast,Medical_Response
INC04545,N0167,Storage Tank Leak,Chlorine,High,Strong Wind,47.5,31,R04307;R04686;R00151;R01300,3,East,Medical_Response
INC04546,N0905,Storage Tank Leak,Nitrogen Dioxide,High,Calm,380.8,69,R03389,5,West,Emergency_Response
INC04547,N1894,Explosion,None,High,Strong Wind,12.7,95,R04302,5,West,Shelter
INC04548,N1966,Fire,None,High,Moderate Wind,222.9,72,R01257;R00330,4,Northeast,Road_Closure
INC04549,N0542,Vehicle Chemical Spill,Chlorine,High,Strong Wind,174.9,58,R04184;R01430;R00854,1,Northwest,Evacuate
INC04550,N0850,Toxic Gas Release,Sulfur Dioxide,Critical,Light Wind,111.8,96,R00134,3,Southwest,Evacuate
INC04551,N0976,Pipeline Leak,Ammonia,High,Light Wind,242.8,59,R04744;R03442;R04084,2,Northwest,Evacuate
INC04552,N1964,Storage Tank Leak,Hydrogen Sulfide,High,Strong Wind,18.5,76,R04644;R03922,4,North,Evacuate
INC04553,N0708,Fire,None,High,Moderate Wind,297.4,116,R02211,1,Southeast,Evacuate
INC04554,N1184,Storage Tank Leak,Ammonia,Low,Moderate Wind,159.7,84,R01785;R04699;R03038;R00733,2,West,Evacuate
INC04555,N1309,Fire,None,Moderate,Calm,266.6,32,R00877,1,North,Shelter
INC04556,N0938,Explosion,None,High,Moderate Wind,493.0,64,R02387;R01273;R00531,2,East,Evacuate
INC04557,N0354,Toxic Gas Release,Ammonia,Moderate,Calm,422.8,92,R00698,2,South,Shelter
INC04558,N0593,Industrial Fire,None,High,Strong Wind,229.9,63,R01522,4,Northeast,Emergency_Response
INC04559,N1606,Industrial Fire,None,Moderate,Calm,221.8,82,R02554;R03740,4,East,Evacuate
INC04560,N1397,Industrial Fire,None,Moderate,Calm,394.8,63,R00457,3,South,Medical_Response
INC04561,N0174,Explosion,None,Critical,Strong Wind,467.7,16,R00660;R04447,4,Southeast,Reroute
INC04562,N0148,Chemical Leak,Ammonia,High,Strong Wind,162.6,70,R04475,1,East,Road_Closure
INC04563,N0125,Chemical Leak,Ammonia,High,Moderate Wind,153.4,90,R00166;R02951,1,South,Reroute
INC04564,N0207,Chemical Leak,Sulfur Dioxide,Low,Moderate Wind,276.3,83,R01854,4,Southeast,Medical_Response
INC04565,N1361,Industrial Fire,None,High,Strong Wind,397.1,9,R02491,2,Northwest,Shelter
INC04566,N0699,Storage Tank Leak,Chlorine,High,Calm,194.8,23,R00965;R01380;R02207,4,North,Emergency_Response
INC04567,N1581,Pipeline Leak,Ammonia,High,Strong Wind,98.5,117,R00943,3,Southeast,Reroute
INC04568,N2000,Fire,None,Critical,Moderate Wind,192.0,12,R03870,4,South,Emergency_Response
INC04569,N1330,Explosion,None,Low,Moderate Wind,440.2,71,R00496,5,West,Road_Closure
INC04570,N1177,Fire,None,Low,Light Wind,89.7,49,R02122;R02448,4,South,Shelter
INC04571,N0468,Explosion,None,High,Calm,52.3,115,R01497,2,East,Medical_Response
INC04572,N1727,Vehicle Chemical Spill,Chlorine,High,Moderate Wind,319.8,2,R01211;R00671,3,South,Evacuate
INC04573,N0094,Storage Tank Leak,Hydrogen Sulfide,Moderate,Calm,262.2,46,R01549;R01441;R00673,4,West,Medical_Response
INC04574,N0062,Industrial Fire,None,Moderate,Moderate Wind,261.0,11,R02156,1,Southwest,Medical_Response
INC04575,N1576,Chemical Leak,Sulfur Dioxide,Critical,Strong Wind,327.9,73,R00464;R04181,5,North,Shelter
INC04576,N1335,Storage Tank Leak,Ammonia,High,Moderate Wind,292.2,72,R00071,3,North,Shelter
INC04577,N1064,Toxic Gas Release,Nitrogen Dioxide,High,Strong Wind,338.2,111,R01773;R00947;R04764,5,Northeast,Medical_Response
INC04578,N0241,Industrial Fire,None,High,Strong Wind,284.6,100,R03393;R01418,5,Northeast,Reroute
INC04579,N1031,Vehicle Chemical Spill,Sulfur Dioxide,Critical,Light Wind,231.0,100,R00781,1,North,Emergency_Response
INC04580,N0296,Industrial Fire,None,High,Calm,132.6,2,R00117;R04629,3,Northeast,Evacuate
INC04581,N1906,Pipeline Leak,Nitrogen Dioxide,Moderate,Strong Wind,421.2,51,R02821,4,Southwest,Road_Closure
INC04582,N0185,Fire,None,Moderate,Light Wind,367.5,84,R00894;R01803,3,Southeast,Medical_Response
INC04583,N1359,Chemical Leak,Nitrogen Dioxide,High,Strong Wind,406.7,100,R00066,1,Northeast,Medical_Response
INC04584,N1117,Pipeline Leak,Sulfur Dioxide,High,Moderate Wind,353.6,104,R00846;R03920,5,North,Shelter
INC04585,N1447,Storage Tank Leak,Nitrogen Dioxide,High,Strong Wind,365.2,98,R03684,3,West,Reroute
INC04586,N0461,Industrial Fire,None,High,Strong Wind,138.1,40,R03752;R03832,4,West,Evacuate
INC04587,N1355,Storage Tank Leak,Chlorine,High,Light Wind,439.9,83,R00832;R00677,4,Northeast,Reroute
INC04588,N0707,Storage Tank Leak,Nitrogen Dioxide,High,Calm,65.4,35,R02443,3,Southeast,Shelter
INC04589,N1257,Storage Tank Leak,Hydrogen Sulfide,High,Light Wind,219.2,87,R02229;R01162;R02691;R02111,1,Southwest,Reroute
INC04590,N1074,Pipeline Leak,Sulfur Dioxide,Moderate,Moderate Wind,323.4,113,R00072;R01376;R00899;R03519,1,Southeast,Medical_Response
INC04591,N0358,Explosion,None,High,Calm,431.8,86,R04421;R00949,5,Southeast,Shelter
INC04592,N0239,Storage Tank Leak,Nitrogen Dioxide,High,Light Wind,434.5,42,R03700,5,North,Reroute
INC04593,N1718,Vehicle Chemical Spill,Sulfur Dioxide,Moderate,Moderate Wind,179.7,84,R04623;R01733,2,Northeast,Shelter
INC04594,N0043,Industrial Fire,None,Moderate,Light Wind,409.1,61,R02663;R00647;R01981;R03340,5,West,Shelter
INC04595,N0323,Fire,None,High,Strong Wind,345.4,59,R03012;R04064;R02269;R04705;R00654,4,Southwest,Evacuate
INC04596,N0349,Chemical Leak,Sulfur Dioxide,Critical,Moderate Wind,150.4,73,R04004;R01587,1,North,Road_Closure
INC04597,N0787,Toxic Gas Release,Chlorine,Critical,Calm,481.8,48,R02264;R04254,5,East,Evacuate
INC04598,N1259,Industrial Fire,None,Critical,Calm,111.6,72,R01656,1,Northeast,Shelter
INC04599,N0351,Vehicle Chemical Spill,Hydrogen Sulfide,High,Light Wind,61.6,28,R00952,2,Southeast,Evacuate
INC04600,N0392,Explosion,None,High,Moderate Wind,177.9,40,R00861;R02412,4,Northwest,Medical_Response
INC04601,N1023,Storage Tank Leak,Nitrogen Dioxide,Critical,Moderate Wind,334.2,54,R01893;R03888,5,Southwest,Evacuate
INC04602,N0423,Chemical Leak,Nitrogen Dioxide,High,Strong Wind,416.1,89,R03836;R04354;R03906;R04432,1,North,Emergency_Response
INC04603,N1153,Explosion,None,Critical,Strong Wind,265.8,32,R04212;R02616;R01373,4,Southwest,Evacuate
INC04604,N0973,Explosion,None,Critical,Calm,277.7,36,R01535;R02483;R01019,3,West,Evacuate
INC04605,N1648,Toxic Gas Release,Ammonia,Low,Light Wind,284.8,64,R03654;R04012,5,Northeast,Reroute
INC04606,N1921,Chemical Leak,Hydrogen Sulfide,Critical,Light Wind,102.1,17,R00797;R03765,3,West,Medical_Response
INC04607,N0950,Explosion,None,Low,Strong Wind,352.5,43,R00908;R01361,1,West,Shelter
INC04608,N1965,Industrial Fire,None,High,Moderate Wind,476.9,25,R04705;R04534;R01875;R03562,3,Southwest,Road_Closure
INC04609,N0386,Chemical Leak,Chlorine,Moderate,Moderate Wind,363.1,84,R02895;R00335;R00481,2,Southwest,Road_Closure
INC04610,N1750,Fire,None,High,Light Wind,263.1,51,R01933,3,South,Shelter
INC04611,N0163,Explosion,None,High,Calm,293.3,59,R03588;R00331,5,Northwest,Shelter
INC04612,N0667,Pipeline Leak,Chlorine,High,Calm,22.8,87,R02377;R00268;R01812,5,East,Evacuate
INC04613,N0988,Storage Tank Leak,Sulfur Dioxide,High,Light Wind,75.0,78,R02083;R02183;R04269,1,Northeast,Evacuate
INC04614,N0133,Pipeline Leak,Ammonia,Low,Moderate Wind,229.0,27,R03562,4,Northwest,Emergency_Response
INC04615,N1326,Toxic Gas Release,Chlorine,High,Calm,298.9,109,R04725,2,East,Emergency_Response
INC04616,N0709,Vehicle Chemical Spill,Hydrogen Sulfide,Moderate,Calm,82.3,36,R03893,1,West,Shelter
INC04617,N1467,Pipeline Leak,Ammonia,Low,Light Wind,63.5,116,R03353,3,South,Shelter
INC04618,N0300,Industrial Fire,None,High,Light Wind,270.1,49,R02501,4,North,Road_Closure
INC04619,N1942,Vehicle Chemical Spill,Hydrogen Sulfide,Moderate,Light Wind,308.3,80,R00123;R01325;R02840;R00641;R01304,3,South,Reroute
INC04620,N1224,Explosion,None,High,Light Wind,365.9,73,R01063,1,Southeast,Shelter
INC04621,N1238,Vehicle Chemical Spill,Chlorine,High,Moderate Wind,355.3,77,R02760,1,Northwest,Road_Closure
INC04622,N1723,Fire,None,High,Calm,305.5,56,R03030;R01216;R00452,2,North,Medical_Response
INC04623,N0682,Storage Tank Leak,Ammonia,Critical,Calm,304.6,24,R00023;R02512;R03882,2,East,Road_Closure
INC04624,N1828,Pipeline Leak,Chlorine,Moderate,Light Wind,19.2,68,R00700,1,Southeast,Shelter
INC04625,N1372,Storage Tank Leak,Chlorine,High,Moderate Wind,20.0,7,R00134;R00198,5,Northwest,Shelter
INC04626,N1877,Fire,None,Moderate,Light Wind,51.7,40,R01405;R00251;R04204;R02921;R02211,2,Northwest,Reroute
INC04627,N0262,Vehicle Chemical Spill,Sulfur Dioxide,Moderate,Light Wind,253.9,115,R01253;R04238;R02363;R01739,3,West,Road_Closure
INC04628,N1562,Pipeline Leak,Hydrogen Sulfide,Critical,Calm,346.8,86,R03441;R02821,2,North,Road_Closure
INC04629,N1811,Fire,None,High,Calm,28.0,107,R01158,5,East,Medical_Response
INC04630,N1459,Toxic Gas Release,Hydrogen Sulfide,High,Calm,492.5,77,R01118;R02822;R00652,5,East,Reroute
INC04631,N0165,Vehicle Chemical Spill,Chlorine,High,Moderate Wind,150.6,61,R04034;R01999,5,West,Reroute
INC04632,N1175,Fire,None,Moderate,Strong Wind,111.1,60,R00809,3,Southeast,Shelter
INC04633,N0510,Chemical Leak,Chlorine,Critical,Calm,401.5,15,R03373,4,North,Evacuate
INC04634,N1328,Chemical Leak,Ammonia,Critical,Light Wind,180.6,49,R03407;R01222;R01846,1,West,Evacuate
INC04635,N1817,Storage Tank Leak,Chlorine,Moderate,Light Wind,146.5,109,R00075;R03226;R01662;R01117;R03254,2,North,Reroute
INC04636,N0060,Storage Tank Leak,Hydrogen Sulfide,High,Strong Wind,166.6,65,R01379;R02369;R01149;R01877,3,South,Medical_Response
INC04637,N1919,Explosion,None,High,Light Wind,492.5,87,R03696,3,Southwest,Evacuate
INC04638,N1608,Storage Tank Leak,Nitrogen Dioxide,Low,Light Wind,316.9,80,R00101,4,West,Reroute
INC04639,N1430,Pipeline Leak,Sulfur Dioxide,Moderate,Moderate Wind,176.3,66,R00816,2,East,Emergency_Response
INC04640,N0172,Storage Tank Leak,Ammonia,High,Strong Wind,299.2,76,R04136;R00401,4,Northeast,Medical_Response
INC04641,N1576,Storage Tank Leak,Hydrogen Sulfide,High,Moderate Wind,78.0,89,R00562;R03892,5,North,Emergency_Response
INC04642,N1860,Storage Tank Leak,Nitrogen Dioxide,Critical,Light Wind,383.4,104,R03266,1,East,Reroute
INC04643,N1397,Vehicle Chemical Spill,Hydrogen Sulfide,Moderate,Strong Wind,186.0,70,R04263,4,Northwest,Emergency_Response
INC04644,N1104,Industrial Fire,None,Low,Strong Wind,97.5,49,R02138;R02713,3,Northeast,Medical_Response
INC04645,N1557,Storage Tank Leak,Hydrogen Sulfide,High,Strong Wind,83.2,72,R01029,2,Southwest,Medical_Response
INC04646,N1113,Chemical Leak,Ammonia,Moderate,Moderate Wind,149.4,86,R02935,4,Southwest,Shelter
INC04647,N0553,Pipeline Leak,Hydrogen Sulfide,Moderate,Strong Wind,195.0,78,R02491;R02958;R03516;R00446,5,East,Emergency_Response
INC04648,N0659,Industrial Fire,None,Critical,Moderate Wind,75.1,94,R04018;R02782;R02692,5,Northeast,Emergency_Response
INC04649,N0386,Industrial Fire,None,High,Calm,7.4,87,R04465,2,Northwest,Medical_Response
INC04650,N1561,Explosion,None,High,Moderate Wind,197.6,33,R01506,3,South,Emergency_Response
INC04651,N1792,Explosion,None,High,Light Wind,30.6,8,R01123;R01076;R04304,5,Southeast,Emergency_Response
INC04652,N0043,Storage Tank Leak,Hydrogen Sulfide,High,Calm,141.9,48,R02763;R01354,5,West,Reroute
INC04653,N1611,Pipeline Leak,Nitrogen Dioxide,Moderate,Moderate Wind,274.8,111,R03376,3,East,Reroute
INC04654,N0286,Fire,None,Moderate,Strong Wind,237.4,91,R02309;R01471;R03175;R03663,3,North,Shelter
INC04655,N1607,Industrial Fire,None,High,Strong Wind,70.3,107,R02912,2,South,Reroute
INC04656,N1174,Toxic Gas Release,Sulfur Dioxide,Critical,Calm,387.1,14,R03505;R03989;R02377,2,Southwest,Emergency_Response
INC04657,N1284,Fire,None,Low,Strong Wind,293.1,8,R02504,5,Southeast,Evacuate
INC04658,N1710,Industrial Fire,None,High,Calm,395.3,24,R03738;R04498,2,Northwest,Medical_Response
INC04659,N0153,Industrial Fire,None,Moderate,Light Wind,403.6,116,R00975;R01844,1,West,Road_Closure
INC04660,N0043,Industrial Fire,None,High,Strong Wind,173.9,22,R00809;R03181,4,South,Medical_Response
INC04661,N0233,Fire,None,Low,Strong Wind,326.3,18,R04593,1,Southwest,Reroute
INC04662,N0802,Storage Tank Leak,Nitrogen Dioxide,Low,Calm,387.3,4,R00113;R01616;R02594;R00039,4,East,Reroute
INC04663,N0552,Pipeline Leak,Sulfur Dioxide,Low,Light Wind,177.6,64,R02368,3,South,Medical_Response
INC04664,N1076,Storage Tank Leak,Nitrogen Dioxide,Critical,Calm,139.2,82,R02346,2,South,Shelter
INC04665,N1639,Industrial Fire,None,High,Moderate Wind,103.2,97,R04298;R01711,2,West,Road_Closure
INC04666,N1416,Fire,None,Moderate,Strong Wind,477.4,30,R02552;R02412,4,East,Medical_Response
INC04667,N0317,Storage Tank Leak,Nitrogen Dioxide,High,Strong Wind,94.0,68,R01584;R04426;R04277,2,North,Road_Closure
INC04668,N1197,Storage Tank Leak,Ammonia,Moderate,Calm,200.9,105,R03214,1,South,Medical_Response
INC04669,N0744,Chemical Leak,Hydrogen Sulfide,High,Calm,304.9,80,R02200;R03019,1,Southeast,Road_Closure
INC04670,N0709,Vehicle Chemical Spill,Nitrogen Dioxide,High,Strong Wind,354.9,92,R04182;R00995;R02382,5,Northwest,Road_Closure
INC04671,N1228,Explosion,None,Critical,Strong Wind,386.6,90,R02025;R01353,2,Northwest,Medical_Response
INC04672,N1041,Vehicle Chemical Spill,Nitrogen Dioxide,Moderate,Calm,377.3,67,R03172;R04242,4,West,Emergency_Response
INC04673,N1588,Vehicle Chemical Spill,Hydrogen Sulfide,High,Strong Wind,86.6,23,R00377;R04064,4,Northwest,Evacuate
INC04674,N0223,Pipeline Leak,Chlorine,Critical,Light Wind,32.9,47,R01590;R02062;R04223;R01285;R02275,3,Southwest,Evacuate
INC04675,N0842,Pipeline Leak,Sulfur Dioxide,Low,Light Wind,32.7,36,R03501,1,Northeast,Emergency_Response
INC04676,N0007,Chemical Leak,Chlorine,High,Moderate Wind,393.3,63,R04648,3,Northeast,Emergency_Response
INC04677,N0126,Explosion,None,Critical,Strong Wind,243.3,56,R00206,2,West,Medical_Response
INC04678,N1286,Vehicle Chemical Spill,Sulfur Dioxide,Moderate,Strong Wind,355.8,100,R02098;R02821,5,West,Road_Closure
INC04679,N0720,Toxic Gas Release,Nitrogen Dioxide,Critical,Calm,234.1,106,R00977;R00889;R01826,4,West,Shelter
INC04680,N0572,Explosion,None,Moderate,Calm,422.6,87,R03513,5,Northeast,Shelter
INC04681,N1482,Pipeline Leak,Hydrogen Sulfide,High,Light Wind,309.0,107,R03711;R04647;R00258,5,Northeast,Emergency_Response
INC04682,N0898,Toxic Gas Release,Sulfur Dioxide,Moderate,Light Wind,59.9,89,R03342,2,South,Road_Closure
INC04683,N1643,Chemical Leak,Chlorine,Moderate,Calm,271.2,32,R03198;R03207;R02750,3,Northeast,Shelter
INC04684,N0651,Chemical Leak,Hydrogen Sulfide,Moderate,Calm,63.4,70,R03449,2,Southwest,Emergency_Response
INC04685,N1411,Storage Tank Leak,Chlorine,Critical,Calm,211.0,111,R04788;R03372;R04585,2,Southeast,Reroute
INC04686,N0455,Industrial Fire,None,High,Strong Wind,151.9,51,R02171;R04291,1,Northwest,Road_Closure
INC04687,N0099,Chemical Leak,Nitrogen Dioxide,Low,Light Wind,136.6,97,R01800,3,Southeast,Emergency_Response
INC04688,N0196,Explosion,None,Critical,Calm,370.7,40,R02798,1,North,Reroute
INC04689,N1948,Fire,None,High,Moderate Wind,284.5,6,R02369;R02685;R03112;R02530,1,Northwest,Shelter
INC04690,N1576,Pipeline Leak,Sulfur Dioxide,High,Moderate Wind,14.6,109,R02930;R03486,2,East,Emergency_Response
INC04691,N0486,Toxic Gas Release,Hydrogen Sulfide,High,Strong Wind,458.3,91,R03456;R03374;R02279;R00484,3,Northwest,Road_Closure
INC04692,N1795,Industrial Fire,None,High,Strong Wind,97.4,96,R03178;R00223;R00166;R03528;R00032,5,Southwest,Emergency_Response
INC04693,N0358,Fire,None,Moderate,Calm,234.2,96,R00088;R04638,3,Northeast,Emergency_Response
INC04694,N0435,Toxic Gas Release,Nitrogen Dioxide,Moderate,Strong Wind,272.1,56,R01310,1,Southeast,Evacuate
INC04695,N1469,Storage Tank Leak,Chlorine,Critical,Moderate Wind,26.1,30,R00501;R02151,1,East,Road_Closure
INC04696,N0762,Pipeline Leak,Ammonia,High,Moderate Wind,301.4,83,R01629;R00194,3,Northeast,Road_Closure
INC04697,N0567,Vehicle Chemical Spill,Ammonia,High,Moderate Wind,279.2,39,R00171;R02278;R01787,5,South,Road_Closure
INC04698,N0993,Pipeline Leak,Hydrogen Sulfide,Low,Calm,94.9,30,R02735,2,North,Evacuate
INC04699,N0157,Toxic Gas Release,Chlorine,Moderate,Strong Wind,227.3,82,R03755;R00951;R00290;R04626,1,West,Reroute
INC04700,N0427,Explosion,None,Critical,Calm,435.4,53,R04798,4,South,Shelter
INC04701,N1867,Explosion,None,High,Strong Wind,287.4,19,R01264;R02324,1,East,Emergency_Response
INC04702,N1984,Pipeline Leak,Hydrogen Sulfide,Moderate,Light Wind,466.8,41,R02554;R00439,4,Southeast,Medical_Response
INC04703,N0705,Pipeline Leak,Nitrogen Dioxide,Critical,Light Wind,482.0,101,R03670,4,Southwest,Evacuate
INC04704,N0153,Explosion,None,Moderate,Strong Wind,161.2,77,R01675;R04181,3,North,Road_Closure
INC04705,N1602,Explosion,None,Moderate,Light Wind,204.2,87,R02729;R02624,3,West,Road_Closure
INC04706,N1891,Vehicle Chemical Spill,Chlorine,Moderate,Strong Wind,311.0,26,R00722,2,East,Emergency_Response
INC04707,N1013,Toxic Gas Release,Ammonia,Moderate,Strong Wind,280.9,67,R01347;R04370,1,Southwest,Medical_Response
INC04708,N1533,Explosion,None,High,Strong Wind,338.0,115,R00129;R03853;R03602,3,Northwest,Emergency_Response
INC04709,N0475,Chemical Leak,Chlorine,High,Calm,172.3,117,R00020;R00086,1,West,Shelter
INC04710,N1501,Industrial Fire,None,High,Strong Wind,486.0,20,R00650,3,West,Emergency_Response
INC04711,N1337,Chemical Leak,Sulfur Dioxide,Low,Light Wind,344.2,116,R03466,3,West,Emergency_Response
INC04712,N1059,Explosion,None,Moderate,Calm,119.1,47,R00743;R01692;R01638,3,South,Emergency_Response
INC04713,N0265,Storage Tank Leak,Chlorine,Critical,Moderate Wind,144.7,49,R02238;R00962;R02265,3,East,Emergency_Response
INC04714,N1379,Pipeline Leak,Ammonia,High,Moderate Wind,316.3,15,R04729,3,West,Emergency_Response
INC04715,N1609,Industrial Fire,None,Moderate,Calm,14.8,56,R03239;R03272,1,North,Road_Closure
INC04716,N0476,Vehicle Chemical Spill,Sulfur Dioxide,Low,Strong Wind,235.3,36,R03475;R03372,1,Southwest,Emergency_Response
INC04717,N1639,Toxic Gas Release,Ammonia,Moderate,Strong Wind,415.7,118,R00659;R04450;R01089,3,Southwest,Reroute
INC04718,N1544,Toxic Gas Release,Ammonia,High,Calm,418.3,21,R02419;R03003;R00034,5,South,Shelter
INC04719,N1606,Fire,None,High,Calm,124.1,59,R03758;R04672;R02862;R01099,4,Northwest,Evacuate
INC04720,N0772,Fire,None,Moderate,Calm,222.7,108,R04337;R03988,5,Northwest,Emergency_Response
INC04721,N1862,Storage Tank Leak,Chlorine,Low,Moderate Wind,206.5,71,R01342,4,West,Medical_Response
INC04722,N0909,Pipeline Leak,Nitrogen Dioxide,Moderate,Strong Wind,197.2,75,R00214;R00207,1,North,Reroute
INC04723,N0486,Industrial Fire,None,Moderate,Strong Wind,382.9,33,R04306;R01387,5,Southeast,Road_Closure
INC04724,N1015,Toxic Gas Release,Hydrogen Sulfide,Critical,Calm,37.5,71,R02175,5,West,Medical_Response
INC04725,N0949,Fire,None,High,Light Wind,91.5,110,R03591;R02841,1,Northeast,Evacuate
INC04726,N1847,Storage Tank Leak,Sulfur Dioxide,Critical,Light Wind,86.6,55,R03763;R02095;R04502,5,Northwest,Shelter
INC04727,N1355,Vehicle Chemical Spill,Ammonia,Moderate,Strong Wind,283.3,66,R01396;R01977;R01233;R03364,5,North,Medical_Response
INC04728,N1097,Fire,None,High,Calm,201.1,64,R02827;R01259,2,Southwest,Road_Closure
INC04729,N0867,Vehicle Chemical Spill,Sulfur Dioxide,Critical,Moderate Wind,381.9,34,R01878;R04006;R01595,2,South,Evacuate
INC04730,N1920,Toxic Gas Release,Chlorine,High,Strong Wind,38.4,108,R02209;R02800;R00273,5,Northeast,Evacuate
INC04731,N0470,Storage Tank Leak,Hydrogen Sulfide,Critical,Calm,206.7,7,R00406,5,Southwest,Road_Closure
INC04732,N0974,Vehicle Chemical Spill,Nitrogen Dioxide,High,Light Wind,77.2,18,R02078;R04442,2,South,Emergency_Response
INC04733,N1043,Toxic Gas Release,Hydrogen Sulfide,Critical,Strong Wind,313.1,92,R03097;R02430;R04748;R01857;R02330,2,Southeast,Road_Closure
INC04734,N1489,Pipeline Leak,Chlorine,High,Moderate Wind,136.8,59,R04269,3,Northeast,Road_Closure
INC04735,N0308,Chemical Leak,Sulfur Dioxide,Moderate,Moderate Wind,65.0,44,R02344;R02701;R00291,3,Southeast,Road_Closure
INC04736,N1213,Fire,None,Low,Strong Wind,356.7,37,R02024;R00886;R01196,2,Northwest,Reroute
INC04737,N0827,Explosion,None,Critical,Strong Wind,127.6,117,R00295;R02171,5,Southwest,Shelter
INC04738,N1679,Vehicle Chemical Spill,Nitrogen Dioxide,High,Calm,124.5,41,R02951,1,East,Evacuate
INC04739,N1733,Explosion,None,High,Calm,98.2,63,R00305;R04078;R00071,4,Southeast,Shelter
INC04740,N1527,Explosion,None,Moderate,Light Wind,22.1,69,R02145;R03451,4,Southwest,Reroute
INC04741,N0656,Pipeline Leak,Chlorine,High,Moderate Wind,338.8,38,R00007,4,West,Road_Closure
INC04742,N1224,Explosion,None,High,Moderate Wind,105.6,64,R04270;R00551;R03165,2,Northeast,Emergency_Response
INC04743,N0254,Fire,None,High,Light Wind,368.0,49,R00894,3,Northwest,Reroute
INC04744,N1327,Industrial Fire,None,Critical,Moderate Wind,183.8,113,R03662,5,Southwest,Shelter
INC04745,N1287,Industrial Fire,None,Critical,Moderate Wind,297.2,72,R02441;R00481;R01636,5,Northeast,Evacuate
INC04746,N1760,Fire,None,High,Light Wind,70.7,37,R04191,1,West,Medical_Response
INC04747,N1070,Chemical Leak,Nitrogen Dioxide,Moderate,Moderate Wind,382.7,59,R01340,4,Southwest,Medical_Response
INC04748,N0959,Explosion,None,High,Calm,172.4,32,R04050;R01449;R01047;R01136,5,West,Shelter
INC04749,N1491,Storage Tank Leak,Nitrogen Dioxide,High,Moderate Wind,324.5,6,R04254,3,West,Evacuate
INC04750,N0029,Explosion,None,Moderate,Strong Wind,102.7,57,R01802;R01020;R02500;R04578;R00298,2,Southeast,Reroute
INC04751,N1329,Vehicle Chemical Spill,Ammonia,Critical,Calm,71.0,56,R02360,2,North,Medical_Response
INC04752,N0911,Industrial Fire,None,Critical,Strong Wind,254.5,99,R02683,1,East,Shelter
INC04753,N1174,Chemical Leak,Chlorine,Critical,Strong Wind,342.2,74,R02229;R04525;R00677,4,North,Evacuate
INC04754,N0917,Pipeline Leak,Chlorine,High,Strong Wind,120.1,44,R04770;R00516;R03990,2,Southeast,Medical_Response
INC04755,N1525,Fire,None,Critical,Light Wind,21.6,14,R02417,2,Southeast,Road_Closure
INC04756,N0445,Toxic Gas Release,Sulfur Dioxide,High,Calm,86.4,92,R00204;R00037,3,Southeast,Reroute
INC04757,N0077,Industrial Fire,None,Moderate,Strong Wind,432.5,21,R03155;R03557,2,East,Evacuate
INC04758,N0017,Pipeline Leak,Hydrogen Sulfide,Critical,Strong Wind,451.7,45,R03506;R01941,4,West,Medical_Response
INC04759,N1512,Industrial Fire,None,Moderate,Strong Wind,321.4,27,R04088;R04783;R01673;R01221,1,West,Road_Closure
INC04760,N1395,Chemical Leak,Hydrogen Sulfide,Moderate,Strong Wind,191.5,23,R04491;R00943,1,Northeast,Road_Closure
INC04761,N0672,Industrial Fire,None,Critical,Strong Wind,344.1,87,R01546;R04572,3,West,Shelter
INC04762,N0403,Chemical Leak,Hydrogen Sulfide,High,Light Wind,421.4,18,R01654,2,Southwest,Shelter
INC04763,N1135,Chemical Leak,Ammonia,High,Moderate Wind,94.7,78,R03890,5,Southeast,Shelter
INC04764,N0005,Explosion,None,Critical,Moderate Wind,58.5,57,R04497;R01937,4,Southeast,Reroute
INC04765,N0672,Fire,None,Moderate,Calm,115.4,33,R00549,1,North,Reroute
INC04766,N0450,Fire,None,Moderate,Moderate Wind,449.1,11,R04781;R02033;R04010;R04229,4,East,Medical_Response
INC04767,N1673,Toxic Gas Release,Hydrogen Sulfide,High,Moderate Wind,256.3,67,R00699;R00901;R02513,4,North,Reroute
INC04768,N1833,Storage Tank Leak,Sulfur Dioxide,Critical,Strong Wind,371.7,72,R02896,4,Southwest,Medical_Response
INC04769,N1539,Toxic Gas Release,Hydrogen Sulfide,Moderate,Strong Wind,468.8,38,R02520,4,North,Emergency_Response
INC04770,N0484,Chemical Leak,Sulfur Dioxide,Low,Strong Wind,405.7,88,R04686,1,West,Reroute
INC04771,N1692,Chemical Leak,Sulfur Dioxide,Moderate,Moderate Wind,46.8,83,R03232;R02782;R00797,1,Southwest,Reroute
INC04772,N1557,Vehicle Chemical Spill,Hydrogen Sulfide,High,Moderate Wind,218.2,20,R01924;R00297,4,North,Shelter
INC04773,N1097,Vehicle Chemical Spill,Nitrogen Dioxide,High,Strong Wind,458.4,79,R02115;R02820;R02978,5,North,Evacuate
INC04774,N1597,Industrial Fire,None,Moderate,Calm,28.0,36,R00509;R04079,1,Northeast,Reroute
INC04775,N0197,Storage Tank Leak,Ammonia,High,Light Wind,212.6,27,R04139,1,West,Road_Closure
INC04776,N0462,Explosion,None,Critical,Light Wind,351.4,36,R00382;R01428;R04771;R01515;R01328,1,Northeast,Reroute
INC04777,N1199,Toxic Gas Release,Hydrogen Sulfide,Moderate,Moderate Wind,217.9,33,R01071,5,North,Evacuate
INC04778,N1325,Toxic Gas Release,Sulfur Dioxide,High,Moderate Wind,8.5,97,R03327,2,Southwest,Reroute
INC04779,N1664,Storage Tank Leak,Chlorine,High,Calm,418.7,73,R04148;R02144;R03299,1,West,Reroute
INC04780,N1546,Storage Tank Leak,Nitrogen Dioxide,Moderate,Moderate Wind,480.4,40,R03663;R04233;R01965,3,West,Emergency_Response
INC04781,N1189,Pipeline Leak,Sulfur Dioxide,High,Calm,64.0,6,R04582;R00685,1,East,Evacuate
INC04782,N0721,Pipeline Leak,Sulfur Dioxide,Moderate,Strong Wind,74.3,97,R00068;R01768,1,Northwest,Reroute
INC04783,N0280,Vehicle Chemical Spill,Sulfur Dioxide,Critical,Moderate Wind,10.7,82,R00726;R01317;R00759;R03930;R03291,2,Southeast,Reroute
INC04784,N0443,Industrial Fire,None,Critical,Light Wind,225.5,44,R03448;R00275,3,Northwest,Emergency_Response
INC04785,N1074,Vehicle Chemical Spill,Hydrogen Sulfide,High,Moderate Wind,9.8,19,R03221;R04680;R03969,2,West,Emergency_Response
INC04786,N1635,Storage Tank Leak,Ammonia,High,Strong Wind,232.7,29,R01909,4,Northeast,Shelter
INC04787,N0961,Fire,None,Moderate,Strong Wind,396.2,97,R04349;R04501;R03721,3,Southwest,Reroute
INC04788,N0438,Industrial Fire,None,Moderate,Moderate Wind,178.8,86,R01076;R01527;R03059,5,Northwest,Road_Closure
INC04789,N1257,Pipeline Leak,Ammonia,High,Calm,7.6,77,R02452;R02705,5,South,Evacuate
INC04790,N0527,Vehicle Chemical Spill,Nitrogen Dioxide,High,Moderate Wind,390.8,99,R04046,2,Southwest,Shelter
INC04791,N1634,Chemical Leak,Nitrogen Dioxide,High,Light Wind,70.1,64,R02390;R01030;R01808,1,Southeast,Medical_Response
INC04792,N1101,Chemical Leak,Chlorine,Moderate,Light Wind,397.1,101,R00104;R02114;R02993,4,East,Shelter
INC04793,N1429,Pipeline Leak,Sulfur Dioxide,Moderate,Light Wind,18.5,63,R04464;R03103,3,Southwest,Evacuate
INC04794,N1367,Fire,None,Moderate,Strong Wind,90.2,33,R02339,4,North,Medical_Response
INC04795,N0997,Pipeline Leak,Sulfur Dioxide,Moderate,Moderate Wind,263.2,16,R02862;R03324,3,North,Reroute
INC04796,N1367,Storage Tank Leak,Sulfur Dioxide,Low,Moderate Wind,75.9,100,R03624;R00977;R03386;R03199,5,Southeast,Emergency_Response
INC04797,N0614,Storage Tank Leak,Chlorine,Critical,Strong Wind,61.0,28,R04136,1,West,Emergency_Response
INC04798,N0045,Storage Tank Leak,Ammonia,Moderate,Light Wind,210.8,97,R00381;R02478,3,Southwest,Medical_Response
INC04799,N1686,Industrial Fire,None,Critical,Strong Wind,424.1,9,R00902;R04057;R03500,1,Southwest,Evacuate
INC04800,N0575,Pipeline Leak,Nitrogen Dioxide,Low,Calm,141.9,39,R03211,1,South,Road_Closure
INC04801,N1205,Industrial Fire,None,Moderate,Moderate Wind,407.4,7,R00600,5,Southwest,Medical_Response
INC04802,N1667,Storage Tank Leak,Hydrogen Sulfide,High,Light Wind,323.2,70,R02708,4,Northwest,Road_Closure
INC04803,N0528,Fire,None,Moderate,Calm,252.8,42,R00263,2,South,Emergency_Response
INC04804,N1363,Chemical Leak,Ammonia,Low,Moderate Wind,381.2,60,R01340;R03435,5,Southeast,Reroute
INC04805,N1758,Storage Tank Leak,Hydrogen Sulfide,Critical,Moderate Wind,297.2,50,R04323;R00400,1,Southeast,Emergency_Response
INC04806,N0453,Pipeline Leak,Sulfur Dioxide,Moderate,Light Wind,142.3,108,R02794,3,North,Emergency_Response
INC04807,N1929,Storage Tank Leak,Hydrogen Sulfide,Moderate,Calm,161.2,106,R00803,3,Northwest,Shelter
INC04808,N0336,Industrial Fire,None,Critical,Strong Wind,469.8,4,R04698;R00918;R04649,4,West,Evacuate
INC04809,N0265,Storage Tank Leak,Nitrogen Dioxide,Critical,Calm,209.7,13,R04105,4,West,Evacuate
INC04810,N1100,Pipeline Leak,Hydrogen Sulfide,Critical,Moderate Wind,143.3,88,R00507,3,North,Medical_Response
INC04811,N0960,Toxic Gas Release,Ammonia,Moderate,Calm,356.6,39,R01825,5,West,Evacuate
INC04812,N0667,Explosion,None,High,Moderate Wind,423.4,7,R02211;R02167;R01535;R03599,1,Northwest,Evacuate
INC04813,N0810,Toxic Gas Release,Hydrogen Sulfide,Moderate,Moderate Wind,482.6,54,R00347;R03823,3,West,Shelter
INC04814,N1657,Chemical Leak,Sulfur Dioxide,High,Calm,143.8,8,R03682,2,East,Reroute
INC04815,N1938,Storage Tank Leak,Chlorine,High,Light Wind,206.5,97,R01202,3,North,Evacuate
INC04816,N0268,Fire,None,Critical,Calm,151.5,2,R01061,2,Southwest,Reroute
INC04817,N0535,Industrial Fire,None,Moderate,Light Wind,171.3,97,R02562;R01824;R04308;R04556,1,Northeast,Shelter
INC04818,N1852,Vehicle Chemical Spill,Chlorine,Moderate,Light Wind,231.7,59,R01808;R02385;R01692,5,Northeast,Road_Closure
INC04819,N1996,Industrial Fire,None,Critical,Moderate Wind,189.2,4,R03197;R01238,5,South,Road_Closure
INC04820,N1827,Vehicle Chemical Spill,Hydrogen Sulfide,High,Calm,340.8,3,R04294,4,Northwest,Emergency_Response
INC04821,N1863,Storage Tank Leak,Chlorine,Critical,Calm,56.1,112,R01938;R00743;R00990;R01070;R03313,5,Northeast,Evacuate
INC04822,N0163,Storage Tank Leak,Nitrogen Dioxide,Moderate,Calm,16.6,58,R02964,1,Northwest,Road_Closure
INC04823,N0209,Chemical Leak,Chlorine,Critical,Strong Wind,278.3,1,R04245;R01823,3,South,Emergency_Response
INC04824,N1571,Explosion,None,Critical,Light Wind,406.0,14,R02794,4,West,Evacuate
INC04825,N1863,Storage Tank Leak,Nitrogen Dioxide,Moderate,Calm,180.0,41,R03550,3,East,Shelter
INC04826,N0925,Fire,None,Moderate,Strong Wind,155.3,114,R02081;R03864,1,Southwest,Shelter
INC04827,N1649,Chemical Leak,Sulfur Dioxide,Critical,Strong Wind,169.7,71,R04629;R04788,1,South,Reroute
INC04828,N1683,Toxic Gas Release,Nitrogen Dioxide,High,Light Wind,329.6,32,R00434,1,West,Road_Closure
INC04829,N0452,Pipeline Leak,Nitrogen Dioxide,High,Strong Wind,70.6,36,R04481,2,North,Reroute
INC04830,N1840,Explosion,None,High,Strong Wind,167.4,57,R03938,4,Northeast,Medical_Response
INC04831,N0482,Pipeline Leak,Sulfur Dioxide,Critical,Calm,75.8,35,R00379,4,Northwest,Evacuate
INC04832,N1073,Industrial Fire,None,High,Calm,257.5,100,R00107;R04153;R01831,3,East,Reroute
INC04833,N0459,Pipeline Leak,Ammonia,Low,Strong Wind,486.6,90,R01270,2,North,Road_Closure
INC04834,N1237,Chemical Leak,Chlorine,Low,Calm,33.0,55,R04571;R03705,1,West,Road_Closure
INC04835,N0966,Industrial Fire,None,Critical,Light Wind,389.7,30,R01873;R03179;R02935;R02312;R03561,2,East,Evacuate
INC04836,N1118,Toxic Gas Release,Hydrogen Sulfide,Moderate,Light Wind,207.4,83,R01616,5,North,Shelter
INC04837,N0143,Pipeline Leak,Hydrogen Sulfide,Critical,Strong Wind,106.3,42,R03841;R04229;R04016,3,West,Emergency_Response
INC04838,N0115,Explosion,None,High,Strong Wind,195.6,29,R02644;R02017;R02701;R01545;R00963,1,Northwest,Medical_Response
INC04839,N0587,Vehicle Chemical Spill,Hydrogen Sulfide,High,Strong Wind,235.9,31,R04151;R04345,1,Southwest,Medical_Response
INC04840,N0577,Fire,None,High,Moderate Wind,449.9,77,R04460,2,Southeast,Medical_Response
INC04841,N1800,Pipeline Leak,Ammonia,High,Calm,177.6,39,R02570,2,Southeast,Medical_Response
INC04842,N1005,Pipeline Leak,Nitrogen Dioxide,Critical,Calm,368.4,11,R02803;R04502,3,North,Medical_Response
INC04843,N1880,Pipeline Leak,Hydrogen Sulfide,Moderate,Light Wind,463.0,55,R01196;R00967;R02186,1,West,Shelter
INC04844,N1936,Chemical Leak,Nitrogen Dioxide,Critical,Light Wind,247.8,15,R02453,4,South,Road_Closure
INC04845,N0066,Explosion,None,Low,Calm,452.0,98,R04747;R03000,3,West,Road_Closure
INC04846,N1163,Industrial Fire,None,High,Calm,216.8,100,R03691;R00280;R00849,3,South,Reroute
INC04847,N0779,Industrial Fire,None,Critical,Calm,487.8,86,R00666,1,North,Medical_Response
INC04848,N0011,Pipeline Leak,Nitrogen Dioxide,Critical,Strong Wind,84.4,89,R01242,2,Northeast,Emergency_Response
INC04849,N0526,Pipeline Leak,Chlorine,Critical,Light Wind,78.4,36,R00486;R00937,3,Northeast,Shelter
INC04850,N0065,Fire,None,High,Light Wind,278.6,87,R00298;R00123,4,North,Emergency_Response
INC04851,N1732,Chemical Leak,Hydrogen Sulfide,Moderate,Calm,310.7,51,R04453;R03146;R01584,4,Northeast,Medical_Response
INC04852,N0142,Industrial Fire,None,High,Calm,215.6,24,R01813,4,North,Shelter
INC04853,N0847,Industrial Fire,None,High,Light Wind,406.7,101,R00003,4,Northwest,Shelter
INC04854,N1613,Pipeline Leak,Ammonia,Critical,Strong Wind,390.3,62,R03795,3,North,Emergency_Response
INC04855,N0224,Storage Tank Leak,Nitrogen Dioxide,Critical,Strong Wind,430.6,96,R02836;R00401,1,East,Evacuate
INC04856,N1128,Vehicle Chemical Spill,Sulfur Dioxide,High,Calm,22.1,87,R04722,4,South,Emergency_Response
INC04857,N0559,Storage Tank Leak,Hydrogen Sulfide,High,Light Wind,20.9,16,R03324;R01539,5,Northeast,Shelter
INC04858,N0955,Toxic Gas Release,Ammonia,Moderate,Calm,141.6,59,R02014;R01766;R01747,3,West,Medical_Response
INC04859,N1910,Toxic Gas Release,Nitrogen Dioxide,Low,Light Wind,358.5,28,R00017;R04168,1,South,Road_Closure
INC04860,N0079,Industrial Fire,None,Critical,Moderate Wind,359.7,41,R01952,3,Southeast,Road_Closure
INC04861,N0248,Explosion,None,Moderate,Light Wind,142.8,47,R02923;R04248,3,Northeast,Emergency_Response
INC04862,N0968,Fire,None,Critical,Light Wind,19.9,45,R00667;R03902,1,Northeast,Emergency_Response
INC04863,N1172,Storage Tank Leak,Sulfur Dioxide,Moderate,Calm,368.3,6,R02103;R04797;R03946,5,North,Reroute
INC04864,N1236,Toxic Gas Release,Sulfur Dioxide,Low,Calm,221.6,33,R00065,5,South,Evacuate
INC04865,N0711,Pipeline Leak,Nitrogen Dioxide,Critical,Strong Wind,411.0,78,R01886;R01612,5,North,Evacuate
INC04866,N1964,Industrial Fire,None,Moderate,Calm,492.0,80,R04628;R00310;R00846,1,North,Reroute
INC04867,N0971,Toxic Gas Release,Nitrogen Dioxide,High,Moderate Wind,59.1,37,R02139,4,Southeast,Reroute
INC04868,N1086,Fire,None,Low,Moderate Wind,226.5,14,R00561;R04353,1,West,Road_Closure
INC04869,N0603,Fire,None,Moderate,Light Wind,345.1,2,R04063,2,East,Shelter
INC04870,N1881,Chemical Leak,Ammonia,Critical,Light Wind,314.7,22,R04083;R01302;R01716,1,East,Emergency_Response
INC04871,N1818,Storage Tank Leak,Ammonia,Moderate,Light Wind,111.7,110,R00908;R00337,5,West,Shelter
INC04872,N0955,Toxic Gas Release,Hydrogen Sulfide,Critical,Calm,395.0,46,R00180;R03211;R03488,3,East,Reroute
INC04873,N1507,Chemical Leak,Ammonia,High,Calm,30.6,54,R01322;R00232,1,Northwest,Reroute
INC04874,N1856,Explosion,None,High,Calm,330.1,91,R02820,3,Southeast,Medical_Response
INC04875,N0381,Chemical Leak,Hydrogen Sulfide,High,Light Wind,165.9,21,R03359,5,North,Emergency_Response
INC04876,N1817,Chemical Leak,Nitrogen Dioxide,High,Strong Wind,20.9,68,R01421;R01720,3,West,Evacuate
INC04877,N0699,Explosion,None,Critical,Calm,407.1,63,R02194,1,North,Road_Closure
INC04878,N0871,Storage Tank Leak,Sulfur Dioxide,High,Light Wind,185.5,2,R03472;R03586,2,North,Reroute
INC04879,N1085,Explosion,None,Critical,Moderate Wind,477.1,98,R00208,5,Southeast,Emergency_Response
INC04880,N0470,Industrial Fire,None,Critical,Moderate Wind,20.9,26,R03526;R03655,5,North,Shelter
INC04881,N1572,Storage Tank Leak,Sulfur Dioxide,High,Calm,493.1,13,R02018;R04217,5,South,Evacuate
INC04882,N0547,Storage Tank Leak,Hydrogen Sulfide,High,Strong Wind,412.8,65,R03083,1,East,Medical_Response
INC04883,N1575,Pipeline Leak,Sulfur Dioxide,High,Calm,328.3,40,R04581;R01457,2,East,Reroute
INC04884,N1132,Industrial Fire,None,Moderate,Light Wind,386.9,70,R00614,1,Southwest,Reroute
INC04885,N0551,Vehicle Chemical Spill,Chlorine,Critical,Calm,261.2,49,R03086,3,Southwest,Medical_Response
INC04886,N1561,Industrial Fire,None,Moderate,Calm,464.7,42,R03584;R01704;R00989;R00465,5,Southwest,Medical_Response
INC04887,N1838,Pipeline Leak,Sulfur Dioxide,Moderate,Strong Wind,444.0,99,R00767,4,South,Shelter
INC04888,N1028,Explosion,None,Low,Strong Wind,310.0,74,R02334,1,Northwest,Evacuate
INC04889,N1274,Storage Tank Leak,Nitrogen Dioxide,Critical,Moderate Wind,41.7,79,R04649;R02846;R03507;R04661,4,Southwest,Evacuate
INC04890,N1650,Pipeline Leak,Sulfur Dioxide,High,Moderate Wind,67.2,64,R04759;R03883,4,Northeast,Evacuate
INC04891,N0583,Industrial Fire,None,High,Moderate Wind,206.6,56,R00743;R02268,1,South,Road_Closure
INC04892,N1540,Fire,None,Moderate,Calm,105.5,35,R02233,2,East,Medical_Response
INC04893,N0265,Industrial Fire,None,High,Moderate Wind,455.2,2,R03173;R02369,5,Northeast,Evacuate
INC04894,N0166,Explosion,None,Critical,Light Wind,333.8,51,R02176,2,West,Road_Closure
INC04895,N0371,Fire,None,High,Moderate Wind,485.6,90,R01938;R02743,2,Southwest,Evacuate
INC04896,N1652,Storage Tank Leak,Nitrogen Dioxide,High,Strong Wind,206.7,43,R00679;R01835;R01363,1,Southeast,Evacuate
INC04897,N0180,Storage Tank Leak,Nitrogen Dioxide,High,Light Wind,65.5,18,R02010,3,Northwest,Reroute
INC04898,N1501,Vehicle Chemical Spill,Sulfur Dioxide,Critical,Light Wind,488.9,21,R00082;R03498,5,East,Medical_Response
INC04899,N0170,Chemical Leak,Ammonia,Moderate,Moderate Wind,412.8,61,R02309;R04084;R02602,1,Northeast,Medical_Response
INC04900,N0999,Storage Tank Leak,Chlorine,Moderate,Calm,89.8,88,R04112;R00166,2,Northwest,Medical_Response
INC04901,N1147,Vehicle Chemical Spill,Sulfur Dioxide,High,Moderate Wind,44.7,23,R02563;R03489,1,Northeast,Evacuate
INC04902,N1334,Explosion,None,Moderate,Strong Wind,75.4,72,R04554,1,North,Road_Closure
INC04903,N0084,Vehicle Chemical Spill,Nitrogen Dioxide,Moderate,Calm,440.3,55,R01270;R00258,4,Northeast,Medical_Response
INC04904,N0676,Industrial Fire,None,Critical,Strong Wind,137.4,111,R01530,1,South,Shelter
INC04905,N1984,Explosion,None,High,Strong Wind,153.3,89,R00230,5,East,Shelter
INC04906,N1699,Toxic Gas Release,Sulfur Dioxide,Critical,Calm,51.3,5,R03769,4,West,Evacuate
INC04907,N1112,Vehicle Chemical Spill,Hydrogen Sulfide,High,Moderate Wind,250.2,53,R02038,2,South,Medical_Response
INC04908,N1944,Chemical Leak,Ammonia,High,Moderate Wind,240.7,23,R00622;R02782,1,East,Evacuate
INC04909,N0678,Vehicle Chemical Spill,Chlorine,Moderate,Calm,344.5,107,R01956,4,South,Shelter
INC04910,N0222,Industrial Fire,None,Moderate,Strong Wind,371.0,64,R01840;R00609,1,North,Medical_Response
INC04911,N0509,Toxic Gas Release,Hydrogen Sulfide,High,Calm,99.4,75,R04345;R01579;R02615,1,East,Road_Closure
INC04912,N1597,Explosion,None,High,Moderate Wind,108.6,94,R02915;R02241;R01388,4,East,Evacuate
INC04913,N1920,Storage Tank Leak,Nitrogen Dioxide,High,Moderate Wind,323.3,10,R02456;R04723;R01202;R02031;R02472,4,Southwest,Evacuate
INC04914,N1432,Explosion,None,High,Calm,402.0,49,R00636;R04122,3,Northwest,Reroute
INC04915,N0916,Industrial Fire,None,High,Light Wind,148.7,57,R04587,2,South,Emergency_Response
INC04916,N1509,Storage Tank Leak,Sulfur Dioxide,Moderate,Strong Wind,246.8,33,R02155,4,South,Reroute
INC04917,N0765,Fire,None,High,Calm,439.4,16,R01771,1,East,Reroute
INC04918,N0293,Pipeline Leak,Ammonia,High,Light Wind,46.7,9,R01707,3,Northeast,Emergency_Response
INC04919,N0101,Vehicle Chemical Spill,Ammonia,Moderate,Moderate Wind,275.5,56,R02334;R04625;R04145,4,East,Emergency_Response
INC04920,N0932,Vehicle Chemical Spill,Nitrogen Dioxide,Critical,Calm,278.1,15,R02867;R03565;R01346,2,Northwest,Evacuate
INC04921,N0493,Vehicle Chemical Spill,Ammonia,Critical,Moderate Wind,104.6,108,R03568,4,Northwest,Emergency_Response
INC04922,N0810,Toxic Gas Release,Ammonia,Moderate,Light Wind,204.1,87,R02701;R00815,3,South,Emergency_Response
INC04923,N1144,Pipeline Leak,Sulfur Dioxide,High,Strong Wind,52.3,40,R00101,5,Northeast,Evacuate
INC04924,N1513,Fire,None,Critical,Moderate Wind,250.2,14,R01889,3,Northwest,Road_Closure
INC04925,N0313,Fire,None,High,Calm,85.6,48,R01305;R04237,2,South,Emergency_Response
INC04926,N0994,Chemical Leak,Chlorine,Moderate,Strong Wind,187.3,92,R02443,3,North,Reroute
INC04927,N1901,Explosion,None,Moderate,Light Wind,286.5,72,R03043,2,South,Medical_Response
INC04928,N1613,Explosion,None,Critical,Moderate Wind,200.9,4,R03199,4,Southeast,Evacuate
INC04929,N0759,Industrial Fire,None,Critical,Moderate Wind,239.7,56,R04549;R01025,5,Southeast,Road_Closure
INC04930,N0252,Pipeline Leak,Sulfur Dioxide,Moderate,Calm,230.0,73,R03209;R03384,5,Southwest,Medical_Response
INC04931,N0403,Storage Tank Leak,Chlorine,Critical,Light Wind,18.4,27,R01352;R01060,5,South,Medical_Response
INC04932,N1793,Fire,None,High,Strong Wind,287.0,90,R00503;R02145,1,Southwest,Medical_Response
INC04933,N1358,Industrial Fire,None,Moderate,Light Wind,479.2,8,R03911;R02296;R03847,3,Southeast,Reroute
INC04934,N0859,Toxic Gas Release,Hydrogen Sulfide,Moderate,Light Wind,92.6,50,R04676;R02041;R03715,3,Southeast,Reroute
INC04935,N1593,Industrial Fire,None,Moderate,Calm,38.8,92,R04574;R01708;R03378,3,Northeast,Medical_Response
INC04936,N1799,Vehicle Chemical Spill,Nitrogen Dioxide,Critical,Calm,53.3,29,R01230;R03644,1,South,Shelter
INC04937,N0399,Explosion,None,High,Strong Wind,165.7,28,R01139;R02906;R02130,3,Northwest,Road_Closure
INC04938,N0724,Industrial Fire,None,Critical,Calm,421.9,43,R01755;R02467,5,South,Reroute
INC04939,N1227,Industrial Fire,None,High,Moderate Wind,191.6,39,R01148;R01615,1,Southwest,Evacuate
INC04940,N0068,Toxic Gas Release,Ammonia,Moderate,Calm,196.4,21,R03905,1,West,Emergency_Response
INC04941,N0862,Chemical Leak,Chlorine,High,Strong Wind,103.9,62,R02018,1,Northeast,Road_Closure
INC04942,N1587,Storage Tank Leak,Chlorine,High,Strong Wind,282.7,106,R00510,2,Northwest,Evacuate
INC04943,N0775,Vehicle Chemical Spill,Nitrogen Dioxide,High,Light Wind,195.3,11,R03324,5,West,Medical_Response
INC04944,N0749,Explosion,None,Critical,Calm,477.8,24,R02925;R01341;R01796,4,East,Road_Closure
INC04945,N1139,Chemical Leak,Nitrogen Dioxide,Critical,Light Wind,416.6,47,R00329,5,Southeast,Emergency_Response
INC04946,N1583,Industrial Fire,None,High,Moderate Wind,324.4,110,R00003;R00170;R00991;R02315,5,North,Road_Closure
INC04947,N1914,Pipeline Leak,Ammonia,Critical,Strong Wind,40.2,7,R03834;R03273;R01018;R01173,4,West,Medical_Response
INC04948,N1420,Vehicle Chemical Spill,Ammonia,Critical,Moderate Wind,312.3,42,R03329,5,Southeast,Medical_Response
INC04949,N0869,Storage Tank Leak,Chlorine,Critical,Light Wind,214.0,70,R01264;R04684,2,Southwest,Reroute
INC04950,N0914,Chemical Leak,Sulfur Dioxide,Critical,Calm,264.5,30,R00611;R00033,5,Southwest,Shelter
INC04951,N1505,Chemical Leak,Ammonia,Low,Moderate Wind,88.4,61,R00765,2,West,Medical_Response
INC04952,N1983,Vehicle Chemical Spill,Nitrogen Dioxide,Moderate,Moderate Wind,334.6,114,R01100;R01043;R00952;R00036;R00326,4,North,Shelter
INC04953,N0072,Explosion,None,Low,Moderate Wind,356.5,31,R03353,3,Southwest,Reroute
INC04954,N1546,Pipeline Leak,Chlorine,High,Strong Wind,214.0,75,R04390;R00779,2,West,Shelter
INC04955,N1380,Toxic Gas Release,Nitrogen Dioxide,Critical,Light Wind,115.8,60,R01471,5,West,Shelter
INC04956,N1048,Explosion,None,Critical,Strong Wind,52.6,25,R04775;R01460,4,East,Reroute
INC04957,N0713,Toxic Gas Release,Chlorine,Low,Strong Wind,399.7,82,R01860,5,Northwest,Emergency_Response
INC04958,N1670,Explosion,None,High,Calm,210.3,44,R01672,1,Southeast,Emergency_Response
INC04959,N1020,Chemical Leak,Sulfur Dioxide,Critical,Strong Wind,42.5,14,R04197;R04131;R03735,2,Southwest,Reroute
INC04960,N0981,Storage Tank Leak,Sulfur Dioxide,High,Moderate Wind,245.6,24,R00001;R03440,5,West,Medical_Response
INC04961,N1389,Vehicle Chemical Spill,Sulfur Dioxide,High,Strong Wind,84.5,91,R01316,4,South,Medical_Response
INC04962,N1184,Explosion,None,High,Calm,385.9,17,R00987,5,East,Medical_Response
INC04963,N0156,Vehicle Chemical Spill,Nitrogen Dioxide,High,Calm,240.6,70,R03207;R04319;R01271,5,Northwest,Evacuate
INC04964,N0812,Pipeline Leak,Hydrogen Sulfide,High,Calm,305.4,49,R00999,3,Northwest,Reroute
INC04965,N0634,Toxic Gas Release,Sulfur Dioxide,High,Light Wind,78.8,71,R00366;R03702;R02840;R04284;R00750,3,West,Emergency_Response
INC04966,N0348,Industrial Fire,None,Moderate,Light Wind,240.5,91,R01073;R02193;R04638,2,West,Road_Closure
INC04967,N0004,Toxic Gas Release,Ammonia,High,Calm,120.0,78,R02819,1,East,Shelter
INC04968,N0834,Industrial Fire,None,High,Moderate Wind,25.8,32,R02026;R00800,2,North,Reroute
INC04969,N0076,Explosion,None,High,Moderate Wind,450.7,98,R00490,3,Northwest,Shelter
INC04970,N1355,Fire,None,Moderate,Moderate Wind,160.6,118,R00501;R01283;R04371;R04421;R02439,5,West,Evacuate
INC04971,N1881,Toxic Gas Release,Hydrogen Sulfide,Critical,Light Wind,302.6,75,R02741,1,Northwest,Reroute
INC04972,N1636,Explosion,None,High,Strong Wind,201.6,111,R00900,4,Northwest,Medical_Response
INC04973,N1736,Explosion,None,Critical,Calm,355.8,59,R02732;R01524;R04141,2,North,Reroute
INC04974,N1148,Explosion,None,High,Light Wind,134.3,4,R02020,5,East,Medical_Response
INC04975,N0763,Chemical Leak,Sulfur Dioxide,High,Moderate Wind,187.8,2,R04447;R03327;R02566,3,Northwest,Shelter
INC04976,N1799,Chemical Leak,Ammonia,Moderate,Light Wind,64.8,97,R00178;R02470;R00508,5,East,Shelter
INC04977,N1283,Pipeline Leak,Nitrogen Dioxide,Moderate,Light Wind,30.6,46,R04169;R04245,3,South,Reroute
INC04978,N1991,Storage Tank Leak,Sulfur Dioxide,Moderate,Light Wind,96.3,61,R00739;R01437,5,Northeast,Evacuate
INC04979,N0933,Industrial Fire,None,High,Strong Wind,55.8,51,R02560;R03915;R01725;R01660;R01639,3,East,Road_Closure
INC04980,N1344,Industrial Fire,None,Moderate,Strong Wind,137.2,17,R02700;R04202;R02652;R01669,1,North,Reroute
INC04981,N1123,Storage Tank Leak,Hydrogen Sulfide,High,Light Wind,225.4,43,R04757;R03198,4,Northwest,Reroute
INC04982,N1513,Chemical Leak,Ammonia,Moderate,Moderate Wind,144.0,9,R03487,1,North,Reroute
INC04983,N0367,Chemical Leak,Nitrogen Dioxide,High,Moderate Wind,428.2,62,R03050;R00370;R03730;R03280;R01699,1,Southwest,Shelter
INC04984,N1417,Pipeline Leak,Sulfur Dioxide,High,Light Wind,397.1,49,R01575,4,South,Road_Closure
INC04985,N0614,Industrial Fire,None,High,Calm,428.8,85,R00570,5,North,Reroute
INC04986,N1227,Fire,None,Moderate,Moderate Wind,459.4,55,R00369,2,Northwest,Emergency_Response
INC04987,N1977,Pipeline Leak,Sulfur Dioxide,Moderate,Calm,191.6,97,R01063,1,North,Reroute
INC04988,N0637,Toxic Gas Release,Nitrogen Dioxide,Critical,Calm,414.4,115,R00159,1,Northwest,Medical_Response
INC04989,N1309,Chemical Leak,Chlorine,Critical,Calm,24.9,5,R03188,3,Southwest,Reroute
INC04990,N0339,Fire,None,Low,Moderate Wind,25.7,85,R00950,3,Northwest,Road_Closure
INC04991,N1910,Pipeline Leak,Sulfur Dioxide,Low,Strong Wind,40.9,105,R03885,4,South,Medical_Response
INC04992,N1067,Industrial Fire,None,High,Light Wind,292.0,71,R01828,4,East,Medical_Response
INC04993,N1662,Explosion,None,Low,Moderate Wind,43.4,88,R02421;R02405,2,East,Shelter
INC04994,N1390,Chemical Leak,Hydrogen Sulfide,High,Moderate Wind,287.6,106,R01532;R02235;R00330,3,South,Medical_Response
INC04995,N1637,Pipeline Leak,Nitrogen Dioxide,Low,Moderate Wind,25.0,96,R04072;R01524;R01620,2,Southwest,Evacuate
INC04996,N1396,Pipeline Leak,Ammonia,Moderate,Moderate Wind,357.3,68,R00123;R03186,3,South,Evacuate
INC04997,N0341,Industrial Fire,None,Moderate,Strong Wind,408.0,96,R01330;R02523,2,West,Shelter
INC04998,N1217,Fire,None,Critical,Light Wind,11.0,89,R00834;R02948,3,North,Shelter
INC04999,N1595,Toxic Gas Release,Chlorine,High,Light Wind,46.2,69,R02723;R00135,2,East,Evacuate
INC05000,N1301,Explosion,None,Low,Light Wind,442.2,67,R04507;R02653;R03291;R02353,2,East,Reroute
